{
    "total_node_number": 10,
    "probability_of_edge": 0.4,
    "time": {
        "request": 7028.0,
        "reply": 12958.0,
        "forwarding": 939.75
    },
    "request_message_count": 23,
    "route": [
        {
            "name": "Shortest Path",
            "route_node_count": 2,
            "route": [
                0,
                9
            ]
        },
        {
            "name": "DSRAlgorithm Path",
            "route_node_count": 2,
            "route": [
                0,
                9
            ]
        }
    ],
    "edges": [
        [
            0,
            4
        ],
        [
            0,
            5
        ],
        [
            0,
            9
        ],
        [
            1,
            2
        ],
        [
            1,
            3
        ],
        [
            1,
            4
        ],
        [
            3,
            4
        ],
        [
            3,
            5
        ],
        [
            4,
            8
        ],
        [
            5,
            6
        ],
        [
            5,
            8
        ],
        [
            5,
            9
        ],
        [
            7,
            9
        ],
        [
            8,
            9
        ]
    ]
}