{
    "total_node_number": 20,
    "probability_of_edge": 0.1,
    "time": {
        "request": 2000.25,
        "reply": 5999.75,
        "forwarding": 0.0
    },
    "request_message_count": 44,
    "route": [
        {
            "name": "Shortest Path",
            "route_node_count": 3,
            "route": [
                0,
                4,
                19
            ]
        },
        {
            "name": "DSRAlgorithm Path",
            "route_node_count": 3,
            "route": [
                0,
                4,
                19
            ]
        }
    ],
    "edges": [
        [
            0,
            4
        ],
        [
            0,
            9
        ],
        [
            0,
            18
        ],
        [
            1,
            6
        ],
        [
            1,
            7
        ],
        [
            1,
            13
        ],
        [
            1,
            15
        ],
        [
            1,
            17
        ],
        [
            2,
            9
        ],
        [
            2,
            17
        ],
        [
            3,
            9
        ],
        [
            4,
            7
        ],
        [
            4,
            19
        ],
        [
            5,
            10
        ],
        [
            5,
            18
        ],
        [
            6,
            13
        ],
        [
            8,
            9
        ],
        [
            9,
            11
        ],
        [
            9,
            15
        ],
        [
            12,
            18
        ],
        [
            13,
            14
        ],
        [
            15,
            17
        ],
        [
            16,
            19
        ],
        [
            18,
            19
        ]
    ]
}