{
    "total_node_number": 20,
    "probability_of_edge": 0.2,
    "time": {
        "request": 5000.0,
        "reply": 7000.0,
        "forwarding": 0.0
    },
    "request_message_count": 66,
    "route": [
        {
            "name": "Shortest Path",
            "route_node_count": 3,
            "route": [
                0,
                8,
                19
            ]
        },
        {
            "name": "DSRAlgorithm Path",
            "route_node_count": 3,
            "route": [
                0,
                8,
                19
            ]
        }
    ],
    "edges": [
        [
            0,
            2
        ],
        [
            0,
            8
        ],
        [
            0,
            13
        ],
        [
            1,
            2
        ],
        [
            1,
            5
        ],
        [
            1,
            6
        ],
        [
            1,
            14
        ],
        [
            2,
            6
        ],
        [
            2,
            11
        ],
        [
            2,
            14
        ],
        [
            2,
            15
        ],
        [
            3,
            7
        ],
        [
            3,
            12
        ],
        [
            3,
            19
        ],
        [
            4,
            6
        ],
        [
            4,
            11
        ],
        [
            4,
            16
        ],
        [
            5,
            10
        ],
        [
            5,
            15
        ],
        [
            5,
            19
        ],
        [
            6,
            16
        ],
        [
            7,
            8
        ],
        [
            8,
            9
        ],
        [
            8,
            13
        ],
        [
            8,
            18
        ],
        [
            8,
            19
        ],
        [
            9,
            10
        ],
        [
            10,
            11
        ],
        [
            10,
            17
        ],
        [
            10,
            19
        ],
        [
            11,
            18
        ],
        [
            12,
            15
        ],
        [
            12,
            17
        ],
        [
            13,
            18
        ],
        [
            15,
            16
        ]
    ]
}