{
    "total_node_number": 20,
    "probability_of_edge": 0.2,
    "time": {
        "request": 5000.5,
        "reply": 6999.75,
        "forwarding": 0.0
    },
    "request_message_count": 61,
    "route": [
        {
            "name": "Shortest Path",
            "route_node_count": 4,
            "route": [
                0,
                6,
                5,
                19
            ]
        },
        {
            "name": "DSRAlgorithm Path",
            "route_node_count": 4,
            "route": [
                0,
                15,
                3,
                19
            ]
        }
    ],
    "edges": [
        [
            0,
            2
        ],
        [
            0,
            6
        ],
        [
            0,
            15
        ],
        [
            1,
            2
        ],
        [
            1,
            16
        ],
        [
            2,
            7
        ],
        [
            2,
            11
        ],
        [
            2,
            13
        ],
        [
            2,
            14
        ],
        [
            2,
            18
        ],
        [
            3,
            4
        ],
        [
            3,
            13
        ],
        [
            3,
            14
        ],
        [
            3,
            15
        ],
        [
            3,
            19
        ],
        [
            4,
            9
        ],
        [
            5,
            6
        ],
        [
            5,
            8
        ],
        [
            5,
            19
        ],
        [
            6,
            9
        ],
        [
            6,
            18
        ],
        [
            7,
            9
        ],
        [
            9,
            11
        ],
        [
            10,
            12
        ],
        [
            10,
            14
        ],
        [
            11,
            13
        ],
        [
            11,
            17
        ],
        [
            12,
            16
        ],
        [
            13,
            14
        ],
        [
            13,
            17
        ],
        [
            14,
            16
        ],
        [
            16,
            19
        ]
    ]
}