{
    "total_node_number": 20,
    "probability_of_edge": 0.2,
    "time": {
        "request": 4997.25,
        "reply": 8000.5,
        "forwarding": 998.75
    },
    "request_message_count": 61,
    "route": [
        {
            "name": "Shortest Path",
            "route_node_count": 4,
            "route": [
                0,
                13,
                7,
                19
            ]
        },
        {
            "name": "DSRAlgorithm Path",
            "route_node_count": 4,
            "route": [
                0,
                13,
                7,
                19
            ]
        }
    ],
    "edges": [
        [
            0,
            13
        ],
        [
            1,
            13
        ],
        [
            1,
            15
        ],
        [
            2,
            4
        ],
        [
            2,
            16
        ],
        [
            2,
            18
        ],
        [
            3,
            12
        ],
        [
            3,
            14
        ],
        [
            3,
            16
        ],
        [
            4,
            11
        ],
        [
            4,
            17
        ],
        [
            5,
            6
        ],
        [
            5,
            10
        ],
        [
            5,
            14
        ],
        [
            6,
            7
        ],
        [
            6,
            11
        ],
        [
            6,
            13
        ],
        [
            7,
            12
        ],
        [
            7,
            13
        ],
        [
            7,
            15
        ],
        [
            7,
            19
        ],
        [
            8,
            13
        ],
        [
            9,
            10
        ],
        [
            9,
            16
        ],
        [
            9,
            17
        ],
        [
            9,
            19
        ],
        [
            10,
            15
        ],
        [
            11,
            19
        ],
        [
            12,
            16
        ],
        [
            13,
            14
        ],
        [
            16,
            17
        ],
        [
            16,
            19
        ],
        [
            17,
            19
        ]
    ]
}