{
    "total_node_number": 10,
    "probability_of_edge": 0.4,
    "time": {
        "request": 21981.5,
        "reply": 7028.5,
        "forwarding": 3755.0
    },
    "request_message_count": 22,
    "route": [
        {
            "name": "Shortest Path",
            "route_node_count": 3,
            "route": [
                0,
                4,
                9
            ]
        },
        {
            "name": "DSRAlgorithm Path",
            "route_node_count": 5,
            "route": [
                0,
                5,
                8,
                2,
                9
            ]
        }
    ],
    "edges": [
        [
            0,
            3
        ],
        [
            0,
            4
        ],
        [
            0,
            5
        ],
        [
            0,
            8
        ],
        [
            1,
            3
        ],
        [
            1,
            4
        ],
        [
            2,
            5
        ],
        [
            2,
            8
        ],
        [
            2,
            9
        ],
        [
            4,
            9
        ],
        [
            5,
            7
        ],
        [
            5,
            8
        ],
        [
            6,
            9
        ]
    ]
}