{
    "total_node_number": 10,
    "probability_of_edge": 0.4,
    "time": {
        "request": 8037.0,
        "reply": 19190.75,
        "forwarding": 1949.5
    },
    "request_message_count": 27,
    "route": [
        {
            "name": "Shortest Path",
            "route_node_count": 3,
            "route": [
                0,
                1,
                9
            ]
        },
        {
            "name": "DSRAlgorithm Path",
            "route_node_count": 3,
            "route": [
                0,
                1,
                9
            ]
        }
    ],
    "edges": [
        [
            0,
            1
        ],
        [
            0,
            6
        ],
        [
            0,
            7
        ],
        [
            0,
            8
        ],
        [
            1,
            9
        ],
        [
            2,
            6
        ],
        [
            2,
            7
        ],
        [
            2,
            9
        ],
        [
            3,
            7
        ],
        [
            3,
            8
        ],
        [
            4,
            6
        ],
        [
            4,
            7
        ],
        [
            5,
            6
        ],
        [
            6,
            8
        ],
        [
            6,
            9
        ]
    ]
}