{
    "total_node_number": 20,
    "probability_of_edge": 0.1,
    "time": {
        "request": 7000.5,
        "reply": 2000.0,
        "forwarding": 1000.5
    },
    "request_message_count": 45,
    "route": [
        {
            "name": "Shortest Path",
            "route_node_count": 5,
            "route": [
                0,
                5,
                10,
                12,
                19
            ]
        },
        {
            "name": "DSRAlgorithm Path",
            "route_node_count": 5,
            "route": [
                0,
                17,
                10,
                12,
                19
            ]
        }
    ],
    "edges": [
        [
            0,
            5
        ],
        [
            0,
            15
        ],
        [
            0,
            17
        ],
        [
            1,
            17
        ],
        [
            2,
            12
        ],
        [
            3,
            13
        ],
        [
            4,
            6
        ],
        [
            4,
            7
        ],
        [
            5,
            10
        ],
        [
            6,
            8
        ],
        [
            6,
            15
        ],
        [
            6,
            17
        ],
        [
            8,
            13
        ],
        [
            9,
            14
        ],
        [
            9,
            15
        ],
        [
            10,
            12
        ],
        [
            10,
            17
        ],
        [
            11,
            14
        ],
        [
            11,
            16
        ],
        [
            12,
            13
        ],
        [
            12,
            18
        ],
        [
            12,
            19
        ],
        [
            14,
            15
        ]
    ]
}