{
    "total_node_number": 20,
    "probability_of_edge": 0.1,
    "time": {
        "request": 6001.25,
        "reply": 6000.25,
        "forwarding": 0.0
    },
    "request_message_count": 51,
    "route": [
        {
            "name": "Shortest Path",
            "route_node_count": 4,
            "route": [
                0,
                18,
                14,
                19
            ]
        },
        {
            "name": "DSRAlgorithm Path",
            "route_node_count": 4,
            "route": [
                0,
                18,
                14,
                19
            ]
        }
    ],
    "edges": [
        [
            0,
            8
        ],
        [
            0,
            18
        ],
        [
            1,
            2
        ],
        [
            1,
            7
        ],
        [
            1,
            14
        ],
        [
            1,
            15
        ],
        [
            3,
            13
        ],
        [
            3,
            16
        ],
        [
            4,
            5
        ],
        [
            4,
            13
        ],
        [
            5,
            17
        ],
        [
            6,
            11
        ],
        [
            6,
            13
        ],
        [
            6,
            15
        ],
        [
            8,
            12
        ],
        [
            9,
            15
        ],
        [
            9,
            18
        ],
        [
            10,
            12
        ],
        [
            11,
            15
        ],
        [
            12,
            14
        ],
        [
            12,
            16
        ],
        [
            12,
            18
        ],
        [
            13,
            17
        ],
        [
            13,
            18
        ],
        [
            14,
            18
        ],
        [
            14,
            19
        ]
    ]
}