{
    "total_node_number": 10,
    "probability_of_edge": 0.2,
    "time": {
        "request": 5996.5,
        "reply": 6997.25,
        "forwarding": 999.75
    },
    "request_message_count": 25,
    "route": [
        {
            "name": "Shortest Path",
            "route_node_count": 3,
            "route": [
                0,
                3,
                9
            ]
        },
        {
            "name": "DSRAlgorithm Path",
            "route_node_count": 3,
            "route": [
                0,
                3,
                9
            ]
        }
    ],
    "edges": [
        [
            0,
            3
        ],
        [
            0,
            6
        ],
        [
            0,
            8
        ],
        [
            1,
            2
        ],
        [
            1,
            5
        ],
        [
            1,
            7
        ],
        [
            1,
            8
        ],
        [
            1,
            9
        ],
        [
            2,
            7
        ],
        [
            2,
            9
        ],
        [
            3,
            4
        ],
        [
            3,
            5
        ],
        [
            3,
            9
        ],
        [
            4,
            6
        ]
    ]
}