{
    "total_node_number": 20,
    "probability_of_edge": 0.1,
    "time": {
        "request": 3999.25,
        "reply": 6000.5,
        "forwarding": 0.0
    },
    "request_message_count": 49,
    "route": [
        {
            "name": "Shortest Path",
            "route_node_count": 3,
            "route": [
                0,
                5,
                19
            ]
        },
        {
            "name": "DSRAlgorithm Path",
            "route_node_count": 3,
            "route": [
                0,
                5,
                19
            ]
        }
    ],
    "edges": [
        [
            0,
            2
        ],
        [
            0,
            5
        ],
        [
            0,
            16
        ],
        [
            0,
            18
        ],
        [
            1,
            13
        ],
        [
            2,
            11
        ],
        [
            3,
            8
        ],
        [
            3,
            10
        ],
        [
            3,
            16
        ],
        [
            4,
            12
        ],
        [
            5,
            6
        ],
        [
            5,
            7
        ],
        [
            5,
            14
        ],
        [
            5,
            19
        ],
        [
            6,
            11
        ],
        [
            7,
            16
        ],
        [
            7,
            18
        ],
        [
            8,
            10
        ],
        [
            8,
            12
        ],
        [
            8,
            13
        ],
        [
            8,
            14
        ],
        [
            8,
            16
        ],
        [
            9,
            19
        ],
        [
            11,
            15
        ],
        [
            11,
            18
        ],
        [
            13,
            17
        ]
    ]
}