{
    "total_node_number": 10,
    "probability_of_edge": 0.4,
    "time": {
        "request": 7003.0,
        "reply": 15925.5,
        "forwarding": 3954.0
    },
    "request_message_count": 30,
    "route": [
        {
            "name": "Shortest Path",
            "route_node_count": 3,
            "route": [
                0,
                2,
                9
            ]
        },
        {
            "name": "DSRAlgorithm Path",
            "route_node_count": 3,
            "route": [
                0,
                2,
                9
            ]
        }
    ],
    "edges": [
        [
            0,
            2
        ],
        [
            0,
            5
        ],
        [
            0,
            7
        ],
        [
            1,
            2
        ],
        [
            1,
            3
        ],
        [
            1,
            6
        ],
        [
            1,
            7
        ],
        [
            2,
            6
        ],
        [
            2,
            8
        ],
        [
            2,
            9
        ],
        [
            3,
            7
        ],
        [
            4,
            5
        ],
        [
            4,
            6
        ],
        [
            4,
            7
        ],
        [
            6,
            8
        ],
        [
            6,
            9
        ]
    ]
}