{
    "total_node_number": 10,
    "probability_of_edge": 0.2,
    "time": {
        "request": 2957.0,
        "reply": 9994.0,
        "forwarding": 1017.5
    },
    "request_message_count": 20,
    "route": [
        {
            "name": "Shortest Path",
            "route_node_count": 2,
            "route": [
                0,
                9
            ]
        },
        {
            "name": "DSRAlgorithm Path",
            "route_node_count": 2,
            "route": [
                0,
                9
            ]
        }
    ],
    "edges": [
        [
            0,
            5
        ],
        [
            0,
            6
        ],
        [
            0,
            9
        ],
        [
            1,
            5
        ],
        [
            2,
            3
        ],
        [
            3,
            6
        ],
        [
            3,
            8
        ],
        [
            4,
            6
        ],
        [
            5,
            7
        ],
        [
            5,
            9
        ],
        [
            7,
            8
        ]
    ]
}