{
    "total_node_number": 20,
    "probability_of_edge": 0.1,
    "time": {
        "request": 3001.25,
        "reply": 3999.75,
        "forwarding": 1003.75
    },
    "request_message_count": 39,
    "route": [
        {
            "name": "Shortest Path",
            "route_node_count": 4,
            "route": [
                0,
                1,
                11,
                19
            ]
        },
        {
            "name": "DSRAlgorithm Path",
            "route_node_count": 4,
            "route": [
                0,
                1,
                11,
                19
            ]
        }
    ],
    "edges": [
        [
            0,
            1
        ],
        [
            1,
            5
        ],
        [
            1,
            11
        ],
        [
            1,
            13
        ],
        [
            2,
            9
        ],
        [
            2,
            10
        ],
        [
            2,
            19
        ],
        [
            3,
            4
        ],
        [
            3,
            16
        ],
        [
            4,
            15
        ],
        [
            5,
            12
        ],
        [
            6,
            9
        ],
        [
            6,
            15
        ],
        [
            7,
            15
        ],
        [
            8,
            10
        ],
        [
            8,
            11
        ],
        [
            10,
            19
        ],
        [
            11,
            17
        ],
        [
            11,
            19
        ],
        [
            12,
            14
        ],
        [
            14,
            18
        ]
    ]
}