{
    "total_node_number": 20,
    "probability_of_edge": 0.2,
    "time": {
        "request": 13000.5,
        "reply": 2000.5,
        "forwarding": 1001.5
    },
    "request_message_count": 69,
    "route": [
        {
            "name": "Shortest Path",
            "route_node_count": 4,
            "route": [
                0,
                13,
                15,
                19
            ]
        },
        {
            "name": "DSRAlgorithm Path",
            "route_node_count": 4,
            "route": [
                0,
                13,
                15,
                19
            ]
        }
    ],
    "edges": [
        [
            0,
            3
        ],
        [
            0,
            5
        ],
        [
            0,
            6
        ],
        [
            0,
            10
        ],
        [
            0,
            13
        ],
        [
            0,
            18
        ],
        [
            1,
            3
        ],
        [
            1,
            9
        ],
        [
            2,
            5
        ],
        [
            2,
            17
        ],
        [
            2,
            18
        ],
        [
            3,
            4
        ],
        [
            3,
            8
        ],
        [
            3,
            16
        ],
        [
            4,
            7
        ],
        [
            4,
            13
        ],
        [
            4,
            17
        ],
        [
            5,
            9
        ],
        [
            6,
            12
        ],
        [
            7,
            8
        ],
        [
            7,
            18
        ],
        [
            8,
            14
        ],
        [
            8,
            16
        ],
        [
            10,
            14
        ],
        [
            10,
            16
        ],
        [
            11,
            13
        ],
        [
            11,
            14
        ],
        [
            11,
            18
        ],
        [
            12,
            15
        ],
        [
            13,
            15
        ],
        [
            13,
            17
        ],
        [
            14,
            17
        ],
        [
            14,
            18
        ],
        [
            15,
            19
        ],
        [
            16,
            17
        ]
    ]
}