{
    "total_node_number": 10,
    "probability_of_edge": 0.2,
    "time": {
        "request": 5995.25,
        "reply": 1999.5,
        "forwarding": 1008.5
    },
    "request_message_count": 18,
    "route": [
        {
            "name": "Shortest Path",
            "route_node_count": 4,
            "route": [
                0,
                3,
                8,
                9
            ]
        },
        {
            "name": "DSRAlgorithm Path",
            "route_node_count": 4,
            "route": [
                0,
                3,
                8,
                9
            ]
        }
    ],
    "edges": [
        [
            0,
            2
        ],
        [
            0,
            3
        ],
        [
            0,
            4
        ],
        [
            1,
            6
        ],
        [
            1,
            9
        ],
        [
            2,
            5
        ],
        [
            3,
            8
        ],
        [
            4,
            6
        ],
        [
            5,
            7
        ],
        [
            8,
            9
        ]
    ]
}