{
    "total_node_number": 10,
    "probability_of_edge": 0.2,
    "time": {
        "request": 3002.75,
        "reply": 6998.75,
        "forwarding": 2999.5
    },
    "request_message_count": 27,
    "route": [
        {
            "name": "Shortest Path",
            "route_node_count": 2,
            "route": [
                0,
                9
            ]
        },
        {
            "name": "DSRAlgorithm Path",
            "route_node_count": 2,
            "route": [
                0,
                9
            ]
        }
    ],
    "edges": [
        [
            0,
            5
        ],
        [
            0,
            9
        ],
        [
            1,
            3
        ],
        [
            2,
            4
        ],
        [
            2,
            5
        ],
        [
            2,
            6
        ],
        [
            3,
            8
        ],
        [
            3,
            9
        ],
        [
            4,
            7
        ],
        [
            4,
            8
        ],
        [
            4,
            9
        ],
        [
            5,
            6
        ],
        [
            5,
            7
        ],
        [
            5,
            8
        ],
        [
            6,
            7
        ]
    ]
}