{
    "total_node_number": 30,
    "probability_of_edge": 0.06666666666666667,
    "time": {
        "request": 5022.75,
        "reply": 10001.0,
        "forwarding": 5826.75
    },
    "request_message_count": 51,
    "route": [
        {
            "name": "Shortest Path",
            "route_node_count": 3,
            "route": [
                0,
                4,
                29
            ]
        },
        {
            "name": "DSRAlgorithm Path",
            "route_node_count": 3,
            "route": [
                0,
                4,
                29
            ]
        }
    ],
    "edges": [
        [
            0,
            4
        ],
        [
            0,
            20
        ],
        [
            0,
            24
        ],
        [
            1,
            3
        ],
        [
            1,
            13
        ],
        [
            1,
            16
        ],
        [
            1,
            22
        ],
        [
            2,
            17
        ],
        [
            2,
            24
        ],
        [
            3,
            5
        ],
        [
            4,
            29
        ],
        [
            6,
            20
        ],
        [
            7,
            14
        ],
        [
            7,
            22
        ],
        [
            8,
            16
        ],
        [
            9,
            11
        ],
        [
            10,
            22
        ],
        [
            11,
            13
        ],
        [
            12,
            24
        ],
        [
            15,
            28
        ],
        [
            15,
            29
        ],
        [
            16,
            24
        ],
        [
            17,
            20
        ],
        [
            18,
            20
        ],
        [
            19,
            25
        ],
        [
            20,
            27
        ],
        [
            21,
            22
        ],
        [
            22,
            26
        ],
        [
            22,
            27
        ],
        [
            23,
            28
        ],
        [
            25,
            29
        ]
    ]
}