{
    "total_node_number": 10,
    "probability_of_edge": 0.4,
    "time": {
        "request": 13925.0,
        "reply": 8986.75,
        "forwarding": 2996.5
    },
    "request_message_count": 28,
    "route": [
        {
            "name": "Shortest Path",
            "route_node_count": 3,
            "route": [
                0,
                6,
                9
            ]
        },
        {
            "name": "DSRAlgorithm Path",
            "route_node_count": 4,
            "route": [
                0,
                2,
                1,
                9
            ]
        }
    ],
    "edges": [
        [
            0,
            2
        ],
        [
            0,
            6
        ],
        [
            1,
            2
        ],
        [
            1,
            6
        ],
        [
            1,
            8
        ],
        [
            1,
            9
        ],
        [
            2,
            3
        ],
        [
            2,
            6
        ],
        [
            3,
            4
        ],
        [
            3,
            9
        ],
        [
            4,
            6
        ],
        [
            4,
            7
        ],
        [
            5,
            7
        ],
        [
            6,
            7
        ],
        [
            6,
            9
        ],
        [
            7,
            9
        ]
    ]
}