{
    "total_node_number": 10,
    "probability_of_edge": 0.2,
    "time": {
        "request": 7010.5,
        "reply": 18932.5,
        "forwarding": 2999.5
    },
    "request_message_count": 21,
    "route": [
        {
            "name": "Shortest Path",
            "route_node_count": 3,
            "route": [
                0,
                1,
                9
            ]
        },
        {
            "name": "DSRAlgorithm Path",
            "route_node_count": 3,
            "route": [
                0,
                1,
                9
            ]
        }
    ],
    "edges": [
        [
            0,
            1
        ],
        [
            0,
            3
        ],
        [
            1,
            4
        ],
        [
            1,
            5
        ],
        [
            1,
            9
        ],
        [
            2,
            6
        ],
        [
            2,
            9
        ],
        [
            3,
            6
        ],
        [
            4,
            7
        ],
        [
            4,
            9
        ],
        [
            5,
            6
        ],
        [
            7,
            8
        ]
    ]
}