{
    "total_node_number": 20,
    "probability_of_edge": 0.1,
    "time": {
        "request": 2999.5,
        "reply": 7000.0,
        "forwarding": 0.0
    },
    "request_message_count": 51,
    "route": [
        {
            "name": "Shortest Path",
            "route_node_count": 3,
            "route": [
                0,
                8,
                19
            ]
        },
        {
            "name": "DSRAlgorithm Path",
            "route_node_count": 3,
            "route": [
                0,
                8,
                19
            ]
        }
    ],
    "edges": [
        [
            0,
            8
        ],
        [
            0,
            16
        ],
        [
            1,
            5
        ],
        [
            1,
            9
        ],
        [
            1,
            17
        ],
        [
            1,
            19
        ],
        [
            2,
            4
        ],
        [
            2,
            7
        ],
        [
            2,
            18
        ],
        [
            3,
            15
        ],
        [
            3,
            16
        ],
        [
            4,
            6
        ],
        [
            4,
            13
        ],
        [
            5,
            15
        ],
        [
            6,
            12
        ],
        [
            6,
            16
        ],
        [
            7,
            10
        ],
        [
            8,
            9
        ],
        [
            8,
            19
        ],
        [
            9,
            14
        ],
        [
            10,
            14
        ],
        [
            11,
            14
        ],
        [
            12,
            16
        ],
        [
            12,
            18
        ],
        [
            13,
            16
        ],
        [
            15,
            19
        ],
        [
            16,
            18
        ]
    ]
}