{
    "total_node_number": 10,
    "probability_of_edge": 0.4,
    "time": {
        "request": 32589.75,
        "reply": 6561.0,
        "forwarding": 3999.25
    },
    "request_message_count": 30,
    "route": [
        {
            "name": "Shortest Path",
            "route_node_count": 4,
            "route": [
                0,
                6,
                1,
                9
            ]
        },
        {
            "name": "DSRAlgorithm Path",
            "route_node_count": 5,
            "route": [
                0,
                6,
                8,
                5,
                9
            ]
        }
    ],
    "edges": [
        [
            0,
            3
        ],
        [
            0,
            6
        ],
        [
            1,
            4
        ],
        [
            1,
            6
        ],
        [
            1,
            8
        ],
        [
            1,
            9
        ],
        [
            2,
            3
        ],
        [
            2,
            6
        ],
        [
            3,
            7
        ],
        [
            3,
            8
        ],
        [
            4,
            5
        ],
        [
            5,
            8
        ],
        [
            5,
            9
        ],
        [
            6,
            7
        ],
        [
            6,
            8
        ],
        [
            7,
            8
        ]
    ]
}