{
    "total_node_number": 10,
    "probability_of_edge": 0.6,
    "time": {
        "request": 24961.25,
        "reply": 13816.75,
        "forwarding": 1134.25
    },
    "request_message_count": 45,
    "route": [
        {
            "name": "Shortest Path",
            "route_node_count": 3,
            "route": [
                0,
                3,
                9
            ]
        },
        {
            "name": "DSRAlgorithm Path",
            "route_node_count": 3,
            "route": [
                0,
                8,
                9
            ]
        }
    ],
    "edges": [
        [
            0,
            2
        ],
        [
            0,
            3
        ],
        [
            0,
            5
        ],
        [
            0,
            6
        ],
        [
            0,
            8
        ],
        [
            1,
            2
        ],
        [
            1,
            3
        ],
        [
            1,
            5
        ],
        [
            1,
            6
        ],
        [
            1,
            7
        ],
        [
            1,
            9
        ],
        [
            2,
            3
        ],
        [
            2,
            5
        ],
        [
            2,
            7
        ],
        [
            3,
            4
        ],
        [
            3,
            5
        ],
        [
            3,
            6
        ],
        [
            3,
            7
        ],
        [
            3,
            9
        ],
        [
            4,
            8
        ],
        [
            5,
            6
        ],
        [
            5,
            8
        ],
        [
            6,
            9
        ],
        [
            7,
            9
        ],
        [
            8,
            9
        ]
    ]
}