{
    "total_node_number": 20,
    "probability_of_edge": 0.1,
    "time": {
        "request": 7999.5,
        "reply": 2000.5,
        "forwarding": 0.0
    },
    "request_message_count": 53,
    "route": [
        {
            "name": "Shortest Path",
            "route_node_count": 4,
            "route": [
                0,
                18,
                9,
                19
            ]
        },
        {
            "name": "DSRAlgorithm Path",
            "route_node_count": 4,
            "route": [
                0,
                18,
                9,
                19
            ]
        }
    ],
    "edges": [
        [
            0,
            1
        ],
        [
            0,
            2
        ],
        [
            0,
            3
        ],
        [
            0,
            16
        ],
        [
            0,
            18
        ],
        [
            1,
            8
        ],
        [
            1,
            10
        ],
        [
            1,
            14
        ],
        [
            2,
            5
        ],
        [
            2,
            7
        ],
        [
            2,
            16
        ],
        [
            4,
            7
        ],
        [
            4,
            8
        ],
        [
            4,
            19
        ],
        [
            5,
            13
        ],
        [
            5,
            14
        ],
        [
            5,
            18
        ],
        [
            6,
            10
        ],
        [
            6,
            15
        ],
        [
            8,
            18
        ],
        [
            9,
            18
        ],
        [
            9,
            19
        ],
        [
            10,
            15
        ],
        [
            11,
            13
        ],
        [
            12,
            18
        ],
        [
            12,
            19
        ],
        [
            13,
            16
        ],
        [
            15,
            16
        ],
        [
            17,
            19
        ]
    ]
}