{
    "total_node_number": 10,
    "probability_of_edge": 0.4,
    "time": {
        "request": 5056.25,
        "reply": 18845.5,
        "forwarding": 998.0
    },
    "request_message_count": 27,
    "route": [
        {
            "name": "Shortest Path",
            "route_node_count": 2,
            "route": [
                0,
                9
            ]
        },
        {
            "name": "DSRAlgorithm Path",
            "route_node_count": 2,
            "route": [
                0,
                9
            ]
        }
    ],
    "edges": [
        [
            0,
            1
        ],
        [
            0,
            2
        ],
        [
            0,
            3
        ],
        [
            0,
            4
        ],
        [
            0,
            9
        ],
        [
            1,
            8
        ],
        [
            1,
            9
        ],
        [
            2,
            5
        ],
        [
            2,
            7
        ],
        [
            3,
            5
        ],
        [
            4,
            5
        ],
        [
            5,
            7
        ],
        [
            5,
            8
        ],
        [
            6,
            9
        ],
        [
            7,
            8
        ],
        [
            7,
            9
        ]
    ]
}