{
    "total_node_number": 10,
    "probability_of_edge": 0.2,
    "time": {
        "request": 6025.0,
        "reply": 4330.0,
        "forwarding": 3989.25
    },
    "request_message_count": 20,
    "route": [
        {
            "name": "Shortest Path",
            "route_node_count": 3,
            "route": [
                0,
                4,
                9
            ]
        },
        {
            "name": "DSRAlgorithm Path",
            "route_node_count": 3,
            "route": [
                0,
                4,
                9
            ]
        }
    ],
    "edges": [
        [
            0,
            4
        ],
        [
            0,
            5
        ],
        [
            1,
            3
        ],
        [
            1,
            9
        ],
        [
            2,
            3
        ],
        [
            3,
            7
        ],
        [
            4,
            9
        ],
        [
            5,
            8
        ],
        [
            5,
            9
        ],
        [
            6,
            8
        ],
        [
            7,
            8
        ],
        [
            7,
            9
        ]
    ]
}