{
    "total_node_number": 20,
    "probability_of_edge": 0.1,
    "time": {
        "request": 9997.0,
        "reply": 2999.5,
        "forwarding": 1998.75
    },
    "request_message_count": 51,
    "route": [
        {
            "name": "Shortest Path",
            "route_node_count": 9,
            "route": [
                0,
                4,
                8,
                18,
                6,
                1,
                2,
                5,
                19
            ]
        },
        {
            "name": "DSRAlgorithm Path",
            "route_node_count": 9,
            "route": [
                0,
                4,
                8,
                18,
                6,
                1,
                2,
                5,
                19
            ]
        }
    ],
    "edges": [
        [
            0,
            4
        ],
        [
            0,
            9
        ],
        [
            1,
            2
        ],
        [
            1,
            3
        ],
        [
            1,
            6
        ],
        [
            1,
            10
        ],
        [
            2,
            3
        ],
        [
            2,
            5
        ],
        [
            2,
            14
        ],
        [
            2,
            16
        ],
        [
            3,
            6
        ],
        [
            3,
            11
        ],
        [
            4,
            8
        ],
        [
            4,
            12
        ],
        [
            5,
            16
        ],
        [
            5,
            19
        ],
        [
            6,
            13
        ],
        [
            6,
            15
        ],
        [
            6,
            18
        ],
        [
            7,
            19
        ],
        [
            8,
            18
        ],
        [
            10,
            13
        ],
        [
            10,
            17
        ],
        [
            11,
            16
        ],
        [
            13,
            15
        ],
        [
            15,
            17
        ],
        [
            16,
            17
        ]
    ]
}