{
    "total_node_number": 10,
    "probability_of_edge": 0.4,
    "time": {
        "request": 18411.0,
        "reply": 7366.75,
        "forwarding": 2997.25
    },
    "request_message_count": 30,
    "route": [
        {
            "name": "Shortest Path",
            "route_node_count": 3,
            "route": [
                0,
                8,
                9
            ]
        },
        {
            "name": "DSRAlgorithm Path",
            "route_node_count": 4,
            "route": [
                0,
                6,
                2,
                9
            ]
        }
    ],
    "edges": [
        [
            0,
            1
        ],
        [
            0,
            6
        ],
        [
            0,
            7
        ],
        [
            0,
            8
        ],
        [
            1,
            4
        ],
        [
            1,
            5
        ],
        [
            1,
            6
        ],
        [
            2,
            6
        ],
        [
            2,
            9
        ],
        [
            3,
            5
        ],
        [
            4,
            8
        ],
        [
            5,
            6
        ],
        [
            5,
            7
        ],
        [
            6,
            7
        ],
        [
            6,
            8
        ],
        [
            8,
            9
        ]
    ]
}