{
    "total_node_number": 10,
    "probability_of_edge": 0.4,
    "time": {
        "request": 2996.75,
        "reply": 4101.75,
        "forwarding": 523.0
    },
    "request_message_count": 26,
    "route": [
        {
            "name": "Shortest Path",
            "route_node_count": 2,
            "route": [
                0,
                9
            ]
        },
        {
            "name": "DSRAlgorithm Path",
            "route_node_count": 2,
            "route": [
                0,
                9
            ]
        }
    ],
    "edges": [
        [
            0,
            5
        ],
        [
            0,
            6
        ],
        [
            0,
            7
        ],
        [
            0,
            9
        ],
        [
            1,
            3
        ],
        [
            1,
            4
        ],
        [
            1,
            5
        ],
        [
            1,
            8
        ],
        [
            2,
            5
        ],
        [
            3,
            5
        ],
        [
            3,
            8
        ],
        [
            4,
            6
        ],
        [
            6,
            8
        ],
        [
            6,
            9
        ]
    ]
}