{
    "total_node_number": 20,
    "probability_of_edge": 0.1,
    "time": {
        "request": 5999.25,
        "reply": 2999.5,
        "forwarding": 1000.25
    },
    "request_message_count": 37,
    "route": [
        {
            "name": "Shortest Path",
            "route_node_count": 6,
            "route": [
                0,
                17,
                1,
                3,
                8,
                19
            ]
        },
        {
            "name": "DSRAlgorithm Path",
            "route_node_count": 6,
            "route": [
                0,
                17,
                1,
                3,
                8,
                19
            ]
        }
    ],
    "edges": [
        [
            0,
            12
        ],
        [
            0,
            17
        ],
        [
            1,
            3
        ],
        [
            1,
            5
        ],
        [
            1,
            17
        ],
        [
            1,
            18
        ],
        [
            2,
            11
        ],
        [
            2,
            17
        ],
        [
            3,
            8
        ],
        [
            4,
            14
        ],
        [
            4,
            15
        ],
        [
            6,
            8
        ],
        [
            7,
            10
        ],
        [
            7,
            15
        ],
        [
            8,
            19
        ],
        [
            9,
            19
        ],
        [
            10,
            16
        ],
        [
            10,
            18
        ],
        [
            11,
            17
        ],
        [
            12,
            13
        ]
    ]
}