{
    "total_node_number": 20,
    "probability_of_edge": 0.1,
    "time": {
        "request": 8000.5,
        "reply": 3001.0,
        "forwarding": 1000.25
    },
    "request_message_count": 54,
    "route": [
        {
            "name": "Shortest Path",
            "route_node_count": 5,
            "route": [
                0,
                14,
                17,
                12,
                19
            ]
        },
        {
            "name": "DSRAlgorithm Path",
            "route_node_count": 5,
            "route": [
                0,
                14,
                17,
                12,
                19
            ]
        }
    ],
    "edges": [
        [
            0,
            1
        ],
        [
            0,
            14
        ],
        [
            1,
            18
        ],
        [
            2,
            8
        ],
        [
            2,
            13
        ],
        [
            3,
            11
        ],
        [
            3,
            13
        ],
        [
            4,
            9
        ],
        [
            4,
            19
        ],
        [
            5,
            7
        ],
        [
            5,
            8
        ],
        [
            5,
            15
        ],
        [
            5,
            16
        ],
        [
            5,
            18
        ],
        [
            6,
            8
        ],
        [
            6,
            12
        ],
        [
            7,
            14
        ],
        [
            7,
            17
        ],
        [
            8,
            11
        ],
        [
            8,
            15
        ],
        [
            9,
            16
        ],
        [
            9,
            17
        ],
        [
            10,
            13
        ],
        [
            11,
            14
        ],
        [
            12,
            17
        ],
        [
            12,
            19
        ],
        [
            14,
            17
        ],
        [
            16,
            18
        ]
    ]
}