{
    "total_node_number": 20,
    "probability_of_edge": 0.1,
    "time": {
        "request": 8000.0,
        "reply": 4001.5,
        "forwarding": 1001.75
    },
    "request_message_count": 52,
    "route": [
        {
            "name": "Shortest Path",
            "route_node_count": 6,
            "route": [
                0,
                4,
                15,
                6,
                3,
                19
            ]
        },
        {
            "name": "DSRAlgorithm Path",
            "route_node_count": 6,
            "route": [
                0,
                4,
                15,
                16,
                3,
                19
            ]
        }
    ],
    "edges": [
        [
            0,
            4
        ],
        [
            1,
            16
        ],
        [
            1,
            18
        ],
        [
            2,
            17
        ],
        [
            2,
            18
        ],
        [
            3,
            5
        ],
        [
            3,
            6
        ],
        [
            3,
            12
        ],
        [
            3,
            16
        ],
        [
            3,
            19
        ],
        [
            4,
            15
        ],
        [
            5,
            10
        ],
        [
            5,
            11
        ],
        [
            6,
            7
        ],
        [
            6,
            11
        ],
        [
            6,
            15
        ],
        [
            6,
            18
        ],
        [
            7,
            14
        ],
        [
            8,
            13
        ],
        [
            9,
            12
        ],
        [
            9,
            13
        ],
        [
            10,
            12
        ],
        [
            10,
            17
        ],
        [
            12,
            19
        ],
        [
            13,
            15
        ],
        [
            13,
            16
        ],
        [
            15,
            16
        ]
    ]
}