{
    "total_node_number": 10,
    "probability_of_edge": 0.2,
    "time": {
        "request": 5275.0,
        "reply": 3997.25,
        "forwarding": 995.25
    },
    "request_message_count": 19,
    "route": [
        {
            "name": "Shortest Path",
            "route_node_count": 2,
            "route": [
                0,
                9
            ]
        },
        {
            "name": "DSRAlgorithm Path",
            "route_node_count": 3,
            "route": [
                0,
                1,
                9
            ]
        }
    ],
    "edges": [
        [
            0,
            1
        ],
        [
            0,
            7
        ],
        [
            0,
            9
        ],
        [
            1,
            3
        ],
        [
            1,
            9
        ],
        [
            2,
            4
        ],
        [
            3,
            4
        ],
        [
            4,
            8
        ],
        [
            4,
            9
        ],
        [
            5,
            7
        ],
        [
            6,
            7
        ]
    ]
}