{
    "total_node_number": 10,
    "probability_of_edge": 0.2,
    "time": {
        "request": 15014.25,
        "reply": 2714.75,
        "forwarding": 4969.75
    },
    "request_message_count": 23,
    "route": [
        {
            "name": "Shortest Path",
            "route_node_count": 4,
            "route": [
                0,
                3,
                7,
                9
            ]
        },
        {
            "name": "DSRAlgorithm Path",
            "route_node_count": 4,
            "route": [
                0,
                3,
                7,
                9
            ]
        }
    ],
    "edges": [
        [
            0,
            1
        ],
        [
            0,
            2
        ],
        [
            0,
            3
        ],
        [
            0,
            6
        ],
        [
            0,
            8
        ],
        [
            1,
            4
        ],
        [
            2,
            4
        ],
        [
            2,
            6
        ],
        [
            3,
            7
        ],
        [
            5,
            7
        ],
        [
            6,
            8
        ],
        [
            7,
            9
        ]
    ]
}