{
    "total_node_number": 20,
    "probability_of_edge": 0.1,
    "time": {
        "request": 1000.5,
        "reply": 1000.75,
        "forwarding": 0.0
    },
    "request_message_count": 52,
    "route": [
        {
            "name": "Shortest Path",
            "route_node_count": 2,
            "route": [
                0,
                19
            ]
        },
        {
            "name": "DSRAlgorithm Path",
            "route_node_count": 2,
            "route": [
                0,
                19
            ]
        }
    ],
    "edges": [
        [
            0,
            4
        ],
        [
            0,
            5
        ],
        [
            0,
            19
        ],
        [
            1,
            9
        ],
        [
            1,
            11
        ],
        [
            1,
            12
        ],
        [
            2,
            12
        ],
        [
            2,
            14
        ],
        [
            3,
            4
        ],
        [
            3,
            15
        ],
        [
            3,
            16
        ],
        [
            3,
            18
        ],
        [
            5,
            6
        ],
        [
            5,
            9
        ],
        [
            5,
            15
        ],
        [
            6,
            11
        ],
        [
            6,
            14
        ],
        [
            6,
            17
        ],
        [
            7,
            8
        ],
        [
            7,
            11
        ],
        [
            8,
            10
        ],
        [
            9,
            11
        ],
        [
            11,
            16
        ],
        [
            12,
            18
        ],
        [
            13,
            19
        ],
        [
            15,
            16
        ],
        [
            16,
            18
        ],
        [
            17,
            19
        ]
    ]
}