{
    "total_node_number": 20,
    "probability_of_edge": 0.1,
    "time": {
        "request": 3999.0,
        "reply": 6000.25,
        "forwarding": 0.0
    },
    "request_message_count": 50,
    "route": [
        {
            "name": "Shortest Path",
            "route_node_count": 3,
            "route": [
                0,
                2,
                19
            ]
        },
        {
            "name": "DSRAlgorithm Path",
            "route_node_count": 3,
            "route": [
                0,
                2,
                19
            ]
        }
    ],
    "edges": [
        [
            0,
            1
        ],
        [
            0,
            2
        ],
        [
            0,
            3
        ],
        [
            0,
            9
        ],
        [
            0,
            18
        ],
        [
            1,
            2
        ],
        [
            1,
            10
        ],
        [
            1,
            14
        ],
        [
            2,
            19
        ],
        [
            4,
            5
        ],
        [
            4,
            11
        ],
        [
            4,
            12
        ],
        [
            4,
            16
        ],
        [
            4,
            17
        ],
        [
            4,
            19
        ],
        [
            5,
            6
        ],
        [
            6,
            15
        ],
        [
            6,
            19
        ],
        [
            7,
            19
        ],
        [
            8,
            15
        ],
        [
            8,
            17
        ],
        [
            8,
            18
        ],
        [
            9,
            12
        ],
        [
            10,
            16
        ],
        [
            12,
            13
        ],
        [
            12,
            16
        ],
        [
            12,
            17
        ],
        [
            16,
            19
        ]
    ]
}