{
    "total_node_number": 20,
    "probability_of_edge": 0.1,
    "time": {
        "request": 8999.0,
        "reply": 3001.5,
        "forwarding": 1000.75
    },
    "request_message_count": 48,
    "route": [
        {
            "name": "Shortest Path",
            "route_node_count": 6,
            "route": [
                0,
                18,
                11,
                1,
                9,
                19
            ]
        },
        {
            "name": "DSRAlgorithm Path",
            "route_node_count": 6,
            "route": [
                0,
                18,
                11,
                1,
                9,
                19
            ]
        }
    ],
    "edges": [
        [
            0,
            14
        ],
        [
            0,
            15
        ],
        [
            0,
            18
        ],
        [
            1,
            9
        ],
        [
            1,
            11
        ],
        [
            1,
            16
        ],
        [
            2,
            3
        ],
        [
            2,
            10
        ],
        [
            2,
            11
        ],
        [
            3,
            4
        ],
        [
            4,
            13
        ],
        [
            5,
            6
        ],
        [
            5,
            16
        ],
        [
            6,
            10
        ],
        [
            6,
            17
        ],
        [
            6,
            18
        ],
        [
            7,
            9
        ],
        [
            8,
            10
        ],
        [
            8,
            11
        ],
        [
            9,
            12
        ],
        [
            9,
            19
        ],
        [
            11,
            18
        ],
        [
            12,
            19
        ],
        [
            14,
            17
        ],
        [
            17,
            18
        ]
    ]
}