{
    "total_node_number": 20,
    "probability_of_edge": 0.2,
    "time": {
        "request": 6000.5,
        "reply": 7001.0,
        "forwarding": 0.0
    },
    "request_message_count": 64,
    "route": [
        {
            "name": "Shortest Path",
            "route_node_count": 4,
            "route": [
                0,
                16,
                1,
                19
            ]
        },
        {
            "name": "DSRAlgorithm Path",
            "route_node_count": 4,
            "route": [
                0,
                16,
                1,
                19
            ]
        }
    ],
    "edges": [
        [
            0,
            8
        ],
        [
            0,
            16
        ],
        [
            1,
            5
        ],
        [
            1,
            9
        ],
        [
            1,
            12
        ],
        [
            1,
            16
        ],
        [
            1,
            18
        ],
        [
            1,
            19
        ],
        [
            2,
            11
        ],
        [
            2,
            19
        ],
        [
            3,
            10
        ],
        [
            4,
            11
        ],
        [
            4,
            18
        ],
        [
            5,
            9
        ],
        [
            5,
            17
        ],
        [
            5,
            19
        ],
        [
            6,
            7
        ],
        [
            6,
            12
        ],
        [
            6,
            16
        ],
        [
            7,
            16
        ],
        [
            8,
            10
        ],
        [
            9,
            12
        ],
        [
            9,
            14
        ],
        [
            9,
            16
        ],
        [
            10,
            18
        ],
        [
            11,
            13
        ],
        [
            11,
            14
        ],
        [
            11,
            15
        ],
        [
            12,
            13
        ],
        [
            12,
            18
        ],
        [
            13,
            15
        ],
        [
            15,
            17
        ],
        [
            15,
            18
        ],
        [
            15,
            19
        ]
    ]
}