{
    "total_node_number": 10,
    "probability_of_edge": 0.2,
    "time": {
        "request": 12077.25,
        "reply": 4998.5,
        "forwarding": 2811.25
    },
    "request_message_count": 25,
    "route": [
        {
            "name": "Shortest Path",
            "route_node_count": 4,
            "route": [
                0,
                3,
                7,
                9
            ]
        },
        {
            "name": "DSRAlgorithm Path",
            "route_node_count": 4,
            "route": [
                0,
                3,
                7,
                9
            ]
        }
    ],
    "edges": [
        [
            0,
            2
        ],
        [
            0,
            3
        ],
        [
            0,
            8
        ],
        [
            1,
            3
        ],
        [
            1,
            4
        ],
        [
            1,
            6
        ],
        [
            2,
            4
        ],
        [
            3,
            6
        ],
        [
            3,
            7
        ],
        [
            4,
            7
        ],
        [
            5,
            7
        ],
        [
            7,
            8
        ],
        [
            7,
            9
        ]
    ]
}