{
    "total_node_number": 10,
    "probability_of_edge": 0.2,
    "time": {
        "request": 20037.75,
        "reply": 17817.75,
        "forwarding": 2994.5
    },
    "request_message_count": 33,
    "route": [
        {
            "name": "Shortest Path",
            "route_node_count": 3,
            "route": [
                0,
                5,
                9
            ]
        },
        {
            "name": "DSRAlgorithm Path",
            "route_node_count": 4,
            "route": [
                0,
                5,
                1,
                9
            ]
        }
    ],
    "edges": [
        [
            0,
            4
        ],
        [
            0,
            5
        ],
        [
            1,
            5
        ],
        [
            1,
            7
        ],
        [
            1,
            8
        ],
        [
            1,
            9
        ],
        [
            2,
            6
        ],
        [
            2,
            8
        ],
        [
            3,
            6
        ],
        [
            3,
            7
        ],
        [
            3,
            8
        ],
        [
            4,
            7
        ],
        [
            4,
            8
        ],
        [
            5,
            8
        ],
        [
            5,
            9
        ],
        [
            6,
            8
        ],
        [
            7,
            8
        ],
        [
            8,
            9
        ]
    ]
}