{
    "total_node_number": 20,
    "probability_of_edge": 0.2,
    "time": {
        "request": 5999.75,
        "reply": 7000.0,
        "forwarding": 0.0
    },
    "request_message_count": 64,
    "route": [
        {
            "name": "Shortest Path",
            "route_node_count": 4,
            "route": [
                0,
                18,
                11,
                19
            ]
        },
        {
            "name": "DSRAlgorithm Path",
            "route_node_count": 4,
            "route": [
                0,
                18,
                11,
                19
            ]
        }
    ],
    "edges": [
        [
            0,
            2
        ],
        [
            0,
            18
        ],
        [
            1,
            6
        ],
        [
            1,
            7
        ],
        [
            1,
            9
        ],
        [
            1,
            11
        ],
        [
            2,
            16
        ],
        [
            3,
            10
        ],
        [
            3,
            14
        ],
        [
            3,
            16
        ],
        [
            3,
            19
        ],
        [
            4,
            8
        ],
        [
            4,
            17
        ],
        [
            4,
            18
        ],
        [
            5,
            14
        ],
        [
            5,
            17
        ],
        [
            5,
            19
        ],
        [
            6,
            17
        ],
        [
            7,
            9
        ],
        [
            7,
            11
        ],
        [
            9,
            15
        ],
        [
            9,
            19
        ],
        [
            10,
            15
        ],
        [
            10,
            16
        ],
        [
            11,
            15
        ],
        [
            11,
            18
        ],
        [
            11,
            19
        ],
        [
            12,
            13
        ],
        [
            12,
            14
        ],
        [
            13,
            15
        ],
        [
            14,
            15
        ],
        [
            15,
            16
        ],
        [
            15,
            18
        ],
        [
            17,
            18
        ]
    ]
}