{
    "total_node_number": 10,
    "probability_of_edge": 0.2,
    "time": {
        "request": 17989.75,
        "reply": 8935.75,
        "forwarding": 2949.0
    },
    "request_message_count": 21,
    "route": [
        {
            "name": "Shortest Path",
            "route_node_count": 4,
            "route": [
                0,
                1,
                7,
                9
            ]
        },
        {
            "name": "DSRAlgorithm Path",
            "route_node_count": 4,
            "route": [
                0,
                1,
                7,
                9
            ]
        }
    ],
    "edges": [
        [
            0,
            1
        ],
        [
            0,
            6
        ],
        [
            1,
            2
        ],
        [
            1,
            6
        ],
        [
            1,
            7
        ],
        [
            2,
            5
        ],
        [
            3,
            8
        ],
        [
            4,
            5
        ],
        [
            5,
            6
        ],
        [
            5,
            8
        ],
        [
            7,
            9
        ]
    ]
}