{
    "total_node_number": 10,
    "probability_of_edge": 0.2,
    "time": {
        "request": 3998.75,
        "reply": 7321.75,
        "forwarding": 996.25
    },
    "request_message_count": 20,
    "route": [
        {
            "name": "Shortest Path",
            "route_node_count": 4,
            "route": [
                0,
                3,
                2,
                9
            ]
        },
        {
            "name": "DSRAlgorithm Path",
            "route_node_count": 4,
            "route": [
                0,
                3,
                2,
                9
            ]
        }
    ],
    "edges": [
        [
            0,
            3
        ],
        [
            0,
            4
        ],
        [
            1,
            7
        ],
        [
            1,
            8
        ],
        [
            2,
            3
        ],
        [
            2,
            6
        ],
        [
            2,
            9
        ],
        [
            4,
            7
        ],
        [
            5,
            6
        ],
        [
            5,
            8
        ],
        [
            7,
            9
        ]
    ]
}