{
    "total_node_number": 20,
    "probability_of_edge": 0.1,
    "time": {
        "request": 999.25,
        "reply": 1000.0,
        "forwarding": 0.0
    },
    "request_message_count": 50,
    "route": [
        {
            "name": "Shortest Path",
            "route_node_count": 2,
            "route": [
                0,
                19
            ]
        },
        {
            "name": "DSRAlgorithm Path",
            "route_node_count": 2,
            "route": [
                0,
                19
            ]
        }
    ],
    "edges": [
        [
            0,
            6
        ],
        [
            0,
            19
        ],
        [
            1,
            3
        ],
        [
            1,
            8
        ],
        [
            1,
            10
        ],
        [
            1,
            11
        ],
        [
            1,
            19
        ],
        [
            2,
            10
        ],
        [
            2,
            17
        ],
        [
            3,
            5
        ],
        [
            3,
            7
        ],
        [
            4,
            6
        ],
        [
            4,
            16
        ],
        [
            5,
            16
        ],
        [
            5,
            19
        ],
        [
            7,
            9
        ],
        [
            7,
            12
        ],
        [
            9,
            12
        ],
        [
            9,
            15
        ],
        [
            10,
            13
        ],
        [
            11,
            15
        ],
        [
            12,
            15
        ],
        [
            13,
            14
        ],
        [
            13,
            16
        ],
        [
            14,
            15
        ],
        [
            16,
            18
        ],
        [
            16,
            19
        ]
    ]
}