{
    "total_node_number": 20,
    "probability_of_edge": 0.1,
    "time": {
        "request": 8000.0,
        "reply": 2000.25,
        "forwarding": 999.5
    },
    "request_message_count": 50,
    "route": [
        {
            "name": "Shortest Path",
            "route_node_count": 5,
            "route": [
                0,
                4,
                3,
                18,
                19
            ]
        },
        {
            "name": "DSRAlgorithm Path",
            "route_node_count": 5,
            "route": [
                0,
                9,
                7,
                18,
                19
            ]
        }
    ],
    "edges": [
        [
            0,
            4
        ],
        [
            0,
            9
        ],
        [
            1,
            15
        ],
        [
            1,
            18
        ],
        [
            2,
            3
        ],
        [
            2,
            5
        ],
        [
            2,
            18
        ],
        [
            3,
            4
        ],
        [
            3,
            6
        ],
        [
            3,
            11
        ],
        [
            3,
            18
        ],
        [
            4,
            7
        ],
        [
            4,
            17
        ],
        [
            5,
            19
        ],
        [
            6,
            12
        ],
        [
            7,
            9
        ],
        [
            7,
            18
        ],
        [
            8,
            15
        ],
        [
            9,
            10
        ],
        [
            9,
            11
        ],
        [
            9,
            13
        ],
        [
            9,
            16
        ],
        [
            13,
            14
        ],
        [
            14,
            18
        ],
        [
            15,
            17
        ],
        [
            18,
            19
        ]
    ]
}