{
    "total_node_number": 20,
    "probability_of_edge": 0.1,
    "time": {
        "request": 4998.75,
        "reply": 7000.0,
        "forwarding": 999.0
    },
    "request_message_count": 51,
    "route": [
        {
            "name": "Shortest Path",
            "route_node_count": 5,
            "route": [
                0,
                15,
                12,
                11,
                19
            ]
        },
        {
            "name": "DSRAlgorithm Path",
            "route_node_count": 5,
            "route": [
                0,
                15,
                12,
                11,
                19
            ]
        }
    ],
    "edges": [
        [
            0,
            15
        ],
        [
            1,
            6
        ],
        [
            1,
            7
        ],
        [
            1,
            13
        ],
        [
            2,
            4
        ],
        [
            2,
            8
        ],
        [
            2,
            13
        ],
        [
            2,
            19
        ],
        [
            3,
            10
        ],
        [
            4,
            5
        ],
        [
            4,
            6
        ],
        [
            4,
            7
        ],
        [
            5,
            13
        ],
        [
            5,
            19
        ],
        [
            7,
            11
        ],
        [
            8,
            9
        ],
        [
            9,
            14
        ],
        [
            9,
            16
        ],
        [
            9,
            17
        ],
        [
            10,
            13
        ],
        [
            11,
            12
        ],
        [
            11,
            13
        ],
        [
            11,
            14
        ],
        [
            11,
            19
        ],
        [
            12,
            15
        ],
        [
            12,
            18
        ],
        [
            15,
            17
        ]
    ]
}