{
    "total_node_number": 20,
    "probability_of_edge": 0.1,
    "time": {
        "request": 9001.0,
        "reply": 999.25,
        "forwarding": 1000.75
    },
    "request_message_count": 49,
    "route": [
        {
            "name": "Shortest Path",
            "route_node_count": 5,
            "route": [
                0,
                11,
                4,
                8,
                19
            ]
        },
        {
            "name": "DSRAlgorithm Path",
            "route_node_count": 5,
            "route": [
                0,
                11,
                4,
                8,
                19
            ]
        }
    ],
    "edges": [
        [
            0,
            1
        ],
        [
            0,
            11
        ],
        [
            0,
            14
        ],
        [
            1,
            5
        ],
        [
            1,
            6
        ],
        [
            2,
            12
        ],
        [
            3,
            5
        ],
        [
            3,
            14
        ],
        [
            3,
            17
        ],
        [
            4,
            7
        ],
        [
            4,
            8
        ],
        [
            4,
            11
        ],
        [
            4,
            12
        ],
        [
            4,
            13
        ],
        [
            4,
            15
        ],
        [
            6,
            13
        ],
        [
            8,
            19
        ],
        [
            9,
            12
        ],
        [
            9,
            13
        ],
        [
            9,
            14
        ],
        [
            10,
            14
        ],
        [
            11,
            12
        ],
        [
            11,
            16
        ],
        [
            12,
            17
        ],
        [
            15,
            18
        ]
    ]
}