{
    "total_node_number": 20,
    "probability_of_edge": 0.1,
    "time": {
        "request": 1998.25,
        "reply": 5000.0,
        "forwarding": 0.0
    },
    "request_message_count": 41,
    "route": [
        {
            "name": "Shortest Path",
            "route_node_count": 3,
            "route": [
                0,
                7,
                19
            ]
        },
        {
            "name": "DSRAlgorithm Path",
            "route_node_count": 3,
            "route": [
                0,
                7,
                19
            ]
        }
    ],
    "edges": [
        [
            0,
            7
        ],
        [
            0,
            15
        ],
        [
            1,
            9
        ],
        [
            2,
            8
        ],
        [
            2,
            9
        ],
        [
            2,
            13
        ],
        [
            2,
            18
        ],
        [
            3,
            6
        ],
        [
            4,
            6
        ],
        [
            4,
            12
        ],
        [
            4,
            18
        ],
        [
            5,
            14
        ],
        [
            6,
            7
        ],
        [
            6,
            14
        ],
        [
            7,
            10
        ],
        [
            7,
            19
        ],
        [
            9,
            16
        ],
        [
            10,
            19
        ],
        [
            11,
            12
        ],
        [
            11,
            18
        ],
        [
            13,
            15
        ],
        [
            13,
            19
        ],
        [
            17,
            19
        ]
    ]
}