{
    "total_node_number": 10,
    "probability_of_edge": 0.4,
    "time": {
        "request": 1997.0,
        "reply": 2998.5,
        "forwarding": 0.0
    },
    "request_message_count": 22,
    "route": [
        {
            "name": "Shortest Path",
            "route_node_count": 2,
            "route": [
                0,
                9
            ]
        },
        {
            "name": "DSRAlgorithm Path",
            "route_node_count": 2,
            "route": [
                0,
                9
            ]
        }
    ],
    "edges": [
        [
            0,
            4
        ],
        [
            0,
            5
        ],
        [
            0,
            7
        ],
        [
            0,
            8
        ],
        [
            0,
            9
        ],
        [
            1,
            4
        ],
        [
            2,
            8
        ],
        [
            2,
            9
        ],
        [
            3,
            7
        ],
        [
            4,
            5
        ],
        [
            6,
            7
        ],
        [
            6,
            8
        ]
    ]
}