{
    "total_node_number": 20,
    "probability_of_edge": 0.1,
    "time": {
        "request": 7999.25,
        "reply": 2002.0,
        "forwarding": 999.5
    },
    "request_message_count": 41,
    "route": [
        {
            "name": "Shortest Path",
            "route_node_count": 7,
            "route": [
                0,
                2,
                6,
                5,
                10,
                1,
                19
            ]
        },
        {
            "name": "DSRAlgorithm Path",
            "route_node_count": 7,
            "route": [
                0,
                2,
                6,
                8,
                10,
                1,
                19
            ]
        }
    ],
    "edges": [
        [
            0,
            2
        ],
        [
            0,
            7
        ],
        [
            1,
            10
        ],
        [
            1,
            19
        ],
        [
            2,
            6
        ],
        [
            2,
            12
        ],
        [
            2,
            15
        ],
        [
            3,
            13
        ],
        [
            4,
            15
        ],
        [
            5,
            6
        ],
        [
            5,
            10
        ],
        [
            5,
            11
        ],
        [
            5,
            14
        ],
        [
            6,
            8
        ],
        [
            6,
            18
        ],
        [
            8,
            10
        ],
        [
            9,
            10
        ],
        [
            10,
            13
        ],
        [
            10,
            16
        ],
        [
            12,
            17
        ],
        [
            13,
            17
        ]
    ]
}