{
    "total_node_number": 10,
    "probability_of_edge": 0.4,
    "time": {
        "request": 8960.25,
        "reply": 16568.0,
        "forwarding": 990.5
    },
    "request_message_count": 36,
    "route": [
        {
            "name": "Shortest Path",
            "route_node_count": 4,
            "route": [
                0,
                5,
                1,
                9
            ]
        },
        {
            "name": "DSRAlgorithm Path",
            "route_node_count": 4,
            "route": [
                0,
                5,
                7,
                9
            ]
        }
    ],
    "edges": [
        [
            0,
            5
        ],
        [
            1,
            2
        ],
        [
            1,
            3
        ],
        [
            1,
            5
        ],
        [
            1,
            6
        ],
        [
            1,
            8
        ],
        [
            1,
            9
        ],
        [
            2,
            5
        ],
        [
            2,
            6
        ],
        [
            2,
            7
        ],
        [
            2,
            8
        ],
        [
            3,
            5
        ],
        [
            4,
            6
        ],
        [
            4,
            8
        ],
        [
            5,
            7
        ],
        [
            5,
            8
        ],
        [
            6,
            9
        ],
        [
            7,
            8
        ],
        [
            7,
            9
        ],
        [
            8,
            9
        ]
    ]
}