{
    "total_node_number": 20,
    "probability_of_edge": 0.1,
    "time": {
        "request": 2984.0,
        "reply": 6001.5,
        "forwarding": 0.0
    },
    "request_message_count": 43,
    "route": [
        {
            "name": "Shortest Path",
            "route_node_count": 4,
            "route": [
                0,
                14,
                1,
                19
            ]
        },
        {
            "name": "DSRAlgorithm Path",
            "route_node_count": 4,
            "route": [
                0,
                14,
                1,
                19
            ]
        }
    ],
    "edges": [
        [
            0,
            14
        ],
        [
            0,
            15
        ],
        [
            1,
            14
        ],
        [
            1,
            19
        ],
        [
            2,
            3
        ],
        [
            2,
            4
        ],
        [
            2,
            7
        ],
        [
            2,
            8
        ],
        [
            2,
            9
        ],
        [
            2,
            12
        ],
        [
            3,
            11
        ],
        [
            3,
            16
        ],
        [
            3,
            19
        ],
        [
            4,
            19
        ],
        [
            5,
            10
        ],
        [
            6,
            12
        ],
        [
            6,
            16
        ],
        [
            8,
            17
        ],
        [
            8,
            19
        ],
        [
            10,
            13
        ],
        [
            11,
            19
        ],
        [
            13,
            15
        ],
        [
            13,
            18
        ],
        [
            15,
            16
        ]
    ]
}