{
    "total_node_number": 10,
    "probability_of_edge": 0.4,
    "time": {
        "request": 8955.25,
        "reply": 10937.0,
        "forwarding": 1990.25
    },
    "request_message_count": 28,
    "route": [
        {
            "name": "Shortest Path",
            "route_node_count": 3,
            "route": [
                0,
                2,
                9
            ]
        },
        {
            "name": "DSRAlgorithm Path",
            "route_node_count": 3,
            "route": [
                0,
                2,
                9
            ]
        }
    ],
    "edges": [
        [
            0,
            2
        ],
        [
            0,
            6
        ],
        [
            1,
            2
        ],
        [
            1,
            4
        ],
        [
            1,
            6
        ],
        [
            1,
            7
        ],
        [
            1,
            8
        ],
        [
            2,
            3
        ],
        [
            2,
            4
        ],
        [
            2,
            8
        ],
        [
            2,
            9
        ],
        [
            4,
            8
        ],
        [
            5,
            8
        ],
        [
            6,
            9
        ],
        [
            7,
            9
        ],
        [
            8,
            9
        ]
    ]
}