{
    "total_node_number": 20,
    "probability_of_edge": 0.1,
    "time": {
        "request": 5000.25,
        "reply": 5000.0,
        "forwarding": 970.25
    },
    "request_message_count": 48,
    "route": [
        {
            "name": "Shortest Path",
            "route_node_count": 5,
            "route": [
                0,
                6,
                1,
                14,
                19
            ]
        },
        {
            "name": "DSRAlgorithm Path",
            "route_node_count": 5,
            "route": [
                0,
                6,
                1,
                14,
                19
            ]
        }
    ],
    "edges": [
        [
            0,
            3
        ],
        [
            0,
            6
        ],
        [
            1,
            6
        ],
        [
            1,
            14
        ],
        [
            2,
            9
        ],
        [
            2,
            14
        ],
        [
            2,
            16
        ],
        [
            4,
            13
        ],
        [
            4,
            16
        ],
        [
            4,
            18
        ],
        [
            5,
            12
        ],
        [
            5,
            17
        ],
        [
            6,
            17
        ],
        [
            7,
            8
        ],
        [
            7,
            16
        ],
        [
            8,
            11
        ],
        [
            8,
            15
        ],
        [
            9,
            17
        ],
        [
            10,
            13
        ],
        [
            10,
            19
        ],
        [
            11,
            17
        ],
        [
            11,
            18
        ],
        [
            12,
            13
        ],
        [
            13,
            14
        ],
        [
            14,
            19
        ]
    ]
}