{
    "total_node_number": 10,
    "probability_of_edge": 0.2,
    "time": {
        "request": 8903.0,
        "reply": 4000.5,
        "forwarding": 992.0
    },
    "request_message_count": 23,
    "route": [
        {
            "name": "Shortest Path",
            "route_node_count": 4,
            "route": [
                0,
                4,
                8,
                9
            ]
        },
        {
            "name": "DSRAlgorithm Path",
            "route_node_count": 4,
            "route": [
                0,
                4,
                8,
                9
            ]
        }
    ],
    "edges": [
        [
            0,
            4
        ],
        [
            0,
            7
        ],
        [
            1,
            2
        ],
        [
            1,
            4
        ],
        [
            1,
            5
        ],
        [
            1,
            7
        ],
        [
            2,
            3
        ],
        [
            2,
            8
        ],
        [
            3,
            6
        ],
        [
            4,
            8
        ],
        [
            7,
            8
        ],
        [
            8,
            9
        ]
    ]
}