{
    "total_node_number": 10,
    "probability_of_edge": 0.2,
    "time": {
        "request": 9038.25,
        "reply": 16993.25,
        "forwarding": 1979.25
    },
    "request_message_count": 21,
    "route": [
        {
            "name": "Shortest Path",
            "route_node_count": 4,
            "route": [
                0,
                5,
                4,
                9
            ]
        },
        {
            "name": "DSRAlgorithm Path",
            "route_node_count": 4,
            "route": [
                0,
                5,
                4,
                9
            ]
        }
    ],
    "edges": [
        [
            0,
            5
        ],
        [
            1,
            2
        ],
        [
            1,
            7
        ],
        [
            1,
            9
        ],
        [
            3,
            4
        ],
        [
            4,
            5
        ],
        [
            4,
            8
        ],
        [
            4,
            9
        ],
        [
            5,
            6
        ],
        [
            6,
            7
        ],
        [
            6,
            8
        ],
        [
            8,
            9
        ]
    ]
}