{
    "total_node_number": 10,
    "probability_of_edge": 0.6,
    "time": {
        "request": 5994.25,
        "reply": 13353.0,
        "forwarding": 1055.75
    },
    "request_message_count": 41,
    "route": [
        {
            "name": "Shortest Path",
            "route_node_count": 2,
            "route": [
                0,
                9
            ]
        },
        {
            "name": "DSRAlgorithm Path",
            "route_node_count": 2,
            "route": [
                0,
                9
            ]
        }
    ],
    "edges": [
        [
            0,
            1
        ],
        [
            0,
            2
        ],
        [
            0,
            7
        ],
        [
            0,
            8
        ],
        [
            0,
            9
        ],
        [
            1,
            2
        ],
        [
            1,
            3
        ],
        [
            1,
            5
        ],
        [
            1,
            6
        ],
        [
            1,
            7
        ],
        [
            1,
            9
        ],
        [
            2,
            3
        ],
        [
            2,
            4
        ],
        [
            2,
            5
        ],
        [
            2,
            6
        ],
        [
            2,
            9
        ],
        [
            3,
            5
        ],
        [
            3,
            6
        ],
        [
            3,
            8
        ],
        [
            3,
            9
        ],
        [
            5,
            6
        ],
        [
            6,
            8
        ],
        [
            6,
            9
        ]
    ]
}