{
    "total_node_number": 10,
    "probability_of_edge": 0.2,
    "time": {
        "request": 6009.0,
        "reply": 10658.5,
        "forwarding": 1950.5
    },
    "request_message_count": 21,
    "route": [
        {
            "name": "Shortest Path",
            "route_node_count": 2,
            "route": [
                0,
                9
            ]
        },
        {
            "name": "DSRAlgorithm Path",
            "route_node_count": 3,
            "route": [
                0,
                6,
                9
            ]
        }
    ],
    "edges": [
        [
            0,
            3
        ],
        [
            0,
            6
        ],
        [
            0,
            9
        ],
        [
            1,
            3
        ],
        [
            1,
            4
        ],
        [
            2,
            4
        ],
        [
            3,
            5
        ],
        [
            3,
            7
        ],
        [
            4,
            9
        ],
        [
            5,
            6
        ],
        [
            6,
            8
        ],
        [
            6,
            9
        ]
    ]
}