{
    "total_node_number": 10,
    "probability_of_edge": 0.4,
    "time": {
        "request": 11158.0,
        "reply": 8999.5,
        "forwarding": 2636.5
    },
    "request_message_count": 36,
    "route": [
        {
            "name": "Shortest Path",
            "route_node_count": 3,
            "route": [
                0,
                6,
                9
            ]
        },
        {
            "name": "DSRAlgorithm Path",
            "route_node_count": 4,
            "route": [
                0,
                2,
                8,
                9
            ]
        }
    ],
    "edges": [
        [
            0,
            1
        ],
        [
            0,
            2
        ],
        [
            0,
            6
        ],
        [
            1,
            2
        ],
        [
            1,
            6
        ],
        [
            1,
            7
        ],
        [
            2,
            3
        ],
        [
            2,
            5
        ],
        [
            2,
            7
        ],
        [
            2,
            8
        ],
        [
            3,
            4
        ],
        [
            3,
            6
        ],
        [
            3,
            8
        ],
        [
            4,
            5
        ],
        [
            4,
            9
        ],
        [
            5,
            6
        ],
        [
            5,
            8
        ],
        [
            6,
            9
        ],
        [
            7,
            9
        ],
        [
            8,
            9
        ]
    ]
}