{
    "total_node_number": 10,
    "probability_of_edge": 0.4,
    "time": {
        "request": 5995.25,
        "reply": 14707.0,
        "forwarding": 2999.5
    },
    "request_message_count": 24,
    "route": [
        {
            "name": "Shortest Path",
            "route_node_count": 3,
            "route": [
                0,
                2,
                9
            ]
        },
        {
            "name": "DSRAlgorithm Path",
            "route_node_count": 3,
            "route": [
                0,
                2,
                9
            ]
        }
    ],
    "edges": [
        [
            0,
            2
        ],
        [
            0,
            4
        ],
        [
            1,
            6
        ],
        [
            1,
            7
        ],
        [
            1,
            8
        ],
        [
            2,
            7
        ],
        [
            2,
            9
        ],
        [
            3,
            5
        ],
        [
            3,
            7
        ],
        [
            4,
            6
        ],
        [
            4,
            7
        ],
        [
            6,
            7
        ],
        [
            7,
            9
        ]
    ]
}