{
    "total_node_number": 10,
    "probability_of_edge": 0.2,
    "time": {
        "request": 8474.0,
        "reply": 2001.0,
        "forwarding": 5007.0
    },
    "request_message_count": 24,
    "route": [
        {
            "name": "Shortest Path",
            "route_node_count": 4,
            "route": [
                0,
                7,
                5,
                9
            ]
        },
        {
            "name": "DSRAlgorithm Path",
            "route_node_count": 4,
            "route": [
                0,
                7,
                5,
                9
            ]
        }
    ],
    "edges": [
        [
            0,
            1
        ],
        [
            0,
            3
        ],
        [
            0,
            7
        ],
        [
            1,
            4
        ],
        [
            2,
            5
        ],
        [
            2,
            7
        ],
        [
            3,
            4
        ],
        [
            4,
            8
        ],
        [
            5,
            6
        ],
        [
            5,
            7
        ],
        [
            5,
            9
        ],
        [
            6,
            9
        ],
        [
            7,
            8
        ]
    ]
}