{
    "total_node_number": 20,
    "probability_of_edge": 0.1,
    "time": {
        "request": 7000.25,
        "reply": 3999.5,
        "forwarding": 1000.75
    },
    "request_message_count": 53,
    "route": [
        {
            "name": "Shortest Path",
            "route_node_count": 4,
            "route": [
                0,
                13,
                10,
                19
            ]
        },
        {
            "name": "DSRAlgorithm Path",
            "route_node_count": 4,
            "route": [
                0,
                13,
                10,
                19
            ]
        }
    ],
    "edges": [
        [
            0,
            5
        ],
        [
            0,
            6
        ],
        [
            0,
            11
        ],
        [
            0,
            13
        ],
        [
            0,
            18
        ],
        [
            1,
            2
        ],
        [
            1,
            7
        ],
        [
            1,
            14
        ],
        [
            1,
            16
        ],
        [
            2,
            8
        ],
        [
            2,
            11
        ],
        [
            2,
            12
        ],
        [
            3,
            7
        ],
        [
            3,
            9
        ],
        [
            3,
            17
        ],
        [
            4,
            13
        ],
        [
            5,
            13
        ],
        [
            6,
            7
        ],
        [
            6,
            13
        ],
        [
            9,
            12
        ],
        [
            10,
            13
        ],
        [
            10,
            15
        ],
        [
            10,
            19
        ],
        [
            11,
            12
        ],
        [
            11,
            14
        ],
        [
            12,
            16
        ],
        [
            13,
            17
        ]
    ]
}