{
    "total_node_number": 20,
    "probability_of_edge": 0.2,
    "time": {
        "request": 5001.0,
        "reply": 8000.25,
        "forwarding": 0.0
    },
    "request_message_count": 67,
    "route": [
        {
            "name": "Shortest Path",
            "route_node_count": 3,
            "route": [
                0,
                6,
                19
            ]
        },
        {
            "name": "DSRAlgorithm Path",
            "route_node_count": 3,
            "route": [
                0,
                6,
                19
            ]
        }
    ],
    "edges": [
        [
            0,
            6
        ],
        [
            0,
            15
        ],
        [
            0,
            18
        ],
        [
            1,
            6
        ],
        [
            1,
            9
        ],
        [
            1,
            14
        ],
        [
            1,
            16
        ],
        [
            1,
            17
        ],
        [
            2,
            10
        ],
        [
            3,
            8
        ],
        [
            3,
            9
        ],
        [
            3,
            12
        ],
        [
            3,
            17
        ],
        [
            4,
            12
        ],
        [
            5,
            8
        ],
        [
            5,
            11
        ],
        [
            5,
            18
        ],
        [
            6,
            10
        ],
        [
            6,
            11
        ],
        [
            6,
            13
        ],
        [
            6,
            14
        ],
        [
            6,
            15
        ],
        [
            6,
            16
        ],
        [
            6,
            17
        ],
        [
            6,
            19
        ],
        [
            7,
            8
        ],
        [
            7,
            9
        ],
        [
            7,
            17
        ],
        [
            8,
            14
        ],
        [
            9,
            10
        ],
        [
            9,
            11
        ],
        [
            9,
            12
        ],
        [
            9,
            14
        ],
        [
            9,
            17
        ]
    ]
}