{
    "total_node_number": 10,
    "probability_of_edge": 0.2,
    "time": {
        "request": 12889.75,
        "reply": 15397.0,
        "forwarding": 2001.5
    },
    "request_message_count": 23,
    "route": [
        {
            "name": "Shortest Path",
            "route_node_count": 3,
            "route": [
                0,
                2,
                9
            ]
        },
        {
            "name": "DSRAlgorithm Path",
            "route_node_count": 3,
            "route": [
                0,
                2,
                9
            ]
        }
    ],
    "edges": [
        [
            0,
            2
        ],
        [
            0,
            3
        ],
        [
            0,
            4
        ],
        [
            0,
            8
        ],
        [
            1,
            2
        ],
        [
            1,
            6
        ],
        [
            2,
            7
        ],
        [
            2,
            8
        ],
        [
            2,
            9
        ],
        [
            4,
            9
        ],
        [
            5,
            8
        ],
        [
            6,
            8
        ],
        [
            7,
            9
        ]
    ]
}