{
    "total_node_number": 10,
    "probability_of_edge": 0.2,
    "time": {
        "request": 4992.25,
        "reply": 4990.25,
        "forwarding": 3005.25
    },
    "request_message_count": 13,
    "route": [
        {
            "name": "Shortest Path",
            "route_node_count": 2,
            "route": [
                0,
                9
            ]
        },
        {
            "name": "DSRAlgorithm Path",
            "route_node_count": 2,
            "route": [
                0,
                9
            ]
        }
    ],
    "edges": [
        [
            0,
            4
        ],
        [
            0,
            7
        ],
        [
            0,
            9
        ],
        [
            1,
            2
        ],
        [
            1,
            4
        ],
        [
            1,
            9
        ],
        [
            3,
            5
        ],
        [
            3,
            6
        ],
        [
            4,
            7
        ],
        [
            4,
            9
        ],
        [
            5,
            9
        ],
        [
            6,
            8
        ]
    ]
}