{
    "total_node_number": 20,
    "probability_of_edge": 0.1,
    "time": {
        "request": 1998.75,
        "reply": 3999.75,
        "forwarding": 0.0
    },
    "request_message_count": 39,
    "route": [
        {
            "name": "Shortest Path",
            "route_node_count": 4,
            "route": [
                0,
                8,
                2,
                19
            ]
        },
        {
            "name": "DSRAlgorithm Path",
            "route_node_count": 4,
            "route": [
                0,
                8,
                2,
                19
            ]
        }
    ],
    "edges": [
        [
            0,
            8
        ],
        [
            1,
            10
        ],
        [
            2,
            8
        ],
        [
            2,
            19
        ],
        [
            3,
            13
        ],
        [
            4,
            14
        ],
        [
            4,
            15
        ],
        [
            4,
            18
        ],
        [
            5,
            15
        ],
        [
            5,
            17
        ],
        [
            6,
            15
        ],
        [
            7,
            16
        ],
        [
            7,
            19
        ],
        [
            8,
            11
        ],
        [
            9,
            14
        ],
        [
            10,
            11
        ],
        [
            10,
            17
        ],
        [
            11,
            12
        ],
        [
            11,
            17
        ],
        [
            12,
            13
        ],
        [
            12,
            17
        ],
        [
            12,
            19
        ],
        [
            14,
            19
        ]
    ]
}