{
    "total_node_number": 10,
    "probability_of_edge": 0.4,
    "time": {
        "request": 3725.5,
        "reply": 11000.5,
        "forwarding": 995.0
    },
    "request_message_count": 32,
    "route": [
        {
            "name": "Shortest Path",
            "route_node_count": 3,
            "route": [
                0,
                2,
                9
            ]
        },
        {
            "name": "DSRAlgorithm Path",
            "route_node_count": 3,
            "route": [
                0,
                2,
                9
            ]
        }
    ],
    "edges": [
        [
            0,
            2
        ],
        [
            0,
            7
        ],
        [
            1,
            2
        ],
        [
            1,
            4
        ],
        [
            1,
            5
        ],
        [
            1,
            6
        ],
        [
            2,
            3
        ],
        [
            2,
            4
        ],
        [
            2,
            7
        ],
        [
            2,
            8
        ],
        [
            2,
            9
        ],
        [
            4,
            5
        ],
        [
            4,
            6
        ],
        [
            4,
            7
        ],
        [
            5,
            8
        ],
        [
            6,
            7
        ],
        [
            6,
            9
        ]
    ]
}