{
    "total_node_number": 20,
    "probability_of_edge": 0.1,
    "time": {
        "request": 1002.25,
        "reply": 0.0,
        "forwarding": 0.0
    },
    "request_message_count": 1,
    "route": [
        {
            "name": "Shortest Path",
            "route_node_count": 2,
            "route": [
                0,
                19
            ]
        },
        {
            "name": "DSRAlgorithm Path",
            "route_node_count": 2,
            "route": [
                0,
                19
            ]
        }
    ],
    "edges": [
        [
            0,
            19
        ],
        [
            1,
            2
        ],
        [
            1,
            3
        ],
        [
            1,
            14
        ],
        [
            2,
            9
        ],
        [
            2,
            13
        ],
        [
            3,
            4
        ],
        [
            3,
            7
        ],
        [
            5,
            8
        ],
        [
            5,
            10
        ],
        [
            5,
            18
        ],
        [
            6,
            13
        ],
        [
            7,
            17
        ],
        [
            9,
            12
        ],
        [
            9,
            15
        ],
        [
            11,
            13
        ],
        [
            12,
            15
        ],
        [
            13,
            15
        ],
        [
            14,
            15
        ],
        [
            14,
            16
        ],
        [
            16,
            18
        ],
        [
            17,
            19
        ]
    ]
}