{
    "total_node_number": 20,
    "probability_of_edge": 0.2,
    "time": {
        "request": 11970.75,
        "reply": 2000.25,
        "forwarding": 1001.25
    },
    "request_message_count": 64,
    "route": [
        {
            "name": "Shortest Path",
            "route_node_count": 6,
            "route": [
                0,
                2,
                13,
                3,
                11,
                19
            ]
        },
        {
            "name": "DSRAlgorithm Path",
            "route_node_count": 6,
            "route": [
                0,
                6,
                5,
                18,
                1,
                19
            ]
        }
    ],
    "edges": [
        [
            0,
            2
        ],
        [
            0,
            6
        ],
        [
            1,
            12
        ],
        [
            1,
            15
        ],
        [
            1,
            18
        ],
        [
            1,
            19
        ],
        [
            2,
            6
        ],
        [
            2,
            13
        ],
        [
            2,
            16
        ],
        [
            3,
            4
        ],
        [
            3,
            11
        ],
        [
            3,
            13
        ],
        [
            4,
            6
        ],
        [
            5,
            6
        ],
        [
            5,
            8
        ],
        [
            5,
            10
        ],
        [
            5,
            18
        ],
        [
            6,
            10
        ],
        [
            7,
            11
        ],
        [
            7,
            12
        ],
        [
            7,
            14
        ],
        [
            7,
            15
        ],
        [
            7,
            18
        ],
        [
            8,
            14
        ],
        [
            9,
            12
        ],
        [
            10,
            16
        ],
        [
            11,
            12
        ],
        [
            11,
            18
        ],
        [
            11,
            19
        ],
        [
            13,
            18
        ],
        [
            14,
            18
        ],
        [
            15,
            16
        ],
        [
            16,
            17
        ]
    ]
}