{
    "total_node_number": 10,
    "probability_of_edge": 0.4,
    "time": {
        "request": 13155.75,
        "reply": 3004.75,
        "forwarding": 2999.0
    },
    "request_message_count": 27,
    "route": [
        {
            "name": "Shortest Path",
            "route_node_count": 4,
            "route": [
                0,
                3,
                4,
                9
            ]
        },
        {
            "name": "DSRAlgorithm Path",
            "route_node_count": 4,
            "route": [
                0,
                3,
                5,
                9
            ]
        }
    ],
    "edges": [
        [
            0,
            3
        ],
        [
            0,
            7
        ],
        [
            1,
            6
        ],
        [
            1,
            7
        ],
        [
            2,
            4
        ],
        [
            2,
            6
        ],
        [
            2,
            7
        ],
        [
            2,
            9
        ],
        [
            3,
            4
        ],
        [
            3,
            5
        ],
        [
            3,
            7
        ],
        [
            3,
            8
        ],
        [
            4,
            5
        ],
        [
            4,
            9
        ],
        [
            5,
            9
        ]
    ]
}