{
    "total_node_number": 10,
    "probability_of_edge": 0.2,
    "time": {
        "request": 14572.75,
        "reply": 5469.75,
        "forwarding": 1951.25
    },
    "request_message_count": 16,
    "route": [
        {
            "name": "Shortest Path",
            "route_node_count": 3,
            "route": [
                0,
                6,
                9
            ]
        },
        {
            "name": "DSRAlgorithm Path",
            "route_node_count": 3,
            "route": [
                0,
                6,
                9
            ]
        }
    ],
    "edges": [
        [
            0,
            1
        ],
        [
            0,
            6
        ],
        [
            0,
            8
        ],
        [
            1,
            4
        ],
        [
            2,
            4
        ],
        [
            2,
            6
        ],
        [
            2,
            9
        ],
        [
            3,
            5
        ],
        [
            3,
            9
        ],
        [
            6,
            9
        ],
        [
            7,
            8
        ]
    ]
}