{
    "total_node_number": 20,
    "probability_of_edge": 0.2,
    "time": {
        "request": 3000.75,
        "reply": 6998.0,
        "forwarding": 0.0
    },
    "request_message_count": 59,
    "route": [
        {
            "name": "Shortest Path",
            "route_node_count": 3,
            "route": [
                0,
                4,
                19
            ]
        },
        {
            "name": "DSRAlgorithm Path",
            "route_node_count": 3,
            "route": [
                0,
                4,
                19
            ]
        }
    ],
    "edges": [
        [
            0,
            1
        ],
        [
            0,
            4
        ],
        [
            0,
            15
        ],
        [
            0,
            16
        ],
        [
            1,
            11
        ],
        [
            1,
            15
        ],
        [
            1,
            18
        ],
        [
            2,
            6
        ],
        [
            2,
            8
        ],
        [
            3,
            11
        ],
        [
            3,
            12
        ],
        [
            3,
            14
        ],
        [
            3,
            17
        ],
        [
            3,
            18
        ],
        [
            3,
            19
        ],
        [
            4,
            7
        ],
        [
            4,
            14
        ],
        [
            4,
            19
        ],
        [
            5,
            13
        ],
        [
            6,
            14
        ],
        [
            7,
            18
        ],
        [
            7,
            19
        ],
        [
            8,
            9
        ],
        [
            8,
            10
        ],
        [
            8,
            17
        ],
        [
            9,
            14
        ],
        [
            10,
            18
        ],
        [
            11,
            13
        ],
        [
            11,
            18
        ],
        [
            14,
            19
        ],
        [
            16,
            18
        ],
        [
            18,
            19
        ]
    ]
}