{
    "total_node_number": 10,
    "probability_of_edge": 0.4,
    "time": {
        "request": 12457.5,
        "reply": 18122.25,
        "forwarding": 1965.5
    },
    "request_message_count": 33,
    "route": [
        {
            "name": "Shortest Path",
            "route_node_count": 3,
            "route": [
                0,
                7,
                9
            ]
        },
        {
            "name": "DSRAlgorithm Path",
            "route_node_count": 4,
            "route": [
                0,
                1,
                6,
                9
            ]
        }
    ],
    "edges": [
        [
            0,
            1
        ],
        [
            0,
            2
        ],
        [
            0,
            7
        ],
        [
            1,
            2
        ],
        [
            1,
            3
        ],
        [
            1,
            4
        ],
        [
            1,
            6
        ],
        [
            1,
            7
        ],
        [
            1,
            8
        ],
        [
            3,
            5
        ],
        [
            3,
            7
        ],
        [
            3,
            9
        ],
        [
            4,
            6
        ],
        [
            5,
            8
        ],
        [
            6,
            8
        ],
        [
            6,
            9
        ],
        [
            7,
            8
        ],
        [
            7,
            9
        ]
    ]
}