{
    "total_node_number": 10,
    "probability_of_edge": 0.2,
    "time": {
        "request": 8938.25,
        "reply": 8708.75,
        "forwarding": 1995.75
    },
    "request_message_count": 31,
    "route": [
        {
            "name": "Shortest Path",
            "route_node_count": 3,
            "route": [
                0,
                5,
                9
            ]
        },
        {
            "name": "DSRAlgorithm Path",
            "route_node_count": 4,
            "route": [
                0,
                1,
                6,
                9
            ]
        }
    ],
    "edges": [
        [
            0,
            1
        ],
        [
            0,
            2
        ],
        [
            0,
            5
        ],
        [
            0,
            6
        ],
        [
            1,
            2
        ],
        [
            1,
            6
        ],
        [
            1,
            7
        ],
        [
            2,
            3
        ],
        [
            2,
            4
        ],
        [
            2,
            7
        ],
        [
            4,
            5
        ],
        [
            4,
            6
        ],
        [
            5,
            8
        ],
        [
            5,
            9
        ],
        [
            6,
            9
        ],
        [
            7,
            8
        ],
        [
            8,
            9
        ]
    ]
}