{
    "total_node_number": 20,
    "probability_of_edge": 0.1,
    "time": {
        "request": 1999.5,
        "reply": 5000.5,
        "forwarding": 0.0
    },
    "request_message_count": 50,
    "route": [
        {
            "name": "Shortest Path",
            "route_node_count": 3,
            "route": [
                0,
                15,
                19
            ]
        },
        {
            "name": "DSRAlgorithm Path",
            "route_node_count": 3,
            "route": [
                0,
                15,
                19
            ]
        }
    ],
    "edges": [
        [
            0,
            15
        ],
        [
            1,
            2
        ],
        [
            1,
            6
        ],
        [
            1,
            17
        ],
        [
            3,
            15
        ],
        [
            4,
            9
        ],
        [
            4,
            12
        ],
        [
            4,
            15
        ],
        [
            4,
            19
        ],
        [
            5,
            8
        ],
        [
            5,
            18
        ],
        [
            5,
            19
        ],
        [
            6,
            13
        ],
        [
            6,
            14
        ],
        [
            6,
            18
        ],
        [
            6,
            19
        ],
        [
            7,
            11
        ],
        [
            8,
            9
        ],
        [
            9,
            13
        ],
        [
            10,
            13
        ],
        [
            10,
            15
        ],
        [
            10,
            17
        ],
        [
            11,
            12
        ],
        [
            11,
            16
        ],
        [
            13,
            17
        ],
        [
            14,
            17
        ],
        [
            15,
            19
        ]
    ]
}