{
    "total_node_number": 10,
    "probability_of_edge": 0.2,
    "time": {
        "request": 9038.5,
        "reply": 15974.0,
        "forwarding": 3015.0
    },
    "request_message_count": 24,
    "route": [
        {
            "name": "Shortest Path",
            "route_node_count": 3,
            "route": [
                0,
                1,
                9
            ]
        },
        {
            "name": "DSRAlgorithm Path",
            "route_node_count": 3,
            "route": [
                0,
                1,
                9
            ]
        }
    ],
    "edges": [
        [
            0,
            1
        ],
        [
            0,
            2
        ],
        [
            0,
            3
        ],
        [
            1,
            9
        ],
        [
            2,
            3
        ],
        [
            2,
            7
        ],
        [
            3,
            8
        ],
        [
            4,
            7
        ],
        [
            4,
            8
        ],
        [
            4,
            9
        ],
        [
            5,
            6
        ],
        [
            5,
            8
        ],
        [
            6,
            8
        ]
    ]
}