{
    "total_node_number": 10,
    "probability_of_edge": 0.2,
    "time": {
        "request": 4999.5,
        "reply": 1000.5,
        "forwarding": 999.5
    },
    "request_message_count": 19,
    "route": [
        {
            "name": "Shortest Path",
            "route_node_count": 5,
            "route": [
                0,
                6,
                5,
                2,
                9
            ]
        },
        {
            "name": "DSRAlgorithm Path",
            "route_node_count": 5,
            "route": [
                0,
                6,
                5,
                2,
                9
            ]
        }
    ],
    "edges": [
        [
            0,
            3
        ],
        [
            0,
            4
        ],
        [
            0,
            6
        ],
        [
            1,
            6
        ],
        [
            1,
            7
        ],
        [
            2,
            5
        ],
        [
            2,
            8
        ],
        [
            2,
            9
        ],
        [
            5,
            6
        ],
        [
            5,
            8
        ]
    ]
}