{
    "total_node_number": 20,
    "probability_of_edge": 0.1,
    "time": {
        "request": 2999.5,
        "reply": 4001.0,
        "forwarding": 0.0
    },
    "request_message_count": 40,
    "route": [
        {
            "name": "Shortest Path",
            "route_node_count": 4,
            "route": [
                0,
                7,
                1,
                19
            ]
        },
        {
            "name": "DSRAlgorithm Path",
            "route_node_count": 4,
            "route": [
                0,
                7,
                1,
                19
            ]
        }
    ],
    "edges": [
        [
            0,
            7
        ],
        [
            1,
            7
        ],
        [
            1,
            18
        ],
        [
            1,
            19
        ],
        [
            2,
            5
        ],
        [
            2,
            14
        ],
        [
            3,
            10
        ],
        [
            3,
            16
        ],
        [
            4,
            6
        ],
        [
            4,
            7
        ],
        [
            5,
            14
        ],
        [
            6,
            10
        ],
        [
            8,
            13
        ],
        [
            9,
            10
        ],
        [
            9,
            13
        ],
        [
            9,
            17
        ],
        [
            9,
            19
        ],
        [
            11,
            19
        ],
        [
            12,
            17
        ],
        [
            14,
            15
        ],
        [
            14,
            16
        ],
        [
            16,
            17
        ]
    ]
}