{
    "total_node_number": 10,
    "probability_of_edge": 0.6,
    "time": {
        "request": 25194.5,
        "reply": 7996.5,
        "forwarding": 1043.5
    },
    "request_message_count": 45,
    "route": [
        {
            "name": "Shortest Path",
            "route_node_count": 3,
            "route": [
                0,
                3,
                9
            ]
        },
        {
            "name": "DSRAlgorithm Path",
            "route_node_count": 3,
            "route": [
                0,
                3,
                9
            ]
        }
    ],
    "edges": [
        [
            0,
            2
        ],
        [
            0,
            3
        ],
        [
            0,
            5
        ],
        [
            0,
            7
        ],
        [
            1,
            3
        ],
        [
            1,
            5
        ],
        [
            1,
            8
        ],
        [
            1,
            9
        ],
        [
            2,
            7
        ],
        [
            2,
            8
        ],
        [
            3,
            4
        ],
        [
            3,
            6
        ],
        [
            3,
            7
        ],
        [
            3,
            9
        ],
        [
            4,
            5
        ],
        [
            4,
            7
        ],
        [
            4,
            8
        ],
        [
            5,
            7
        ],
        [
            5,
            8
        ],
        [
            6,
            7
        ],
        [
            6,
            8
        ],
        [
            6,
            9
        ],
        [
            7,
            8
        ],
        [
            7,
            9
        ],
        [
            8,
            9
        ]
    ]
}