{
    "total_node_number": 20,
    "probability_of_edge": 0.1,
    "time": {
        "request": 3996.0,
        "reply": 4999.75,
        "forwarding": 0.0
    },
    "request_message_count": 49,
    "route": [
        {
            "name": "Shortest Path",
            "route_node_count": 4,
            "route": [
                0,
                16,
                4,
                19
            ]
        },
        {
            "name": "DSRAlgorithm Path",
            "route_node_count": 4,
            "route": [
                0,
                16,
                4,
                19
            ]
        }
    ],
    "edges": [
        [
            0,
            9
        ],
        [
            0,
            13
        ],
        [
            0,
            16
        ],
        [
            1,
            7
        ],
        [
            1,
            12
        ],
        [
            2,
            3
        ],
        [
            2,
            15
        ],
        [
            2,
            19
        ],
        [
            3,
            6
        ],
        [
            3,
            8
        ],
        [
            4,
            10
        ],
        [
            4,
            11
        ],
        [
            4,
            16
        ],
        [
            4,
            18
        ],
        [
            4,
            19
        ],
        [
            5,
            9
        ],
        [
            6,
            17
        ],
        [
            7,
            11
        ],
        [
            7,
            12
        ],
        [
            8,
            10
        ],
        [
            8,
            16
        ],
        [
            9,
            12
        ],
        [
            10,
            18
        ],
        [
            12,
            18
        ],
        [
            14,
            19
        ],
        [
            15,
            18
        ],
        [
            15,
            19
        ]
    ]
}