{
    "total_node_number": 20,
    "probability_of_edge": 0.1,
    "time": {
        "request": 5972.25,
        "reply": 4999.75,
        "forwarding": 0.0
    },
    "request_message_count": 46,
    "route": [
        {
            "name": "Shortest Path",
            "route_node_count": 4,
            "route": [
                0,
                2,
                17,
                19
            ]
        },
        {
            "name": "DSRAlgorithm Path",
            "route_node_count": 4,
            "route": [
                0,
                2,
                17,
                19
            ]
        }
    ],
    "edges": [
        [
            0,
            2
        ],
        [
            0,
            7
        ],
        [
            0,
            9
        ],
        [
            0,
            12
        ],
        [
            1,
            19
        ],
        [
            2,
            6
        ],
        [
            2,
            17
        ],
        [
            3,
            5
        ],
        [
            3,
            11
        ],
        [
            4,
            8
        ],
        [
            4,
            14
        ],
        [
            4,
            15
        ],
        [
            4,
            16
        ],
        [
            5,
            8
        ],
        [
            6,
            16
        ],
        [
            6,
            18
        ],
        [
            7,
            13
        ],
        [
            7,
            15
        ],
        [
            8,
            12
        ],
        [
            10,
            16
        ],
        [
            13,
            14
        ],
        [
            14,
            15
        ],
        [
            14,
            18
        ],
        [
            16,
            19
        ],
        [
            17,
            19
        ]
    ]
}