{
    "total_node_number": 10,
    "probability_of_edge": 0.2,
    "time": {
        "request": 7001.25,
        "reply": 5457.75,
        "forwarding": 3015.0
    },
    "request_message_count": 18,
    "route": [
        {
            "name": "Shortest Path",
            "route_node_count": 2,
            "route": [
                0,
                9
            ]
        },
        {
            "name": "DSRAlgorithm Path",
            "route_node_count": 2,
            "route": [
                0,
                9
            ]
        }
    ],
    "edges": [
        [
            0,
            4
        ],
        [
            0,
            7
        ],
        [
            0,
            9
        ],
        [
            1,
            3
        ],
        [
            1,
            5
        ],
        [
            2,
            9
        ],
        [
            3,
            6
        ],
        [
            4,
            6
        ],
        [
            4,
            7
        ],
        [
            6,
            8
        ],
        [
            6,
            9
        ]
    ]
}