{
    "total_node_number": 10,
    "probability_of_edge": 0.2,
    "time": {
        "request": 11346.5,
        "reply": 9044.5,
        "forwarding": 2952.5
    },
    "request_message_count": 24,
    "route": [
        {
            "name": "Shortest Path",
            "route_node_count": 4,
            "route": [
                0,
                2,
                4,
                9
            ]
        },
        {
            "name": "DSRAlgorithm Path",
            "route_node_count": 4,
            "route": [
                0,
                1,
                6,
                9
            ]
        }
    ],
    "edges": [
        [
            0,
            1
        ],
        [
            0,
            2
        ],
        [
            0,
            3
        ],
        [
            1,
            6
        ],
        [
            2,
            4
        ],
        [
            2,
            5
        ],
        [
            3,
            5
        ],
        [
            4,
            7
        ],
        [
            4,
            8
        ],
        [
            4,
            9
        ],
        [
            5,
            8
        ],
        [
            6,
            9
        ],
        [
            7,
            8
        ]
    ]
}