{
    "total_node_number": 20,
    "probability_of_edge": 0.1,
    "time": {
        "request": 1998.0,
        "reply": 6001.5,
        "forwarding": 0.0
    },
    "request_message_count": 51,
    "route": [
        {
            "name": "Shortest Path",
            "route_node_count": 3,
            "route": [
                0,
                10,
                19
            ]
        },
        {
            "name": "DSRAlgorithm Path",
            "route_node_count": 3,
            "route": [
                0,
                10,
                19
            ]
        }
    ],
    "edges": [
        [
            0,
            10
        ],
        [
            0,
            13
        ],
        [
            1,
            8
        ],
        [
            1,
            18
        ],
        [
            2,
            6
        ],
        [
            2,
            7
        ],
        [
            2,
            8
        ],
        [
            3,
            6
        ],
        [
            3,
            10
        ],
        [
            3,
            12
        ],
        [
            4,
            6
        ],
        [
            4,
            9
        ],
        [
            4,
            11
        ],
        [
            4,
            18
        ],
        [
            4,
            19
        ],
        [
            5,
            17
        ],
        [
            5,
            18
        ],
        [
            6,
            17
        ],
        [
            6,
            19
        ],
        [
            7,
            16
        ],
        [
            8,
            14
        ],
        [
            8,
            15
        ],
        [
            10,
            17
        ],
        [
            10,
            19
        ],
        [
            11,
            14
        ],
        [
            12,
            13
        ],
        [
            13,
            17
        ]
    ]
}