{
    "total_node_number": 10,
    "probability_of_edge": 0.2,
    "time": {
        "request": 3581.0,
        "reply": 8962.75,
        "forwarding": 0.0
    },
    "request_message_count": 20,
    "route": [
        {
            "name": "Shortest Path",
            "route_node_count": 2,
            "route": [
                0,
                9
            ]
        },
        {
            "name": "DSRAlgorithm Path",
            "route_node_count": 2,
            "route": [
                0,
                9
            ]
        }
    ],
    "edges": [
        [
            0,
            2
        ],
        [
            0,
            9
        ],
        [
            1,
            8
        ],
        [
            1,
            9
        ],
        [
            2,
            3
        ],
        [
            2,
            6
        ],
        [
            3,
            5
        ],
        [
            3,
            8
        ],
        [
            4,
            9
        ],
        [
            5,
            6
        ],
        [
            5,
            7
        ],
        [
            5,
            8
        ]
    ]
}