{
    "total_node_number": 10,
    "probability_of_edge": 0.2,
    "time": {
        "request": 18049.5,
        "reply": 4045.25,
        "forwarding": 1949.75
    },
    "request_message_count": 19,
    "route": [
        {
            "name": "Shortest Path",
            "route_node_count": 3,
            "route": [
                0,
                1,
                9
            ]
        },
        {
            "name": "DSRAlgorithm Path",
            "route_node_count": 3,
            "route": [
                0,
                1,
                9
            ]
        }
    ],
    "edges": [
        [
            0,
            1
        ],
        [
            0,
            2
        ],
        [
            0,
            3
        ],
        [
            1,
            3
        ],
        [
            1,
            5
        ],
        [
            1,
            8
        ],
        [
            1,
            9
        ],
        [
            2,
            6
        ],
        [
            3,
            4
        ],
        [
            7,
            8
        ]
    ]
}