{
    "total_node_number": 20,
    "probability_of_edge": 0.1,
    "time": {
        "request": 6001.25,
        "reply": 12998.75,
        "forwarding": 2025.0
    },
    "request_message_count": 49,
    "route": [
        {
            "name": "Shortest Path",
            "route_node_count": 3,
            "route": [
                0,
                10,
                19
            ]
        },
        {
            "name": "DSRAlgorithm Path",
            "route_node_count": 4,
            "route": [
                0,
                6,
                16,
                19
            ]
        }
    ],
    "edges": [
        [
            0,
            2
        ],
        [
            0,
            5
        ],
        [
            0,
            6
        ],
        [
            0,
            10
        ],
        [
            1,
            17
        ],
        [
            3,
            11
        ],
        [
            3,
            16
        ],
        [
            3,
            17
        ],
        [
            4,
            9
        ],
        [
            5,
            10
        ],
        [
            6,
            9
        ],
        [
            6,
            16
        ],
        [
            7,
            18
        ],
        [
            8,
            11
        ],
        [
            9,
            11
        ],
        [
            10,
            16
        ],
        [
            10,
            19
        ],
        [
            11,
            12
        ],
        [
            12,
            13
        ],
        [
            13,
            17
        ],
        [
            13,
            18
        ],
        [
            14,
            19
        ],
        [
            15,
            16
        ],
        [
            15,
            19
        ],
        [
            16,
            17
        ],
        [
            16,
            19
        ],
        [
            17,
            18
        ]
    ]
}