{
    "total_node_number": 10,
    "probability_of_edge": 0.4,
    "time": {
        "request": 9027.0,
        "reply": 17047.75,
        "forwarding": 7585.0
    },
    "request_message_count": 25,
    "route": [
        {
            "name": "Shortest Path",
            "route_node_count": 3,
            "route": [
                0,
                3,
                9
            ]
        },
        {
            "name": "DSRAlgorithm Path",
            "route_node_count": 3,
            "route": [
                0,
                3,
                9
            ]
        }
    ],
    "edges": [
        [
            0,
            1
        ],
        [
            0,
            3
        ],
        [
            0,
            7
        ],
        [
            2,
            9
        ],
        [
            3,
            4
        ],
        [
            3,
            5
        ],
        [
            3,
            7
        ],
        [
            3,
            8
        ],
        [
            3,
            9
        ],
        [
            4,
            7
        ],
        [
            4,
            8
        ],
        [
            4,
            9
        ],
        [
            6,
            8
        ],
        [
            7,
            8
        ],
        [
            7,
            9
        ]
    ]
}