{
    "total_node_number": 20,
    "probability_of_edge": 0.1,
    "time": {
        "request": 7997.0,
        "reply": 2999.25,
        "forwarding": 1000.75
    },
    "request_message_count": 55,
    "route": [
        {
            "name": "Shortest Path",
            "route_node_count": 6,
            "route": [
                0,
                18,
                3,
                16,
                17,
                19
            ]
        },
        {
            "name": "DSRAlgorithm Path",
            "route_node_count": 6,
            "route": [
                0,
                18,
                3,
                16,
                17,
                19
            ]
        }
    ],
    "edges": [
        [
            0,
            18
        ],
        [
            1,
            10
        ],
        [
            2,
            5
        ],
        [
            2,
            10
        ],
        [
            2,
            14
        ],
        [
            3,
            4
        ],
        [
            3,
            14
        ],
        [
            3,
            16
        ],
        [
            3,
            18
        ],
        [
            4,
            12
        ],
        [
            4,
            15
        ],
        [
            5,
            9
        ],
        [
            5,
            13
        ],
        [
            6,
            10
        ],
        [
            6,
            16
        ],
        [
            6,
            17
        ],
        [
            7,
            15
        ],
        [
            8,
            18
        ],
        [
            9,
            10
        ],
        [
            9,
            11
        ],
        [
            9,
            14
        ],
        [
            10,
            13
        ],
        [
            11,
            14
        ],
        [
            12,
            18
        ],
        [
            13,
            14
        ],
        [
            14,
            15
        ],
        [
            16,
            17
        ],
        [
            17,
            19
        ]
    ]
}