{
    "total_node_number": 20,
    "probability_of_edge": 0.1,
    "time": {
        "request": 6001.75,
        "reply": 2999.25,
        "forwarding": 1001.0
    },
    "request_message_count": 41,
    "route": [
        {
            "name": "Shortest Path",
            "route_node_count": 5,
            "route": [
                0,
                12,
                2,
                10,
                19
            ]
        },
        {
            "name": "DSRAlgorithm Path",
            "route_node_count": 5,
            "route": [
                0,
                12,
                2,
                10,
                19
            ]
        }
    ],
    "edges": [
        [
            0,
            12
        ],
        [
            1,
            7
        ],
        [
            1,
            17
        ],
        [
            2,
            8
        ],
        [
            2,
            10
        ],
        [
            2,
            12
        ],
        [
            2,
            14
        ],
        [
            3,
            18
        ],
        [
            3,
            19
        ],
        [
            4,
            10
        ],
        [
            4,
            16
        ],
        [
            5,
            7
        ],
        [
            5,
            11
        ],
        [
            6,
            8
        ],
        [
            7,
            15
        ],
        [
            7,
            17
        ],
        [
            8,
            11
        ],
        [
            8,
            16
        ],
        [
            9,
            18
        ],
        [
            10,
            16
        ],
        [
            10,
            19
        ],
        [
            11,
            12
        ],
        [
            11,
            17
        ],
        [
            12,
            13
        ]
    ]
}