{
    "total_node_number": 30,
    "probability_of_edge": 0.06666666666666667,
    "time": {
        "request": 999.75,
        "reply": 1000.5,
        "forwarding": 0.0
    },
    "request_message_count": 71,
    "route": [
        {
            "name": "Shortest Path",
            "route_node_count": 2,
            "route": [
                0,
                29
            ]
        },
        {
            "name": "DSRAlgorithm Path",
            "route_node_count": 2,
            "route": [
                0,
                29
            ]
        }
    ],
    "edges": [
        [
            0,
            20
        ],
        [
            0,
            29
        ],
        [
            1,
            20
        ],
        [
            1,
            28
        ],
        [
            2,
            19
        ],
        [
            3,
            4
        ],
        [
            3,
            24
        ],
        [
            4,
            18
        ],
        [
            4,
            19
        ],
        [
            5,
            10
        ],
        [
            6,
            19
        ],
        [
            7,
            12
        ],
        [
            7,
            13
        ],
        [
            7,
            17
        ],
        [
            7,
            22
        ],
        [
            8,
            14
        ],
        [
            8,
            16
        ],
        [
            9,
            25
        ],
        [
            9,
            28
        ],
        [
            10,
            22
        ],
        [
            10,
            28
        ],
        [
            11,
            17
        ],
        [
            11,
            22
        ],
        [
            12,
            13
        ],
        [
            12,
            21
        ],
        [
            12,
            23
        ],
        [
            13,
            19
        ],
        [
            13,
            26
        ],
        [
            15,
            19
        ],
        [
            15,
            25
        ],
        [
            15,
            27
        ],
        [
            16,
            17
        ],
        [
            17,
            22
        ],
        [
            18,
            19
        ],
        [
            18,
            27
        ],
        [
            26,
            28
        ]
    ]
}