{
    "total_node_number": 30,
    "probability_of_edge": 0.06666666666666667,
    "time": {
        "request": 2995.25,
        "reply": 3970.25,
        "forwarding": 7189.75
    },
    "request_message_count": 62,
    "route": [
        {
            "name": "Shortest Path",
            "route_node_count": 2,
            "route": [
                0,
                29
            ]
        },
        {
            "name": "DSRAlgorithm Path",
            "route_node_count": 2,
            "route": [
                0,
                29
            ]
        }
    ],
    "edges": [
        [
            0,
            13
        ],
        [
            0,
            19
        ],
        [
            0,
            29
        ],
        [
            1,
            11
        ],
        [
            1,
            12
        ],
        [
            1,
            22
        ],
        [
            2,
            8
        ],
        [
            2,
            21
        ],
        [
            3,
            13
        ],
        [
            3,
            26
        ],
        [
            4,
            7
        ],
        [
            4,
            17
        ],
        [
            5,
            8
        ],
        [
            5,
            20
        ],
        [
            6,
            14
        ],
        [
            7,
            9
        ],
        [
            8,
            28
        ],
        [
            10,
            20
        ],
        [
            12,
            16
        ],
        [
            12,
            17
        ],
        [
            12,
            26
        ],
        [
            14,
            23
        ],
        [
            15,
            21
        ],
        [
            15,
            26
        ],
        [
            17,
            28
        ],
        [
            18,
            20
        ],
        [
            18,
            23
        ],
        [
            21,
            24
        ],
        [
            22,
            28
        ],
        [
            23,
            25
        ],
        [
            27,
            28
        ],
        [
            28,
            29
        ]
    ]
}