{
    "total_node_number": 10,
    "probability_of_edge": 0.6,
    "time": {
        "request": 10015.0,
        "reply": 9131.5,
        "forwarding": 1224.25
    },
    "request_message_count": 58,
    "route": [
        {
            "name": "Shortest Path",
            "route_node_count": 3,
            "route": [
                0,
                2,
                9
            ]
        },
        {
            "name": "DSRAlgorithm Path",
            "route_node_count": 3,
            "route": [
                0,
                6,
                9
            ]
        }
    ],
    "edges": [
        [
            0,
            2
        ],
        [
            0,
            3
        ],
        [
            0,
            4
        ],
        [
            0,
            6
        ],
        [
            0,
            7
        ],
        [
            0,
            8
        ],
        [
            1,
            2
        ],
        [
            1,
            4
        ],
        [
            1,
            6
        ],
        [
            1,
            7
        ],
        [
            1,
            8
        ],
        [
            1,
            9
        ],
        [
            2,
            5
        ],
        [
            2,
            7
        ],
        [
            2,
            8
        ],
        [
            2,
            9
        ],
        [
            3,
            5
        ],
        [
            3,
            6
        ],
        [
            3,
            7
        ],
        [
            3,
            9
        ],
        [
            4,
            5
        ],
        [
            4,
            6
        ],
        [
            4,
            7
        ],
        [
            4,
            8
        ],
        [
            4,
            9
        ],
        [
            5,
            6
        ],
        [
            5,
            7
        ],
        [
            5,
            8
        ],
        [
            5,
            9
        ],
        [
            6,
            7
        ],
        [
            6,
            8
        ],
        [
            6,
            9
        ]
    ]
}