{
    "total_node_number": 10,
    "probability_of_edge": 0.4,
    "time": {
        "request": 6883.75,
        "reply": 17886.25,
        "forwarding": 1954.25
    },
    "request_message_count": 34,
    "route": [
        {
            "name": "Shortest Path",
            "route_node_count": 2,
            "route": [
                0,
                9
            ]
        },
        {
            "name": "DSRAlgorithm Path",
            "route_node_count": 3,
            "route": [
                0,
                7,
                9
            ]
        }
    ],
    "edges": [
        [
            0,
            2
        ],
        [
            0,
            4
        ],
        [
            0,
            7
        ],
        [
            0,
            8
        ],
        [
            0,
            9
        ],
        [
            1,
            4
        ],
        [
            1,
            6
        ],
        [
            2,
            4
        ],
        [
            2,
            8
        ],
        [
            3,
            4
        ],
        [
            3,
            6
        ],
        [
            3,
            8
        ],
        [
            4,
            5
        ],
        [
            4,
            6
        ],
        [
            4,
            9
        ],
        [
            5,
            7
        ],
        [
            5,
            8
        ],
        [
            6,
            9
        ],
        [
            7,
            9
        ]
    ]
}