{
    "total_node_number": 10,
    "probability_of_edge": 0.4,
    "time": {
        "request": 24552.5,
        "reply": 8643.75,
        "forwarding": 4877.75
    },
    "request_message_count": 33,
    "route": [
        {
            "name": "Shortest Path",
            "route_node_count": 3,
            "route": [
                0,
                5,
                9
            ]
        },
        {
            "name": "DSRAlgorithm Path",
            "route_node_count": 5,
            "route": [
                0,
                2,
                4,
                8,
                9
            ]
        }
    ],
    "edges": [
        [
            0,
            1
        ],
        [
            0,
            2
        ],
        [
            0,
            3
        ],
        [
            0,
            5
        ],
        [
            1,
            4
        ],
        [
            1,
            6
        ],
        [
            1,
            7
        ],
        [
            2,
            3
        ],
        [
            2,
            4
        ],
        [
            3,
            5
        ],
        [
            3,
            7
        ],
        [
            4,
            7
        ],
        [
            4,
            8
        ],
        [
            5,
            8
        ],
        [
            5,
            9
        ],
        [
            7,
            8
        ],
        [
            7,
            9
        ],
        [
            8,
            9
        ]
    ]
}