{
    "total_node_number": 20,
    "probability_of_edge": 0.2,
    "time": {
        "request": 8997.25,
        "reply": 1999.0,
        "forwarding": 999.25
    },
    "request_message_count": 63,
    "route": [
        {
            "name": "Shortest Path",
            "route_node_count": 4,
            "route": [
                0,
                14,
                3,
                19
            ]
        },
        {
            "name": "DSRAlgorithm Path",
            "route_node_count": 4,
            "route": [
                0,
                12,
                13,
                19
            ]
        }
    ],
    "edges": [
        [
            0,
            6
        ],
        [
            0,
            11
        ],
        [
            0,
            12
        ],
        [
            0,
            14
        ],
        [
            1,
            5
        ],
        [
            1,
            8
        ],
        [
            2,
            18
        ],
        [
            2,
            19
        ],
        [
            3,
            7
        ],
        [
            3,
            8
        ],
        [
            3,
            14
        ],
        [
            3,
            19
        ],
        [
            4,
            10
        ],
        [
            4,
            17
        ],
        [
            5,
            7
        ],
        [
            5,
            13
        ],
        [
            7,
            9
        ],
        [
            7,
            11
        ],
        [
            7,
            14
        ],
        [
            8,
            9
        ],
        [
            8,
            12
        ],
        [
            8,
            14
        ],
        [
            8,
            15
        ],
        [
            9,
            14
        ],
        [
            10,
            16
        ],
        [
            11,
            14
        ],
        [
            12,
            13
        ],
        [
            12,
            15
        ],
        [
            12,
            16
        ],
        [
            13,
            15
        ],
        [
            13,
            16
        ],
        [
            13,
            19
        ],
        [
            17,
            18
        ]
    ]
}