{
    "total_node_number": 10,
    "probability_of_edge": 0.4,
    "time": {
        "request": 9206.5,
        "reply": 7000.0,
        "forwarding": 1935.5
    },
    "request_message_count": 21,
    "route": [
        {
            "name": "Shortest Path",
            "route_node_count": 4,
            "route": [
                0,
                6,
                2,
                9
            ]
        },
        {
            "name": "DSRAlgorithm Path",
            "route_node_count": 4,
            "route": [
                0,
                6,
                5,
                9
            ]
        }
    ],
    "edges": [
        [
            0,
            4
        ],
        [
            0,
            6
        ],
        [
            1,
            5
        ],
        [
            1,
            8
        ],
        [
            2,
            3
        ],
        [
            2,
            6
        ],
        [
            2,
            9
        ],
        [
            3,
            4
        ],
        [
            5,
            6
        ],
        [
            5,
            9
        ],
        [
            6,
            7
        ],
        [
            8,
            9
        ]
    ]
}