{
    "total_node_number": 20,
    "probability_of_edge": 0.1,
    "time": {
        "request": 5966.0,
        "reply": 6000.5,
        "forwarding": 1001.0
    },
    "request_message_count": 51,
    "route": [
        {
            "name": "Shortest Path",
            "route_node_count": 4,
            "route": [
                0,
                11,
                8,
                19
            ]
        },
        {
            "name": "DSRAlgorithm Path",
            "route_node_count": 4,
            "route": [
                0,
                11,
                8,
                19
            ]
        }
    ],
    "edges": [
        [
            0,
            11
        ],
        [
            0,
            17
        ],
        [
            1,
            13
        ],
        [
            2,
            8
        ],
        [
            2,
            18
        ],
        [
            3,
            6
        ],
        [
            3,
            10
        ],
        [
            4,
            8
        ],
        [
            4,
            11
        ],
        [
            4,
            16
        ],
        [
            5,
            6
        ],
        [
            5,
            8
        ],
        [
            5,
            9
        ],
        [
            5,
            18
        ],
        [
            6,
            10
        ],
        [
            7,
            17
        ],
        [
            8,
            11
        ],
        [
            8,
            15
        ],
        [
            8,
            16
        ],
        [
            8,
            19
        ],
        [
            9,
            12
        ],
        [
            9,
            18
        ],
        [
            10,
            16
        ],
        [
            11,
            12
        ],
        [
            11,
            14
        ],
        [
            12,
            19
        ],
        [
            13,
            19
        ],
        [
            14,
            18
        ],
        [
            18,
            19
        ]
    ]
}