{
    "total_node_number": 10,
    "probability_of_edge": 0.2,
    "time": {
        "request": 2000.0,
        "reply": 2000.75,
        "forwarding": 1000.5
    },
    "request_message_count": 19,
    "route": [
        {
            "name": "Shortest Path",
            "route_node_count": 3,
            "route": [
                0,
                1,
                9
            ]
        },
        {
            "name": "DSRAlgorithm Path",
            "route_node_count": 3,
            "route": [
                0,
                1,
                9
            ]
        }
    ],
    "edges": [
        [
            0,
            1
        ],
        [
            0,
            6
        ],
        [
            1,
            2
        ],
        [
            1,
            9
        ],
        [
            2,
            3
        ],
        [
            2,
            9
        ],
        [
            3,
            4
        ],
        [
            4,
            7
        ],
        [
            5,
            6
        ],
        [
            7,
            8
        ],
        [
            7,
            9
        ]
    ]
}