{
    "total_node_number": 10,
    "probability_of_edge": 0.2,
    "time": {
        "request": 18047.0,
        "reply": 8074.0,
        "forwarding": 982.75
    },
    "request_message_count": 24,
    "route": [
        {
            "name": "Shortest Path",
            "route_node_count": 2,
            "route": [
                0,
                9
            ]
        },
        {
            "name": "DSRAlgorithm Path",
            "route_node_count": 2,
            "route": [
                0,
                9
            ]
        }
    ],
    "edges": [
        [
            0,
            2
        ],
        [
            0,
            3
        ],
        [
            0,
            4
        ],
        [
            0,
            9
        ],
        [
            1,
            2
        ],
        [
            1,
            4
        ],
        [
            1,
            5
        ],
        [
            2,
            6
        ],
        [
            3,
            8
        ],
        [
            4,
            5
        ],
        [
            4,
            6
        ],
        [
            5,
            7
        ],
        [
            7,
            9
        ]
    ]
}