{
    "total_node_number": 10,
    "probability_of_edge": 0.2,
    "time": {
        "request": 4021.25,
        "reply": 9653.75,
        "forwarding": 3016.75
    },
    "request_message_count": 19,
    "route": [
        {
            "name": "Shortest Path",
            "route_node_count": 4,
            "route": [
                0,
                4,
                1,
                9
            ]
        },
        {
            "name": "DSRAlgorithm Path",
            "route_node_count": 4,
            "route": [
                0,
                4,
                1,
                9
            ]
        }
    ],
    "edges": [
        [
            0,
            4
        ],
        [
            1,
            4
        ],
        [
            1,
            9
        ],
        [
            2,
            6
        ],
        [
            2,
            7
        ],
        [
            2,
            8
        ],
        [
            3,
            6
        ],
        [
            3,
            7
        ],
        [
            4,
            6
        ],
        [
            5,
            6
        ]
    ]
}