{
    "total_node_number": 20,
    "probability_of_edge": 0.1,
    "time": {
        "request": 2000.5,
        "reply": 4998.75,
        "forwarding": 0.0
    },
    "request_message_count": 53,
    "route": [
        {
            "name": "Shortest Path",
            "route_node_count": 3,
            "route": [
                0,
                8,
                19
            ]
        },
        {
            "name": "DSRAlgorithm Path",
            "route_node_count": 3,
            "route": [
                0,
                8,
                19
            ]
        }
    ],
    "edges": [
        [
            0,
            8
        ],
        [
            0,
            9
        ],
        [
            1,
            4
        ],
        [
            1,
            6
        ],
        [
            1,
            7
        ],
        [
            1,
            10
        ],
        [
            1,
            17
        ],
        [
            2,
            10
        ],
        [
            3,
            6
        ],
        [
            4,
            7
        ],
        [
            5,
            18
        ],
        [
            6,
            10
        ],
        [
            6,
            12
        ],
        [
            7,
            16
        ],
        [
            7,
            19
        ],
        [
            8,
            10
        ],
        [
            8,
            11
        ],
        [
            8,
            19
        ],
        [
            9,
            19
        ],
        [
            10,
            14
        ],
        [
            12,
            14
        ],
        [
            12,
            18
        ],
        [
            13,
            14
        ],
        [
            14,
            15
        ],
        [
            14,
            16
        ],
        [
            14,
            18
        ],
        [
            15,
            17
        ],
        [
            15,
            19
        ],
        [
            17,
            19
        ]
    ]
}