{
    "total_node_number": 20,
    "probability_of_edge": 0.1,
    "time": {
        "request": 3999.0,
        "reply": 5003.75,
        "forwarding": 999.5
    },
    "request_message_count": 45,
    "route": [
        {
            "name": "Shortest Path",
            "route_node_count": 4,
            "route": [
                0,
                5,
                1,
                19
            ]
        },
        {
            "name": "DSRAlgorithm Path",
            "route_node_count": 4,
            "route": [
                0,
                5,
                1,
                19
            ]
        }
    ],
    "edges": [
        [
            0,
            5
        ],
        [
            0,
            17
        ],
        [
            1,
            5
        ],
        [
            1,
            12
        ],
        [
            1,
            19
        ],
        [
            2,
            4
        ],
        [
            2,
            18
        ],
        [
            3,
            6
        ],
        [
            3,
            12
        ],
        [
            3,
            16
        ],
        [
            4,
            9
        ],
        [
            4,
            13
        ],
        [
            4,
            18
        ],
        [
            5,
            8
        ],
        [
            5,
            13
        ],
        [
            5,
            18
        ],
        [
            7,
            17
        ],
        [
            8,
            14
        ],
        [
            9,
            15
        ],
        [
            10,
            13
        ],
        [
            11,
            13
        ],
        [
            12,
            13
        ],
        [
            13,
            16
        ]
    ]
}