{
    "total_node_number": 20,
    "probability_of_edge": 0.1,
    "time": {
        "request": 6000.0,
        "reply": 2999.5,
        "forwarding": 1002.5
    },
    "request_message_count": 42,
    "route": [
        {
            "name": "Shortest Path",
            "route_node_count": 5,
            "route": [
                0,
                16,
                14,
                4,
                19
            ]
        },
        {
            "name": "DSRAlgorithm Path",
            "route_node_count": 5,
            "route": [
                0,
                16,
                14,
                5,
                19
            ]
        }
    ],
    "edges": [
        [
            0,
            16
        ],
        [
            1,
            15
        ],
        [
            2,
            3
        ],
        [
            2,
            9
        ],
        [
            3,
            5
        ],
        [
            3,
            9
        ],
        [
            3,
            11
        ],
        [
            3,
            15
        ],
        [
            3,
            18
        ],
        [
            4,
            10
        ],
        [
            4,
            14
        ],
        [
            4,
            18
        ],
        [
            4,
            19
        ],
        [
            5,
            14
        ],
        [
            5,
            19
        ],
        [
            6,
            12
        ],
        [
            7,
            19
        ],
        [
            8,
            10
        ],
        [
            9,
            16
        ],
        [
            12,
            19
        ],
        [
            13,
            14
        ],
        [
            14,
            16
        ],
        [
            15,
            18
        ],
        [
            16,
            17
        ],
        [
            17,
            18
        ]
    ]
}