{
    "total_node_number": 30,
    "probability_of_edge": 0.06666666666666667,
    "time": {
        "request": 998.75,
        "reply": 0.0,
        "forwarding": 0.0
    },
    "request_message_count": 1,
    "route": [
        {
            "name": "Shortest Path",
            "route_node_count": 2,
            "route": [
                0,
                29
            ]
        },
        {
            "name": "DSRAlgorithm Path",
            "route_node_count": 2,
            "route": [
                0,
                29
            ]
        }
    ],
    "edges": [
        [
            0,
            29
        ],
        [
            1,
            18
        ],
        [
            2,
            23
        ],
        [
            3,
            4
        ],
        [
            3,
            17
        ],
        [
            3,
            25
        ],
        [
            4,
            28
        ],
        [
            5,
            11
        ],
        [
            5,
            16
        ],
        [
            6,
            8
        ],
        [
            6,
            13
        ],
        [
            7,
            8
        ],
        [
            7,
            10
        ],
        [
            7,
            21
        ],
        [
            7,
            28
        ],
        [
            8,
            19
        ],
        [
            8,
            20
        ],
        [
            9,
            19
        ],
        [
            9,
            24
        ],
        [
            9,
            26
        ],
        [
            11,
            14
        ],
        [
            11,
            22
        ],
        [
            12,
            26
        ],
        [
            13,
            25
        ],
        [
            15,
            25
        ],
        [
            16,
            18
        ],
        [
            16,
            25
        ],
        [
            17,
            26
        ],
        [
            18,
            24
        ],
        [
            19,
            20
        ],
        [
            19,
            23
        ],
        [
            23,
            25
        ],
        [
            27,
            29
        ],
        [
            28,
            29
        ]
    ]
}