{
    "total_node_number": 10,
    "probability_of_edge": 0.2,
    "time": {
        "request": 20989.25,
        "reply": 4019.75,
        "forwarding": 4000.75
    },
    "request_message_count": 19,
    "route": [
        {
            "name": "Shortest Path",
            "route_node_count": 5,
            "route": [
                0,
                2,
                3,
                6,
                9
            ]
        },
        {
            "name": "DSRAlgorithm Path",
            "route_node_count": 5,
            "route": [
                0,
                5,
                3,
                6,
                9
            ]
        }
    ],
    "edges": [
        [
            0,
            2
        ],
        [
            0,
            4
        ],
        [
            0,
            5
        ],
        [
            0,
            7
        ],
        [
            1,
            4
        ],
        [
            2,
            3
        ],
        [
            3,
            5
        ],
        [
            3,
            6
        ],
        [
            5,
            7
        ],
        [
            6,
            9
        ],
        [
            8,
            9
        ]
    ]
}