{
    "total_node_number": 10,
    "probability_of_edge": 0.2,
    "time": {
        "request": 15906.25,
        "reply": 4000.5,
        "forwarding": 2997.25
    },
    "request_message_count": 19,
    "route": [
        {
            "name": "Shortest Path",
            "route_node_count": 4,
            "route": [
                0,
                2,
                3,
                9
            ]
        },
        {
            "name": "DSRAlgorithm Path",
            "route_node_count": 4,
            "route": [
                0,
                2,
                3,
                9
            ]
        }
    ],
    "edges": [
        [
            0,
            2
        ],
        [
            0,
            5
        ],
        [
            0,
            6
        ],
        [
            1,
            6
        ],
        [
            2,
            3
        ],
        [
            2,
            4
        ],
        [
            2,
            8
        ],
        [
            3,
            9
        ],
        [
            4,
            6
        ],
        [
            5,
            7
        ]
    ]
}