{
    "total_node_number": 10,
    "probability_of_edge": 0.4,
    "time": {
        "request": 1998.75,
        "reply": 3701.25,
        "forwarding": 4999.5
    },
    "request_message_count": 29,
    "route": [
        {
            "name": "Shortest Path",
            "route_node_count": 2,
            "route": [
                0,
                9
            ]
        },
        {
            "name": "DSRAlgorithm Path",
            "route_node_count": 2,
            "route": [
                0,
                9
            ]
        }
    ],
    "edges": [
        [
            0,
            3
        ],
        [
            0,
            6
        ],
        [
            0,
            9
        ],
        [
            1,
            6
        ],
        [
            2,
            4
        ],
        [
            2,
            5
        ],
        [
            3,
            4
        ],
        [
            3,
            6
        ],
        [
            3,
            7
        ],
        [
            3,
            8
        ],
        [
            4,
            5
        ],
        [
            4,
            7
        ],
        [
            4,
            8
        ],
        [
            5,
            6
        ],
        [
            5,
            9
        ],
        [
            8,
            9
        ]
    ]
}