{
    "total_node_number": 20,
    "probability_of_edge": 0.2,
    "time": {
        "request": 1000.75,
        "reply": 1000.75,
        "forwarding": 0.0
    },
    "request_message_count": 67,
    "route": [
        {
            "name": "Shortest Path",
            "route_node_count": 2,
            "route": [
                0,
                19
            ]
        },
        {
            "name": "DSRAlgorithm Path",
            "route_node_count": 2,
            "route": [
                0,
                19
            ]
        }
    ],
    "edges": [
        [
            0,
            8
        ],
        [
            0,
            13
        ],
        [
            0,
            19
        ],
        [
            1,
            11
        ],
        [
            1,
            14
        ],
        [
            1,
            17
        ],
        [
            2,
            5
        ],
        [
            2,
            11
        ],
        [
            2,
            17
        ],
        [
            3,
            5
        ],
        [
            3,
            11
        ],
        [
            3,
            16
        ],
        [
            3,
            17
        ],
        [
            3,
            19
        ],
        [
            4,
            6
        ],
        [
            4,
            9
        ],
        [
            4,
            13
        ],
        [
            4,
            15
        ],
        [
            4,
            16
        ],
        [
            5,
            6
        ],
        [
            5,
            10
        ],
        [
            5,
            12
        ],
        [
            6,
            10
        ],
        [
            6,
            18
        ],
        [
            7,
            15
        ],
        [
            7,
            17
        ],
        [
            7,
            18
        ],
        [
            8,
            14
        ],
        [
            8,
            16
        ],
        [
            9,
            18
        ],
        [
            10,
            16
        ],
        [
            11,
            13
        ],
        [
            13,
            18
        ],
        [
            15,
            16
        ],
        [
            15,
            19
        ]
    ]
}