{
    "total_node_number": 10,
    "probability_of_edge": 0.2,
    "time": {
        "request": 3996.75,
        "reply": 4003.25,
        "forwarding": 1705.25
    },
    "request_message_count": 11,
    "route": [
        {
            "name": "Shortest Path",
            "route_node_count": 3,
            "route": [
                0,
                2,
                9
            ]
        },
        {
            "name": "DSRAlgorithm Path",
            "route_node_count": 3,
            "route": [
                0,
                2,
                9
            ]
        }
    ],
    "edges": [
        [
            0,
            1
        ],
        [
            0,
            2
        ],
        [
            2,
            3
        ],
        [
            2,
            9
        ],
        [
            3,
            4
        ],
        [
            4,
            7
        ],
        [
            5,
            9
        ],
        [
            6,
            8
        ],
        [
            8,
            9
        ]
    ]
}