{
    "total_node_number": 20,
    "probability_of_edge": 0.2,
    "time": {
        "request": 5998.75,
        "reply": 7999.25,
        "forwarding": 1000.75
    },
    "request_message_count": 65,
    "route": [
        {
            "name": "Shortest Path",
            "route_node_count": 4,
            "route": [
                0,
                17,
                3,
                19
            ]
        },
        {
            "name": "DSRAlgorithm Path",
            "route_node_count": 4,
            "route": [
                0,
                17,
                3,
                19
            ]
        }
    ],
    "edges": [
        [
            0,
            17
        ],
        [
            1,
            2
        ],
        [
            1,
            4
        ],
        [
            1,
            7
        ],
        [
            1,
            14
        ],
        [
            2,
            7
        ],
        [
            2,
            11
        ],
        [
            2,
            18
        ],
        [
            2,
            19
        ],
        [
            3,
            5
        ],
        [
            3,
            8
        ],
        [
            3,
            10
        ],
        [
            3,
            15
        ],
        [
            3,
            17
        ],
        [
            3,
            19
        ],
        [
            4,
            5
        ],
        [
            5,
            6
        ],
        [
            5,
            15
        ],
        [
            6,
            10
        ],
        [
            7,
            11
        ],
        [
            7,
            18
        ],
        [
            7,
            19
        ],
        [
            8,
            16
        ],
        [
            8,
            17
        ],
        [
            9,
            11
        ],
        [
            9,
            12
        ],
        [
            9,
            16
        ],
        [
            10,
            12
        ],
        [
            11,
            17
        ],
        [
            12,
            15
        ],
        [
            13,
            16
        ],
        [
            13,
            19
        ],
        [
            15,
            18
        ],
        [
            16,
            18
        ],
        [
            18,
            19
        ]
    ]
}