{
    "total_node_number": 10,
    "probability_of_edge": 0.2,
    "time": {
        "request": 1999.25,
        "reply": 1995.0,
        "forwarding": 1004.75
    },
    "request_message_count": 1,
    "route": [
        {
            "name": "Shortest Path",
            "route_node_count": 2,
            "route": [
                0,
                9
            ]
        },
        {
            "name": "DSRAlgorithm Path",
            "route_node_count": 2,
            "route": [
                0,
                9
            ]
        }
    ],
    "edges": [
        [
            0,
            9
        ],
        [
            1,
            4
        ],
        [
            1,
            6
        ],
        [
            1,
            7
        ],
        [
            1,
            9
        ],
        [
            2,
            4
        ],
        [
            3,
            5
        ],
        [
            5,
            8
        ],
        [
            5,
            9
        ]
    ]
}