{
    "total_node_number": 20,
    "probability_of_edge": 0.1,
    "time": {
        "request": 2000.5,
        "reply": 3999.5,
        "forwarding": 0.0
    },
    "request_message_count": 52,
    "route": [
        {
            "name": "Shortest Path",
            "route_node_count": 2,
            "route": [
                0,
                19
            ]
        },
        {
            "name": "DSRAlgorithm Path",
            "route_node_count": 2,
            "route": [
                0,
                19
            ]
        }
    ],
    "edges": [
        [
            0,
            2
        ],
        [
            0,
            7
        ],
        [
            0,
            9
        ],
        [
            0,
            17
        ],
        [
            0,
            19
        ],
        [
            1,
            17
        ],
        [
            2,
            13
        ],
        [
            2,
            17
        ],
        [
            2,
            19
        ],
        [
            3,
            7
        ],
        [
            3,
            15
        ],
        [
            4,
            5
        ],
        [
            5,
            6
        ],
        [
            5,
            14
        ],
        [
            6,
            12
        ],
        [
            6,
            18
        ],
        [
            7,
            10
        ],
        [
            7,
            11
        ],
        [
            7,
            17
        ],
        [
            8,
            12
        ],
        [
            8,
            16
        ],
        [
            9,
            12
        ],
        [
            9,
            17
        ],
        [
            10,
            13
        ],
        [
            11,
            16
        ],
        [
            11,
            18
        ],
        [
            15,
            17
        ]
    ]
}