{
    "total_node_number": 10,
    "probability_of_edge": 0.4,
    "time": {
        "request": 7999.0,
        "reply": 3000.5,
        "forwarding": 959.5
    },
    "request_message_count": 40,
    "route": [
        {
            "name": "Shortest Path",
            "route_node_count": 3,
            "route": [
                0,
                6,
                9
            ]
        },
        {
            "name": "DSRAlgorithm Path",
            "route_node_count": 3,
            "route": [
                0,
                6,
                9
            ]
        }
    ],
    "edges": [
        [
            0,
            1
        ],
        [
            0,
            3
        ],
        [
            0,
            6
        ],
        [
            0,
            7
        ],
        [
            0,
            8
        ],
        [
            1,
            2
        ],
        [
            1,
            4
        ],
        [
            1,
            5
        ],
        [
            1,
            8
        ],
        [
            2,
            3
        ],
        [
            2,
            8
        ],
        [
            2,
            9
        ],
        [
            3,
            5
        ],
        [
            3,
            6
        ],
        [
            4,
            6
        ],
        [
            4,
            7
        ],
        [
            4,
            9
        ],
        [
            5,
            8
        ],
        [
            5,
            9
        ],
        [
            6,
            9
        ],
        [
            7,
            8
        ],
        [
            7,
            9
        ],
        [
            8,
            9
        ]
    ]
}