{
    "total_node_number": 20,
    "probability_of_edge": 0.1,
    "time": {
        "request": 3967.0,
        "reply": 4000.0,
        "forwarding": 1000.25
    },
    "request_message_count": 32,
    "route": [
        {
            "name": "Shortest Path",
            "route_node_count": 6,
            "route": [
                0,
                4,
                9,
                17,
                14,
                19
            ]
        },
        {
            "name": "DSRAlgorithm Path",
            "route_node_count": 6,
            "route": [
                0,
                4,
                9,
                17,
                14,
                19
            ]
        }
    ],
    "edges": [
        [
            0,
            4
        ],
        [
            1,
            2
        ],
        [
            2,
            5
        ],
        [
            2,
            19
        ],
        [
            3,
            6
        ],
        [
            3,
            11
        ],
        [
            4,
            9
        ],
        [
            4,
            12
        ],
        [
            4,
            15
        ],
        [
            5,
            10
        ],
        [
            6,
            16
        ],
        [
            6,
            17
        ],
        [
            6,
            18
        ],
        [
            7,
            11
        ],
        [
            8,
            13
        ],
        [
            8,
            16
        ],
        [
            9,
            17
        ],
        [
            12,
            15
        ],
        [
            14,
            17
        ],
        [
            14,
            19
        ],
        [
            16,
            19
        ]
    ]
}