{
    "total_node_number": 10,
    "probability_of_edge": 0.2,
    "time": {
        "request": 9205.5,
        "reply": 5988.0,
        "forwarding": 1643.0
    },
    "request_message_count": 23,
    "route": [
        {
            "name": "Shortest Path",
            "route_node_count": 3,
            "route": [
                0,
                6,
                9
            ]
        },
        {
            "name": "DSRAlgorithm Path",
            "route_node_count": 3,
            "route": [
                0,
                6,
                9
            ]
        }
    ],
    "edges": [
        [
            0,
            5
        ],
        [
            0,
            6
        ],
        [
            0,
            7
        ],
        [
            0,
            8
        ],
        [
            1,
            5
        ],
        [
            1,
            7
        ],
        [
            2,
            3
        ],
        [
            2,
            8
        ],
        [
            3,
            4
        ],
        [
            4,
            7
        ],
        [
            6,
            9
        ],
        [
            7,
            8
        ]
    ]
}