{
    "total_node_number": 10,
    "probability_of_edge": 0.2,
    "time": {
        "request": 6996.0,
        "reply": 2999.0,
        "forwarding": 1995.5
    },
    "request_message_count": 9,
    "route": [
        {
            "name": "Shortest Path",
            "route_node_count": 4,
            "route": [
                0,
                8,
                6,
                9
            ]
        },
        {
            "name": "DSRAlgorithm Path",
            "route_node_count": 4,
            "route": [
                0,
                8,
                6,
                9
            ]
        }
    ],
    "edges": [
        [
            0,
            8
        ],
        [
            1,
            8
        ],
        [
            2,
            5
        ],
        [
            2,
            9
        ],
        [
            3,
            8
        ],
        [
            4,
            5
        ],
        [
            6,
            8
        ],
        [
            6,
            9
        ],
        [
            7,
            9
        ]
    ]
}