{
    "total_node_number": 20,
    "probability_of_edge": 0.2,
    "time": {
        "request": 5000.75,
        "reply": 7000.5,
        "forwarding": 0.0
    },
    "request_message_count": 66,
    "route": [
        {
            "name": "Shortest Path",
            "route_node_count": 3,
            "route": [
                0,
                14,
                19
            ]
        },
        {
            "name": "DSRAlgorithm Path",
            "route_node_count": 3,
            "route": [
                0,
                14,
                19
            ]
        }
    ],
    "edges": [
        [
            0,
            5
        ],
        [
            0,
            12
        ],
        [
            0,
            14
        ],
        [
            1,
            5
        ],
        [
            1,
            15
        ],
        [
            2,
            4
        ],
        [
            2,
            16
        ],
        [
            3,
            4
        ],
        [
            3,
            14
        ],
        [
            3,
            15
        ],
        [
            4,
            6
        ],
        [
            4,
            9
        ],
        [
            4,
            14
        ],
        [
            4,
            16
        ],
        [
            4,
            17
        ],
        [
            5,
            9
        ],
        [
            5,
            12
        ],
        [
            5,
            14
        ],
        [
            6,
            7
        ],
        [
            6,
            9
        ],
        [
            7,
            13
        ],
        [
            7,
            14
        ],
        [
            8,
            17
        ],
        [
            9,
            11
        ],
        [
            9,
            14
        ],
        [
            10,
            11
        ],
        [
            10,
            18
        ],
        [
            11,
            14
        ],
        [
            11,
            15
        ],
        [
            11,
            19
        ],
        [
            13,
            19
        ],
        [
            14,
            16
        ],
        [
            14,
            19
        ],
        [
            15,
            16
        ],
        [
            17,
            19
        ]
    ]
}