{
    "total_node_number": 20,
    "probability_of_edge": 0.1,
    "time": {
        "request": 4001.0,
        "reply": 5000.25,
        "forwarding": 0.0
    },
    "request_message_count": 48,
    "route": [
        {
            "name": "Shortest Path",
            "route_node_count": 3,
            "route": [
                0,
                8,
                19
            ]
        },
        {
            "name": "DSRAlgorithm Path",
            "route_node_count": 3,
            "route": [
                0,
                8,
                19
            ]
        }
    ],
    "edges": [
        [
            0,
            8
        ],
        [
            0,
            12
        ],
        [
            0,
            18
        ],
        [
            1,
            8
        ],
        [
            1,
            10
        ],
        [
            1,
            18
        ],
        [
            2,
            10
        ],
        [
            2,
            13
        ],
        [
            2,
            18
        ],
        [
            3,
            5
        ],
        [
            3,
            17
        ],
        [
            4,
            17
        ],
        [
            5,
            14
        ],
        [
            5,
            16
        ],
        [
            6,
            15
        ],
        [
            6,
            16
        ],
        [
            7,
            17
        ],
        [
            8,
            19
        ],
        [
            9,
            11
        ],
        [
            9,
            12
        ],
        [
            9,
            16
        ],
        [
            10,
            18
        ],
        [
            11,
            13
        ],
        [
            13,
            19
        ],
        [
            15,
            18
        ]
    ]
}