{
    "total_node_number": 10,
    "probability_of_edge": 0.4,
    "time": {
        "request": 11521.75,
        "reply": 9464.0,
        "forwarding": 3000.0
    },
    "request_message_count": 25,
    "route": [
        {
            "name": "Shortest Path",
            "route_node_count": 4,
            "route": [
                0,
                2,
                5,
                9
            ]
        },
        {
            "name": "DSRAlgorithm Path",
            "route_node_count": 5,
            "route": [
                0,
                2,
                8,
                3,
                9
            ]
        }
    ],
    "edges": [
        [
            0,
            2
        ],
        [
            1,
            2
        ],
        [
            1,
            6
        ],
        [
            1,
            8
        ],
        [
            2,
            5
        ],
        [
            2,
            8
        ],
        [
            3,
            5
        ],
        [
            3,
            7
        ],
        [
            3,
            8
        ],
        [
            3,
            9
        ],
        [
            4,
            5
        ],
        [
            5,
            9
        ],
        [
            6,
            7
        ],
        [
            7,
            9
        ]
    ]
}