{
    "total_node_number": 20,
    "probability_of_edge": 0.1,
    "time": {
        "request": 2994.5,
        "reply": 8000.5,
        "forwarding": 0.0
    },
    "request_message_count": 59,
    "route": [
        {
            "name": "Shortest Path",
            "route_node_count": 3,
            "route": [
                0,
                2,
                19
            ]
        },
        {
            "name": "DSRAlgorithm Path",
            "route_node_count": 3,
            "route": [
                0,
                2,
                19
            ]
        }
    ],
    "edges": [
        [
            0,
            2
        ],
        [
            0,
            9
        ],
        [
            0,
            11
        ],
        [
            0,
            14
        ],
        [
            0,
            15
        ],
        [
            0,
            17
        ],
        [
            0,
            18
        ],
        [
            1,
            10
        ],
        [
            1,
            19
        ],
        [
            2,
            7
        ],
        [
            2,
            19
        ],
        [
            3,
            18
        ],
        [
            4,
            17
        ],
        [
            5,
            7
        ],
        [
            5,
            10
        ],
        [
            5,
            12
        ],
        [
            5,
            13
        ],
        [
            6,
            7
        ],
        [
            6,
            11
        ],
        [
            6,
            12
        ],
        [
            6,
            13
        ],
        [
            8,
            17
        ],
        [
            8,
            18
        ],
        [
            8,
            19
        ],
        [
            10,
            11
        ],
        [
            11,
            12
        ],
        [
            11,
            15
        ],
        [
            11,
            19
        ],
        [
            12,
            19
        ],
        [
            14,
            18
        ],
        [
            15,
            16
        ],
        [
            15,
            17
        ]
    ]
}