{
    "total_node_number": 10,
    "probability_of_edge": 0.2,
    "time": {
        "request": 16511.5,
        "reply": 5003.0,
        "forwarding": 2934.0
    },
    "request_message_count": 30,
    "route": [
        {
            "name": "Shortest Path",
            "route_node_count": 4,
            "route": [
                0,
                7,
                2,
                9
            ]
        },
        {
            "name": "DSRAlgorithm Path",
            "route_node_count": 4,
            "route": [
                0,
                7,
                8,
                9
            ]
        }
    ],
    "edges": [
        [
            0,
            3
        ],
        [
            0,
            4
        ],
        [
            0,
            5
        ],
        [
            0,
            6
        ],
        [
            0,
            7
        ],
        [
            1,
            6
        ],
        [
            1,
            8
        ],
        [
            2,
            7
        ],
        [
            2,
            8
        ],
        [
            2,
            9
        ],
        [
            3,
            7
        ],
        [
            4,
            5
        ],
        [
            6,
            7
        ],
        [
            6,
            8
        ],
        [
            7,
            8
        ],
        [
            8,
            9
        ]
    ]
}