{
    "total_node_number": 30,
    "probability_of_edge": 0.06666666666666667,
    "time": {
        "request": 1999.75,
        "reply": 999.75,
        "forwarding": 0.0
    },
    "request_message_count": 5,
    "route": [
        {
            "name": "Shortest Path",
            "route_node_count": 3,
            "route": [
                0,
                16,
                29
            ]
        },
        {
            "name": "DSRAlgorithm Path",
            "route_node_count": 3,
            "route": [
                0,
                16,
                29
            ]
        }
    ],
    "edges": [
        [
            0,
            16
        ],
        [
            1,
            8
        ],
        [
            1,
            26
        ],
        [
            2,
            15
        ],
        [
            3,
            17
        ],
        [
            3,
            25
        ],
        [
            3,
            27
        ],
        [
            4,
            6
        ],
        [
            4,
            14
        ],
        [
            4,
            17
        ],
        [
            4,
            22
        ],
        [
            5,
            10
        ],
        [
            5,
            21
        ],
        [
            5,
            22
        ],
        [
            7,
            21
        ],
        [
            9,
            16
        ],
        [
            10,
            15
        ],
        [
            10,
            24
        ],
        [
            10,
            26
        ],
        [
            11,
            17
        ],
        [
            11,
            25
        ],
        [
            12,
            21
        ],
        [
            12,
            28
        ],
        [
            13,
            26
        ],
        [
            14,
            19
        ],
        [
            14,
            21
        ],
        [
            14,
            23
        ],
        [
            14,
            29
        ],
        [
            15,
            18
        ],
        [
            15,
            24
        ],
        [
            16,
            29
        ],
        [
            18,
            19
        ],
        [
            18,
            25
        ],
        [
            20,
            26
        ],
        [
            26,
            28
        ]
    ]
}