{
    "total_node_number": 20,
    "probability_of_edge": 0.1,
    "time": {
        "request": 7998.5,
        "reply": 2000.25,
        "forwarding": 2000.5
    },
    "request_message_count": 39,
    "route": [
        {
            "name": "Shortest Path",
            "route_node_count": 7,
            "route": [
                0,
                11,
                14,
                8,
                17,
                16,
                19
            ]
        },
        {
            "name": "DSRAlgorithm Path",
            "route_node_count": 7,
            "route": [
                0,
                11,
                14,
                8,
                17,
                16,
                19
            ]
        }
    ],
    "edges": [
        [
            0,
            11
        ],
        [
            1,
            2
        ],
        [
            1,
            5
        ],
        [
            1,
            7
        ],
        [
            3,
            17
        ],
        [
            4,
            6
        ],
        [
            4,
            13
        ],
        [
            5,
            11
        ],
        [
            7,
            15
        ],
        [
            8,
            9
        ],
        [
            8,
            13
        ],
        [
            8,
            14
        ],
        [
            8,
            17
        ],
        [
            9,
            15
        ],
        [
            10,
            13
        ],
        [
            10,
            16
        ],
        [
            11,
            14
        ],
        [
            12,
            18
        ],
        [
            12,
            19
        ],
        [
            13,
            15
        ],
        [
            16,
            17
        ],
        [
            16,
            19
        ],
        [
            18,
            19
        ]
    ]
}