{
    "total_node_number": 10,
    "probability_of_edge": 0.4,
    "time": {
        "request": 2005.75,
        "reply": 9496.25,
        "forwarding": 3997.5
    },
    "request_message_count": 24,
    "route": [
        {
            "name": "Shortest Path",
            "route_node_count": 2,
            "route": [
                0,
                9
            ]
        },
        {
            "name": "DSRAlgorithm Path",
            "route_node_count": 2,
            "route": [
                0,
                9
            ]
        }
    ],
    "edges": [
        [
            0,
            2
        ],
        [
            0,
            5
        ],
        [
            0,
            6
        ],
        [
            0,
            7
        ],
        [
            0,
            9
        ],
        [
            1,
            3
        ],
        [
            1,
            5
        ],
        [
            2,
            3
        ],
        [
            2,
            4
        ],
        [
            2,
            5
        ],
        [
            2,
            9
        ],
        [
            3,
            9
        ],
        [
            4,
            7
        ],
        [
            4,
            9
        ],
        [
            8,
            9
        ]
    ]
}