{
    "total_node_number": 30,
    "probability_of_edge": 0.06666666666666667,
    "time": {
        "request": 1999.75,
        "reply": 1999.5,
        "forwarding": 0.0
    },
    "request_message_count": 65,
    "route": [
        {
            "name": "Shortest Path",
            "route_node_count": 3,
            "route": [
                0,
                24,
                29
            ]
        },
        {
            "name": "DSRAlgorithm Path",
            "route_node_count": 3,
            "route": [
                0,
                24,
                29
            ]
        }
    ],
    "edges": [
        [
            0,
            15
        ],
        [
            0,
            24
        ],
        [
            1,
            11
        ],
        [
            1,
            18
        ],
        [
            1,
            19
        ],
        [
            2,
            5
        ],
        [
            2,
            28
        ],
        [
            3,
            6
        ],
        [
            3,
            16
        ],
        [
            3,
            20
        ],
        [
            4,
            20
        ],
        [
            6,
            13
        ],
        [
            7,
            14
        ],
        [
            7,
            15
        ],
        [
            7,
            25
        ],
        [
            8,
            10
        ],
        [
            8,
            25
        ],
        [
            8,
            26
        ],
        [
            9,
            18
        ],
        [
            9,
            23
        ],
        [
            9,
            26
        ],
        [
            9,
            27
        ],
        [
            10,
            18
        ],
        [
            10,
            27
        ],
        [
            12,
            18
        ],
        [
            16,
            21
        ],
        [
            16,
            27
        ],
        [
            17,
            19
        ],
        [
            17,
            25
        ],
        [
            18,
            20
        ],
        [
            19,
            21
        ],
        [
            20,
            28
        ],
        [
            22,
            29
        ],
        [
            24,
            29
        ]
    ]
}