{
    "total_node_number": 20,
    "probability_of_edge": 0.1,
    "time": {
        "request": 5998.0,
        "reply": 4001.0,
        "forwarding": 1001.0
    },
    "request_message_count": 46,
    "route": [
        {
            "name": "Shortest Path",
            "route_node_count": 5,
            "route": [
                0,
                14,
                6,
                7,
                19
            ]
        },
        {
            "name": "DSRAlgorithm Path",
            "route_node_count": 5,
            "route": [
                0,
                14,
                6,
                7,
                19
            ]
        }
    ],
    "edges": [
        [
            0,
            14
        ],
        [
            1,
            3
        ],
        [
            1,
            5
        ],
        [
            2,
            12
        ],
        [
            3,
            18
        ],
        [
            4,
            6
        ],
        [
            5,
            6
        ],
        [
            5,
            16
        ],
        [
            6,
            7
        ],
        [
            6,
            14
        ],
        [
            6,
            17
        ],
        [
            6,
            18
        ],
        [
            7,
            15
        ],
        [
            7,
            16
        ],
        [
            7,
            19
        ],
        [
            8,
            13
        ],
        [
            8,
            14
        ],
        [
            9,
            12
        ],
        [
            9,
            15
        ],
        [
            10,
            18
        ],
        [
            10,
            19
        ],
        [
            11,
            16
        ],
        [
            13,
            14
        ],
        [
            13,
            18
        ]
    ]
}