{
    "total_node_number": 20,
    "probability_of_edge": 0.1,
    "time": {
        "request": 2000.0,
        "reply": 3001.0,
        "forwarding": 0.0
    },
    "request_message_count": 39,
    "route": [
        {
            "name": "Shortest Path",
            "route_node_count": 3,
            "route": [
                0,
                14,
                19
            ]
        },
        {
            "name": "DSRAlgorithm Path",
            "route_node_count": 3,
            "route": [
                0,
                14,
                19
            ]
        }
    ],
    "edges": [
        [
            0,
            3
        ],
        [
            0,
            14
        ],
        [
            1,
            6
        ],
        [
            1,
            9
        ],
        [
            2,
            9
        ],
        [
            2,
            11
        ],
        [
            2,
            12
        ],
        [
            2,
            17
        ],
        [
            3,
            17
        ],
        [
            4,
            12
        ],
        [
            4,
            14
        ],
        [
            4,
            15
        ],
        [
            5,
            10
        ],
        [
            5,
            16
        ],
        [
            5,
            19
        ],
        [
            6,
            7
        ],
        [
            6,
            13
        ],
        [
            7,
            15
        ],
        [
            8,
            9
        ],
        [
            8,
            17
        ],
        [
            8,
            18
        ],
        [
            12,
            14
        ],
        [
            14,
            19
        ]
    ]
}