{
    "total_node_number": 20,
    "probability_of_edge": 0.1,
    "time": {
        "request": 5970.0,
        "reply": 3999.75,
        "forwarding": 1000.5
    },
    "request_message_count": 43,
    "route": [
        {
            "name": "Shortest Path",
            "route_node_count": 5,
            "route": [
                0,
                13,
                16,
                17,
                19
            ]
        },
        {
            "name": "DSRAlgorithm Path",
            "route_node_count": 5,
            "route": [
                0,
                13,
                16,
                17,
                19
            ]
        }
    ],
    "edges": [
        [
            0,
            5
        ],
        [
            0,
            13
        ],
        [
            1,
            5
        ],
        [
            2,
            4
        ],
        [
            2,
            7
        ],
        [
            2,
            17
        ],
        [
            3,
            4
        ],
        [
            3,
            14
        ],
        [
            4,
            10
        ],
        [
            4,
            18
        ],
        [
            6,
            15
        ],
        [
            8,
            15
        ],
        [
            9,
            11
        ],
        [
            9,
            13
        ],
        [
            9,
            15
        ],
        [
            11,
            14
        ],
        [
            11,
            18
        ],
        [
            12,
            18
        ],
        [
            13,
            16
        ],
        [
            14,
            16
        ],
        [
            16,
            17
        ],
        [
            17,
            19
        ]
    ]
}