{
    "total_node_number": 10,
    "probability_of_edge": 0.6,
    "time": {
        "request": 10114.75,
        "reply": 12995.0,
        "forwarding": 1002.0
    },
    "request_message_count": 37,
    "route": [
        {
            "name": "Shortest Path",
            "route_node_count": 3,
            "route": [
                0,
                4,
                9
            ]
        },
        {
            "name": "DSRAlgorithm Path",
            "route_node_count": 3,
            "route": [
                0,
                4,
                9
            ]
        }
    ],
    "edges": [
        [
            0,
            1
        ],
        [
            0,
            2
        ],
        [
            0,
            4
        ],
        [
            0,
            5
        ],
        [
            0,
            6
        ],
        [
            0,
            7
        ],
        [
            0,
            8
        ],
        [
            1,
            5
        ],
        [
            1,
            7
        ],
        [
            1,
            8
        ],
        [
            2,
            5
        ],
        [
            2,
            7
        ],
        [
            3,
            7
        ],
        [
            3,
            9
        ],
        [
            4,
            6
        ],
        [
            4,
            8
        ],
        [
            4,
            9
        ],
        [
            5,
            8
        ],
        [
            5,
            9
        ],
        [
            6,
            9
        ],
        [
            7,
            9
        ]
    ]
}