{
    "total_node_number": 10,
    "probability_of_edge": 0.4,
    "time": {
        "request": 6208.5,
        "reply": 18980.25,
        "forwarding": 1409.5
    },
    "request_message_count": 37,
    "route": [
        {
            "name": "Shortest Path",
            "route_node_count": 3,
            "route": [
                0,
                1,
                9
            ]
        },
        {
            "name": "DSRAlgorithm Path",
            "route_node_count": 3,
            "route": [
                0,
                6,
                9
            ]
        }
    ],
    "edges": [
        [
            0,
            1
        ],
        [
            0,
            4
        ],
        [
            0,
            6
        ],
        [
            1,
            9
        ],
        [
            2,
            3
        ],
        [
            2,
            4
        ],
        [
            2,
            6
        ],
        [
            2,
            7
        ],
        [
            2,
            8
        ],
        [
            2,
            9
        ],
        [
            3,
            6
        ],
        [
            3,
            8
        ],
        [
            4,
            6
        ],
        [
            4,
            8
        ],
        [
            4,
            9
        ],
        [
            5,
            6
        ],
        [
            5,
            7
        ],
        [
            6,
            7
        ],
        [
            6,
            8
        ],
        [
            6,
            9
        ],
        [
            7,
            9
        ]
    ]
}