{
    "total_node_number": 20,
    "probability_of_edge": 0.1,
    "time": {
        "request": 3001.0,
        "reply": 4999.5,
        "forwarding": 0.0
    },
    "request_message_count": 45,
    "route": [
        {
            "name": "Shortest Path",
            "route_node_count": 4,
            "route": [
                0,
                8,
                18,
                19
            ]
        },
        {
            "name": "DSRAlgorithm Path",
            "route_node_count": 4,
            "route": [
                0,
                8,
                18,
                19
            ]
        }
    ],
    "edges": [
        [
            0,
            6
        ],
        [
            0,
            8
        ],
        [
            1,
            4
        ],
        [
            1,
            11
        ],
        [
            1,
            14
        ],
        [
            2,
            6
        ],
        [
            3,
            5
        ],
        [
            4,
            8
        ],
        [
            5,
            10
        ],
        [
            5,
            12
        ],
        [
            5,
            16
        ],
        [
            6,
            9
        ],
        [
            6,
            17
        ],
        [
            7,
            14
        ],
        [
            8,
            18
        ],
        [
            9,
            14
        ],
        [
            9,
            16
        ],
        [
            10,
            12
        ],
        [
            10,
            13
        ],
        [
            11,
            16
        ],
        [
            15,
            16
        ],
        [
            17,
            18
        ],
        [
            18,
            19
        ]
    ]
}