{
    "total_node_number": 20,
    "probability_of_edge": 0.1,
    "time": {
        "request": 5999.75,
        "reply": 4000.0,
        "forwarding": 0.0
    },
    "request_message_count": 49,
    "route": [
        {
            "name": "Shortest Path",
            "route_node_count": 4,
            "route": [
                0,
                15,
                16,
                19
            ]
        },
        {
            "name": "DSRAlgorithm Path",
            "route_node_count": 4,
            "route": [
                0,
                15,
                16,
                19
            ]
        }
    ],
    "edges": [
        [
            0,
            15
        ],
        [
            0,
            17
        ],
        [
            0,
            18
        ],
        [
            1,
            3
        ],
        [
            1,
            6
        ],
        [
            1,
            8
        ],
        [
            1,
            10
        ],
        [
            2,
            11
        ],
        [
            2,
            12
        ],
        [
            4,
            10
        ],
        [
            5,
            13
        ],
        [
            6,
            14
        ],
        [
            6,
            17
        ],
        [
            7,
            9
        ],
        [
            7,
            17
        ],
        [
            8,
            11
        ],
        [
            8,
            14
        ],
        [
            8,
            18
        ],
        [
            9,
            16
        ],
        [
            11,
            18
        ],
        [
            12,
            13
        ],
        [
            13,
            18
        ],
        [
            14,
            15
        ],
        [
            15,
            16
        ],
        [
            16,
            19
        ]
    ]
}