{
    "total_node_number": 20,
    "probability_of_edge": 0.1,
    "time": {
        "request": 5998.0,
        "reply": 3000.75,
        "forwarding": 0.0
    },
    "request_message_count": 45,
    "route": [
        {
            "name": "Shortest Path",
            "route_node_count": 4,
            "route": [
                0,
                17,
                14,
                19
            ]
        },
        {
            "name": "DSRAlgorithm Path",
            "route_node_count": 4,
            "route": [
                0,
                17,
                14,
                19
            ]
        }
    ],
    "edges": [
        [
            0,
            11
        ],
        [
            0,
            17
        ],
        [
            1,
            11
        ],
        [
            1,
            13
        ],
        [
            2,
            12
        ],
        [
            3,
            6
        ],
        [
            3,
            8
        ],
        [
            3,
            14
        ],
        [
            3,
            17
        ],
        [
            4,
            17
        ],
        [
            5,
            10
        ],
        [
            5,
            14
        ],
        [
            7,
            9
        ],
        [
            7,
            16
        ],
        [
            9,
            15
        ],
        [
            9,
            17
        ],
        [
            10,
            14
        ],
        [
            10,
            17
        ],
        [
            12,
            15
        ],
        [
            13,
            18
        ],
        [
            14,
            17
        ],
        [
            14,
            19
        ],
        [
            15,
            18
        ]
    ]
}