{
    "total_node_number": 10,
    "probability_of_edge": 0.2,
    "time": {
        "request": 20472.5,
        "reply": 5026.5,
        "forwarding": 4136.5
    },
    "request_message_count": 17,
    "route": [
        {
            "name": "Shortest Path",
            "route_node_count": 5,
            "route": [
                0,
                1,
                6,
                3,
                9
            ]
        },
        {
            "name": "DSRAlgorithm Path",
            "route_node_count": 5,
            "route": [
                0,
                1,
                6,
                3,
                9
            ]
        }
    ],
    "edges": [
        [
            0,
            1
        ],
        [
            1,
            5
        ],
        [
            1,
            6
        ],
        [
            2,
            9
        ],
        [
            3,
            6
        ],
        [
            3,
            7
        ],
        [
            3,
            9
        ],
        [
            4,
            7
        ],
        [
            5,
            6
        ],
        [
            6,
            8
        ]
    ]
}