{
    "total_node_number": 10,
    "probability_of_edge": 0.6,
    "time": {
        "request": 10997.0,
        "reply": 11671.75,
        "forwarding": 1996.25
    },
    "request_message_count": 40,
    "route": [
        {
            "name": "Shortest Path",
            "route_node_count": 3,
            "route": [
                0,
                1,
                9
            ]
        },
        {
            "name": "DSRAlgorithm Path",
            "route_node_count": 3,
            "route": [
                0,
                4,
                9
            ]
        }
    ],
    "edges": [
        [
            0,
            1
        ],
        [
            0,
            2
        ],
        [
            0,
            3
        ],
        [
            0,
            4
        ],
        [
            0,
            7
        ],
        [
            1,
            3
        ],
        [
            1,
            4
        ],
        [
            1,
            7
        ],
        [
            1,
            8
        ],
        [
            1,
            9
        ],
        [
            2,
            3
        ],
        [
            2,
            6
        ],
        [
            2,
            9
        ],
        [
            3,
            6
        ],
        [
            3,
            7
        ],
        [
            3,
            8
        ],
        [
            4,
            6
        ],
        [
            4,
            9
        ],
        [
            5,
            6
        ],
        [
            5,
            7
        ],
        [
            5,
            9
        ],
        [
            6,
            7
        ]
    ]
}