{
    "total_node_number": 20,
    "probability_of_edge": 0.1,
    "time": {
        "request": 2000.25,
        "reply": 3995.75,
        "forwarding": 0.0
    },
    "request_message_count": 42,
    "route": [
        {
            "name": "Shortest Path",
            "route_node_count": 3,
            "route": [
                0,
                10,
                19
            ]
        },
        {
            "name": "DSRAlgorithm Path",
            "route_node_count": 3,
            "route": [
                0,
                10,
                19
            ]
        }
    ],
    "edges": [
        [
            0,
            10
        ],
        [
            0,
            18
        ],
        [
            1,
            5
        ],
        [
            1,
            8
        ],
        [
            1,
            15
        ],
        [
            1,
            16
        ],
        [
            2,
            10
        ],
        [
            2,
            17
        ],
        [
            3,
            4
        ],
        [
            3,
            6
        ],
        [
            5,
            18
        ],
        [
            6,
            12
        ],
        [
            7,
            16
        ],
        [
            7,
            19
        ],
        [
            9,
            14
        ],
        [
            10,
            14
        ],
        [
            10,
            18
        ],
        [
            10,
            19
        ],
        [
            11,
            13
        ],
        [
            11,
            14
        ],
        [
            12,
            16
        ],
        [
            15,
            16
        ]
    ]
}