{
    "total_node_number": 10,
    "probability_of_edge": 0.4,
    "time": {
        "request": 7004.25,
        "reply": 23949.5,
        "forwarding": 1950.0
    },
    "request_message_count": 26,
    "route": [
        {
            "name": "Shortest Path",
            "route_node_count": 2,
            "route": [
                0,
                9
            ]
        },
        {
            "name": "DSRAlgorithm Path",
            "route_node_count": 3,
            "route": [
                0,
                8,
                9
            ]
        }
    ],
    "edges": [
        [
            0,
            5
        ],
        [
            0,
            6
        ],
        [
            0,
            8
        ],
        [
            0,
            9
        ],
        [
            1,
            3
        ],
        [
            1,
            4
        ],
        [
            2,
            3
        ],
        [
            2,
            5
        ],
        [
            2,
            8
        ],
        [
            3,
            5
        ],
        [
            4,
            6
        ],
        [
            5,
            6
        ],
        [
            6,
            8
        ],
        [
            7,
            9
        ],
        [
            8,
            9
        ]
    ]
}