{
    "total_node_number": 20,
    "probability_of_edge": 0.2,
    "time": {
        "request": 0.0,
        "reply": 999.25,
        "forwarding": 0.0
    },
    "request_message_count": 62,
    "route": [
        {
            "name": "Shortest Path",
            "route_node_count": 2,
            "route": [
                0,
                19
            ]
        },
        {
            "name": "DSRAlgorithm Path",
            "route_node_count": 2,
            "route": [
                0,
                19
            ]
        }
    ],
    "edges": [
        [
            0,
            11
        ],
        [
            0,
            19
        ],
        [
            1,
            2
        ],
        [
            1,
            13
        ],
        [
            2,
            5
        ],
        [
            2,
            8
        ],
        [
            3,
            10
        ],
        [
            3,
            11
        ],
        [
            3,
            13
        ],
        [
            3,
            19
        ],
        [
            4,
            16
        ],
        [
            5,
            8
        ],
        [
            5,
            9
        ],
        [
            5,
            13
        ],
        [
            5,
            15
        ],
        [
            5,
            16
        ],
        [
            5,
            18
        ],
        [
            5,
            19
        ],
        [
            6,
            9
        ],
        [
            6,
            17
        ],
        [
            6,
            18
        ],
        [
            7,
            10
        ],
        [
            7,
            14
        ],
        [
            7,
            18
        ],
        [
            8,
            10
        ],
        [
            8,
            17
        ],
        [
            9,
            11
        ],
        [
            9,
            13
        ],
        [
            9,
            19
        ],
        [
            11,
            19
        ],
        [
            12,
            17
        ],
        [
            14,
            18
        ],
        [
            14,
            19
        ],
        [
            15,
            18
        ]
    ]
}