{
    "total_node_number": 10,
    "probability_of_edge": 0.2,
    "time": {
        "request": 18061.75,
        "reply": 14954.25,
        "forwarding": 1036.0
    },
    "request_message_count": 20,
    "route": [
        {
            "name": "Shortest Path",
            "route_node_count": 3,
            "route": [
                0,
                1,
                9
            ]
        },
        {
            "name": "DSRAlgorithm Path",
            "route_node_count": 3,
            "route": [
                0,
                1,
                9
            ]
        }
    ],
    "edges": [
        [
            0,
            1
        ],
        [
            0,
            3
        ],
        [
            1,
            2
        ],
        [
            1,
            7
        ],
        [
            1,
            9
        ],
        [
            4,
            8
        ],
        [
            5,
            6
        ],
        [
            5,
            7
        ],
        [
            5,
            9
        ],
        [
            6,
            7
        ],
        [
            7,
            8
        ]
    ]
}