{
    "total_node_number": 10,
    "probability_of_edge": 0.4,
    "time": {
        "request": 16261.25,
        "reply": 3000.75,
        "forwarding": 2503.5
    },
    "request_message_count": 37,
    "route": [
        {
            "name": "Shortest Path",
            "route_node_count": 4,
            "route": [
                0,
                3,
                1,
                9
            ]
        },
        {
            "name": "DSRAlgorithm Path",
            "route_node_count": 5,
            "route": [
                0,
                3,
                8,
                6,
                9
            ]
        }
    ],
    "edges": [
        [
            0,
            3
        ],
        [
            0,
            5
        ],
        [
            1,
            2
        ],
        [
            1,
            3
        ],
        [
            1,
            5
        ],
        [
            1,
            7
        ],
        [
            1,
            9
        ],
        [
            2,
            5
        ],
        [
            2,
            8
        ],
        [
            3,
            7
        ],
        [
            3,
            8
        ],
        [
            4,
            6
        ],
        [
            4,
            7
        ],
        [
            4,
            8
        ],
        [
            4,
            9
        ],
        [
            5,
            7
        ],
        [
            5,
            8
        ],
        [
            6,
            7
        ],
        [
            6,
            8
        ],
        [
            6,
            9
        ]
    ]
}