{
    "total_node_number": 10,
    "probability_of_edge": 0.2,
    "time": {
        "request": 18677.5,
        "reply": 7000.5,
        "forwarding": 4954.75
    },
    "request_message_count": 15,
    "route": [
        {
            "name": "Shortest Path",
            "route_node_count": 5,
            "route": [
                0,
                7,
                5,
                6,
                9
            ]
        },
        {
            "name": "DSRAlgorithm Path",
            "route_node_count": 5,
            "route": [
                0,
                7,
                5,
                6,
                9
            ]
        }
    ],
    "edges": [
        [
            0,
            2
        ],
        [
            0,
            4
        ],
        [
            0,
            7
        ],
        [
            1,
            9
        ],
        [
            2,
            8
        ],
        [
            3,
            4
        ],
        [
            5,
            6
        ],
        [
            5,
            7
        ],
        [
            6,
            9
        ]
    ]
}