{
    "total_node_number": 20,
    "probability_of_edge": 0.2,
    "time": {
        "request": 2000.5,
        "reply": 5999.5,
        "forwarding": 0.0
    },
    "request_message_count": 50,
    "route": [
        {
            "name": "Shortest Path",
            "route_node_count": 3,
            "route": [
                0,
                1,
                19
            ]
        },
        {
            "name": "DSRAlgorithm Path",
            "route_node_count": 3,
            "route": [
                0,
                1,
                19
            ]
        }
    ],
    "edges": [
        [
            0,
            1
        ],
        [
            1,
            5
        ],
        [
            1,
            9
        ],
        [
            1,
            13
        ],
        [
            1,
            19
        ],
        [
            2,
            3
        ],
        [
            2,
            4
        ],
        [
            3,
            4
        ],
        [
            3,
            5
        ],
        [
            3,
            6
        ],
        [
            5,
            13
        ],
        [
            5,
            19
        ],
        [
            6,
            8
        ],
        [
            6,
            19
        ],
        [
            7,
            8
        ],
        [
            7,
            17
        ],
        [
            7,
            19
        ],
        [
            8,
            16
        ],
        [
            9,
            15
        ],
        [
            9,
            19
        ],
        [
            10,
            15
        ],
        [
            11,
            15
        ],
        [
            11,
            16
        ],
        [
            12,
            19
        ],
        [
            13,
            16
        ],
        [
            13,
            18
        ],
        [
            14,
            16
        ],
        [
            14,
            18
        ],
        [
            14,
            19
        ]
    ]
}