{
    "total_node_number": 30,
    "probability_of_edge": 0.06666666666666667,
    "time": {
        "request": 1001.25,
        "reply": 1000.0,
        "forwarding": 0.0
    },
    "request_message_count": 69,
    "route": [
        {
            "name": "Shortest Path",
            "route_node_count": 2,
            "route": [
                0,
                29
            ]
        },
        {
            "name": "DSRAlgorithm Path",
            "route_node_count": 2,
            "route": [
                0,
                29
            ]
        }
    ],
    "edges": [
        [
            0,
            1
        ],
        [
            0,
            11
        ],
        [
            0,
            29
        ],
        [
            2,
            25
        ],
        [
            3,
            16
        ],
        [
            3,
            20
        ],
        [
            3,
            21
        ],
        [
            4,
            13
        ],
        [
            4,
            20
        ],
        [
            5,
            24
        ],
        [
            5,
            27
        ],
        [
            6,
            20
        ],
        [
            7,
            9
        ],
        [
            8,
            23
        ],
        [
            9,
            10
        ],
        [
            9,
            23
        ],
        [
            10,
            11
        ],
        [
            10,
            21
        ],
        [
            11,
            12
        ],
        [
            11,
            19
        ],
        [
            12,
            19
        ],
        [
            12,
            24
        ],
        [
            12,
            25
        ],
        [
            14,
            19
        ],
        [
            14,
            21
        ],
        [
            14,
            22
        ],
        [
            15,
            19
        ],
        [
            15,
            24
        ],
        [
            16,
            17
        ],
        [
            17,
            21
        ],
        [
            18,
            19
        ],
        [
            18,
            26
        ],
        [
            19,
            24
        ],
        [
            21,
            26
        ],
        [
            21,
            27
        ],
        [
            28,
            29
        ]
    ]
}