{
    "total_node_number": 10,
    "probability_of_edge": 0.2,
    "time": {
        "request": 11412.5,
        "reply": 17481.25,
        "forwarding": 2950.0
    },
    "request_message_count": 17,
    "route": [
        {
            "name": "Shortest Path",
            "route_node_count": 5,
            "route": [
                0,
                8,
                2,
                4,
                9
            ]
        },
        {
            "name": "DSRAlgorithm Path",
            "route_node_count": 5,
            "route": [
                0,
                8,
                2,
                4,
                9
            ]
        }
    ],
    "edges": [
        [
            0,
            8
        ],
        [
            1,
            2
        ],
        [
            1,
            7
        ],
        [
            2,
            4
        ],
        [
            2,
            8
        ],
        [
            3,
            4
        ],
        [
            3,
            8
        ],
        [
            4,
            9
        ],
        [
            5,
            9
        ],
        [
            6,
            7
        ]
    ]
}