{
    "total_node_number": 10,
    "probability_of_edge": 0.2,
    "time": {
        "request": 9003.75,
        "reply": 10954.75,
        "forwarding": 1896.75
    },
    "request_message_count": 17,
    "route": [
        {
            "name": "Shortest Path",
            "route_node_count": 3,
            "route": [
                0,
                2,
                9
            ]
        },
        {
            "name": "DSRAlgorithm Path",
            "route_node_count": 3,
            "route": [
                0,
                2,
                9
            ]
        }
    ],
    "edges": [
        [
            0,
            1
        ],
        [
            0,
            2
        ],
        [
            0,
            7
        ],
        [
            2,
            5
        ],
        [
            2,
            9
        ],
        [
            3,
            4
        ],
        [
            3,
            7
        ],
        [
            6,
            7
        ],
        [
            7,
            8
        ]
    ]
}