{
    "total_node_number": 10,
    "probability_of_edge": 0.6,
    "time": {
        "request": 43545.25,
        "reply": 2744.0,
        "forwarding": 1986.5
    },
    "request_message_count": 42,
    "route": [
        {
            "name": "Shortest Path",
            "route_node_count": 3,
            "route": [
                0,
                1,
                9
            ]
        },
        {
            "name": "DSRAlgorithm Path",
            "route_node_count": 3,
            "route": [
                0,
                1,
                9
            ]
        }
    ],
    "edges": [
        [
            0,
            1
        ],
        [
            0,
            2
        ],
        [
            0,
            4
        ],
        [
            0,
            6
        ],
        [
            0,
            8
        ],
        [
            1,
            4
        ],
        [
            1,
            5
        ],
        [
            1,
            7
        ],
        [
            1,
            8
        ],
        [
            1,
            9
        ],
        [
            2,
            3
        ],
        [
            2,
            4
        ],
        [
            2,
            5
        ],
        [
            2,
            9
        ],
        [
            3,
            4
        ],
        [
            3,
            8
        ],
        [
            3,
            9
        ],
        [
            4,
            7
        ],
        [
            4,
            8
        ],
        [
            4,
            9
        ],
        [
            5,
            8
        ],
        [
            5,
            9
        ],
        [
            6,
            8
        ],
        [
            7,
            9
        ]
    ]
}