{
    "total_node_number": 20,
    "probability_of_edge": 0.1,
    "time": {
        "request": 9997.5,
        "reply": 999.25,
        "forwarding": 1000.75
    },
    "request_message_count": 49,
    "route": [
        {
            "name": "Shortest Path",
            "route_node_count": 7,
            "route": [
                0,
                9,
                12,
                4,
                15,
                18,
                19
            ]
        },
        {
            "name": "DSRAlgorithm Path",
            "route_node_count": 7,
            "route": [
                0,
                9,
                12,
                4,
                15,
                18,
                19
            ]
        }
    ],
    "edges": [
        [
            0,
            9
        ],
        [
            1,
            2
        ],
        [
            1,
            14
        ],
        [
            2,
            3
        ],
        [
            2,
            4
        ],
        [
            2,
            5
        ],
        [
            2,
            10
        ],
        [
            3,
            6
        ],
        [
            4,
            12
        ],
        [
            4,
            14
        ],
        [
            4,
            15
        ],
        [
            5,
            9
        ],
        [
            5,
            13
        ],
        [
            5,
            14
        ],
        [
            5,
            16
        ],
        [
            7,
            14
        ],
        [
            8,
            14
        ],
        [
            8,
            15
        ],
        [
            9,
            12
        ],
        [
            9,
            16
        ],
        [
            11,
            13
        ],
        [
            11,
            16
        ],
        [
            12,
            17
        ],
        [
            15,
            18
        ],
        [
            18,
            19
        ]
    ]
}