{
    "total_node_number": 10,
    "probability_of_edge": 0.4,
    "time": {
        "request": 7218.0,
        "reply": 6997.25,
        "forwarding": 810.75
    },
    "request_message_count": 41,
    "route": [
        {
            "name": "Shortest Path",
            "route_node_count": 3,
            "route": [
                0,
                3,
                9
            ]
        },
        {
            "name": "DSRAlgorithm Path",
            "route_node_count": 3,
            "route": [
                0,
                3,
                9
            ]
        }
    ],
    "edges": [
        [
            0,
            1
        ],
        [
            0,
            3
        ],
        [
            0,
            5
        ],
        [
            0,
            7
        ],
        [
            1,
            3
        ],
        [
            1,
            6
        ],
        [
            1,
            7
        ],
        [
            1,
            8
        ],
        [
            2,
            3
        ],
        [
            2,
            5
        ],
        [
            2,
            7
        ],
        [
            2,
            9
        ],
        [
            3,
            4
        ],
        [
            3,
            6
        ],
        [
            3,
            9
        ],
        [
            4,
            6
        ],
        [
            5,
            6
        ],
        [
            5,
            7
        ],
        [
            5,
            8
        ],
        [
            5,
            9
        ],
        [
            6,
            8
        ],
        [
            7,
            9
        ],
        [
            8,
            9
        ]
    ]
}