{
    "total_node_number": 20,
    "probability_of_edge": 0.1,
    "time": {
        "request": 1006.25,
        "reply": 1999.75,
        "forwarding": 0.0
    },
    "request_message_count": 59,
    "route": [
        {
            "name": "Shortest Path",
            "route_node_count": 3,
            "route": [
                0,
                14,
                19
            ]
        },
        {
            "name": "DSRAlgorithm Path",
            "route_node_count": 3,
            "route": [
                0,
                14,
                19
            ]
        }
    ],
    "edges": [
        [
            0,
            14
        ],
        [
            1,
            7
        ],
        [
            1,
            10
        ],
        [
            2,
            17
        ],
        [
            3,
            4
        ],
        [
            3,
            5
        ],
        [
            3,
            7
        ],
        [
            3,
            10
        ],
        [
            3,
            11
        ],
        [
            3,
            15
        ],
        [
            4,
            11
        ],
        [
            4,
            13
        ],
        [
            5,
            8
        ],
        [
            5,
            18
        ],
        [
            6,
            12
        ],
        [
            6,
            17
        ],
        [
            7,
            13
        ],
        [
            7,
            16
        ],
        [
            8,
            14
        ],
        [
            8,
            19
        ],
        [
            9,
            11
        ],
        [
            9,
            15
        ],
        [
            10,
            13
        ],
        [
            11,
            15
        ],
        [
            11,
            16
        ],
        [
            11,
            18
        ],
        [
            12,
            15
        ],
        [
            12,
            16
        ],
        [
            12,
            17
        ],
        [
            12,
            19
        ],
        [
            14,
            19
        ]
    ]
}