{
    "total_node_number": 20,
    "probability_of_edge": 0.1,
    "time": {
        "request": 4946.75,
        "reply": 4000.0,
        "forwarding": 0.0
    },
    "request_message_count": 47,
    "route": [
        {
            "name": "Shortest Path",
            "route_node_count": 4,
            "route": [
                0,
                9,
                8,
                19
            ]
        },
        {
            "name": "DSRAlgorithm Path",
            "route_node_count": 4,
            "route": [
                0,
                9,
                8,
                19
            ]
        }
    ],
    "edges": [
        [
            0,
            1
        ],
        [
            0,
            9
        ],
        [
            0,
            10
        ],
        [
            0,
            18
        ],
        [
            1,
            4
        ],
        [
            1,
            9
        ],
        [
            1,
            17
        ],
        [
            2,
            3
        ],
        [
            2,
            5
        ],
        [
            3,
            12
        ],
        [
            3,
            16
        ],
        [
            3,
            19
        ],
        [
            4,
            15
        ],
        [
            5,
            14
        ],
        [
            5,
            16
        ],
        [
            6,
            19
        ],
        [
            7,
            11
        ],
        [
            7,
            17
        ],
        [
            8,
            9
        ],
        [
            8,
            19
        ],
        [
            11,
            13
        ],
        [
            11,
            14
        ],
        [
            11,
            15
        ],
        [
            12,
            19
        ],
        [
            14,
            18
        ],
        [
            15,
            16
        ]
    ]
}