{
    "total_node_number": 20,
    "probability_of_edge": 0.2,
    "time": {
        "request": 5000.5,
        "reply": 6999.75,
        "forwarding": 0.0
    },
    "request_message_count": 65,
    "route": [
        {
            "name": "Shortest Path",
            "route_node_count": 3,
            "route": [
                0,
                3,
                19
            ]
        },
        {
            "name": "DSRAlgorithm Path",
            "route_node_count": 3,
            "route": [
                0,
                3,
                19
            ]
        }
    ],
    "edges": [
        [
            0,
            1
        ],
        [
            0,
            3
        ],
        [
            0,
            8
        ],
        [
            0,
            10
        ],
        [
            0,
            11
        ],
        [
            1,
            3
        ],
        [
            1,
            4
        ],
        [
            2,
            5
        ],
        [
            2,
            15
        ],
        [
            2,
            16
        ],
        [
            2,
            17
        ],
        [
            3,
            14
        ],
        [
            3,
            17
        ],
        [
            3,
            19
        ],
        [
            4,
            12
        ],
        [
            5,
            12
        ],
        [
            5,
            13
        ],
        [
            5,
            15
        ],
        [
            5,
            17
        ],
        [
            6,
            8
        ],
        [
            6,
            9
        ],
        [
            7,
            8
        ],
        [
            7,
            16
        ],
        [
            7,
            19
        ],
        [
            9,
            11
        ],
        [
            9,
            16
        ],
        [
            9,
            17
        ],
        [
            9,
            19
        ],
        [
            10,
            11
        ],
        [
            10,
            12
        ],
        [
            10,
            14
        ],
        [
            11,
            15
        ],
        [
            12,
            14
        ],
        [
            15,
            18
        ]
    ]
}