{
    "total_node_number": 20,
    "probability_of_edge": 0.1,
    "time": {
        "request": 9001.0,
        "reply": 2000.25,
        "forwarding": 1000.0
    },
    "request_message_count": 49,
    "route": [
        {
            "name": "Shortest Path",
            "route_node_count": 7,
            "route": [
                0,
                8,
                6,
                16,
                11,
                10,
                19
            ]
        },
        {
            "name": "DSRAlgorithm Path",
            "route_node_count": 7,
            "route": [
                0,
                8,
                6,
                16,
                11,
                10,
                19
            ]
        }
    ],
    "edges": [
        [
            0,
            8
        ],
        [
            1,
            8
        ],
        [
            1,
            12
        ],
        [
            2,
            7
        ],
        [
            2,
            9
        ],
        [
            3,
            4
        ],
        [
            3,
            11
        ],
        [
            3,
            15
        ],
        [
            3,
            17
        ],
        [
            4,
            12
        ],
        [
            5,
            11
        ],
        [
            5,
            18
        ],
        [
            6,
            8
        ],
        [
            6,
            14
        ],
        [
            6,
            16
        ],
        [
            7,
            9
        ],
        [
            7,
            11
        ],
        [
            7,
            14
        ],
        [
            8,
            13
        ],
        [
            10,
            11
        ],
        [
            10,
            18
        ],
        [
            10,
            19
        ],
        [
            11,
            16
        ],
        [
            13,
            16
        ],
        [
            15,
            18
        ]
    ]
}