{
    "total_node_number": 10,
    "probability_of_edge": 0.4,
    "time": {
        "request": 3368.75,
        "reply": 6000.0,
        "forwarding": 992.0
    },
    "request_message_count": 29,
    "route": [
        {
            "name": "Shortest Path",
            "route_node_count": 4,
            "route": [
                0,
                3,
                2,
                9
            ]
        },
        {
            "name": "DSRAlgorithm Path",
            "route_node_count": 4,
            "route": [
                0,
                3,
                2,
                9
            ]
        }
    ],
    "edges": [
        [
            0,
            3
        ],
        [
            1,
            4
        ],
        [
            1,
            7
        ],
        [
            1,
            8
        ],
        [
            2,
            3
        ],
        [
            2,
            4
        ],
        [
            2,
            6
        ],
        [
            2,
            8
        ],
        [
            2,
            9
        ],
        [
            3,
            4
        ],
        [
            3,
            6
        ],
        [
            4,
            7
        ],
        [
            4,
            9
        ],
        [
            5,
            8
        ],
        [
            6,
            8
        ],
        [
            6,
            9
        ]
    ]
}