{
    "total_node_number": 20,
    "probability_of_edge": 0.1,
    "time": {
        "request": 1999.25,
        "reply": 5000.0,
        "forwarding": 0.0
    },
    "request_message_count": 42,
    "route": [
        {
            "name": "Shortest Path",
            "route_node_count": 3,
            "route": [
                0,
                13,
                19
            ]
        },
        {
            "name": "DSRAlgorithm Path",
            "route_node_count": 3,
            "route": [
                0,
                13,
                19
            ]
        }
    ],
    "edges": [
        [
            0,
            2
        ],
        [
            0,
            13
        ],
        [
            1,
            3
        ],
        [
            1,
            7
        ],
        [
            2,
            7
        ],
        [
            2,
            14
        ],
        [
            2,
            17
        ],
        [
            3,
            15
        ],
        [
            4,
            6
        ],
        [
            4,
            14
        ],
        [
            5,
            9
        ],
        [
            5,
            15
        ],
        [
            6,
            12
        ],
        [
            6,
            13
        ],
        [
            8,
            14
        ],
        [
            9,
            11
        ],
        [
            10,
            14
        ],
        [
            11,
            14
        ],
        [
            11,
            18
        ],
        [
            13,
            19
        ],
        [
            16,
            17
        ],
        [
            16,
            19
        ]
    ]
}