{
    "total_node_number": 10,
    "probability_of_edge": 0.4,
    "time": {
        "request": 16984.0,
        "reply": 15849.75,
        "forwarding": 2363.25
    },
    "request_message_count": 30,
    "route": [
        {
            "name": "Shortest Path",
            "route_node_count": 4,
            "route": [
                0,
                2,
                5,
                9
            ]
        },
        {
            "name": "DSRAlgorithm Path",
            "route_node_count": 4,
            "route": [
                0,
                8,
                5,
                9
            ]
        }
    ],
    "edges": [
        [
            0,
            2
        ],
        [
            0,
            8
        ],
        [
            1,
            2
        ],
        [
            1,
            3
        ],
        [
            2,
            4
        ],
        [
            2,
            5
        ],
        [
            2,
            8
        ],
        [
            3,
            4
        ],
        [
            3,
            7
        ],
        [
            3,
            9
        ],
        [
            4,
            5
        ],
        [
            4,
            7
        ],
        [
            5,
            7
        ],
        [
            5,
            8
        ],
        [
            5,
            9
        ],
        [
            6,
            8
        ]
    ]
}