{
    "total_node_number": 20,
    "probability_of_edge": 0.1,
    "time": {
        "request": 6002.0,
        "reply": 7996.75,
        "forwarding": 999.5
    },
    "request_message_count": 41,
    "route": [
        {
            "name": "Shortest Path",
            "route_node_count": 3,
            "route": [
                0,
                6,
                19
            ]
        },
        {
            "name": "DSRAlgorithm Path",
            "route_node_count": 3,
            "route": [
                0,
                6,
                19
            ]
        }
    ],
    "edges": [
        [
            0,
            2
        ],
        [
            0,
            6
        ],
        [
            1,
            9
        ],
        [
            2,
            9
        ],
        [
            2,
            16
        ],
        [
            3,
            18
        ],
        [
            4,
            8
        ],
        [
            4,
            9
        ],
        [
            5,
            12
        ],
        [
            5,
            14
        ],
        [
            5,
            18
        ],
        [
            6,
            19
        ],
        [
            7,
            17
        ],
        [
            8,
            10
        ],
        [
            8,
            18
        ],
        [
            9,
            15
        ],
        [
            9,
            16
        ],
        [
            9,
            17
        ],
        [
            10,
            11
        ],
        [
            12,
            17
        ],
        [
            13,
            16
        ]
    ]
}