{
    "total_node_number": 20,
    "probability_of_edge": 0.2,
    "time": {
        "request": 4997.5,
        "reply": 5999.0,
        "forwarding": 0.0
    },
    "request_message_count": 59,
    "route": [
        {
            "name": "Shortest Path",
            "route_node_count": 4,
            "route": [
                0,
                2,
                18,
                19
            ]
        },
        {
            "name": "DSRAlgorithm Path",
            "route_node_count": 4,
            "route": [
                0,
                2,
                18,
                19
            ]
        }
    ],
    "edges": [
        [
            0,
            2
        ],
        [
            1,
            3
        ],
        [
            1,
            4
        ],
        [
            1,
            11
        ],
        [
            2,
            6
        ],
        [
            2,
            9
        ],
        [
            2,
            14
        ],
        [
            2,
            16
        ],
        [
            2,
            18
        ],
        [
            3,
            5
        ],
        [
            3,
            14
        ],
        [
            4,
            9
        ],
        [
            4,
            10
        ],
        [
            4,
            16
        ],
        [
            5,
            19
        ],
        [
            7,
            9
        ],
        [
            7,
            12
        ],
        [
            7,
            15
        ],
        [
            8,
            13
        ],
        [
            8,
            16
        ],
        [
            9,
            12
        ],
        [
            9,
            16
        ],
        [
            10,
            11
        ],
        [
            11,
            14
        ],
        [
            11,
            16
        ],
        [
            13,
            17
        ],
        [
            13,
            18
        ],
        [
            13,
            19
        ],
        [
            14,
            15
        ],
        [
            14,
            17
        ],
        [
            18,
            19
        ]
    ]
}