{
    "total_node_number": 10,
    "probability_of_edge": 0.2,
    "time": {
        "request": 2998.5,
        "reply": 5993.25,
        "forwarding": 3998.5
    },
    "request_message_count": 28,
    "route": [
        {
            "name": "Shortest Path",
            "route_node_count": 2,
            "route": [
                0,
                9
            ]
        },
        {
            "name": "DSRAlgorithm Path",
            "route_node_count": 2,
            "route": [
                0,
                9
            ]
        }
    ],
    "edges": [
        [
            0,
            4
        ],
        [
            0,
            6
        ],
        [
            0,
            8
        ],
        [
            0,
            9
        ],
        [
            1,
            2
        ],
        [
            2,
            8
        ],
        [
            3,
            5
        ],
        [
            3,
            7
        ],
        [
            4,
            5
        ],
        [
            4,
            9
        ],
        [
            5,
            7
        ],
        [
            5,
            8
        ],
        [
            6,
            7
        ],
        [
            7,
            8
        ],
        [
            7,
            9
        ],
        [
            8,
            9
        ]
    ]
}