{
    "total_node_number": 20,
    "probability_of_edge": 0.1,
    "time": {
        "request": 3978.5,
        "reply": 3001.75,
        "forwarding": 0.0
    },
    "request_message_count": 38,
    "route": [
        {
            "name": "Shortest Path",
            "route_node_count": 4,
            "route": [
                0,
                18,
                5,
                19
            ]
        },
        {
            "name": "DSRAlgorithm Path",
            "route_node_count": 4,
            "route": [
                0,
                18,
                5,
                19
            ]
        }
    ],
    "edges": [
        [
            0,
            11
        ],
        [
            0,
            18
        ],
        [
            1,
            4
        ],
        [
            1,
            15
        ],
        [
            1,
            18
        ],
        [
            2,
            3
        ],
        [
            2,
            12
        ],
        [
            2,
            16
        ],
        [
            3,
            17
        ],
        [
            5,
            18
        ],
        [
            5,
            19
        ],
        [
            6,
            9
        ],
        [
            7,
            17
        ],
        [
            8,
            9
        ],
        [
            9,
            11
        ],
        [
            10,
            15
        ],
        [
            12,
            13
        ],
        [
            14,
            15
        ],
        [
            14,
            16
        ],
        [
            14,
            19
        ]
    ]
}