{
    "total_node_number": 20,
    "probability_of_edge": 0.2,
    "time": {
        "request": 1000.25,
        "reply": 3000.0,
        "forwarding": 0.0
    },
    "request_message_count": 63,
    "route": [
        {
            "name": "Shortest Path",
            "route_node_count": 2,
            "route": [
                0,
                19
            ]
        },
        {
            "name": "DSRAlgorithm Path",
            "route_node_count": 2,
            "route": [
                0,
                19
            ]
        }
    ],
    "edges": [
        [
            0,
            6
        ],
        [
            0,
            12
        ],
        [
            0,
            16
        ],
        [
            0,
            19
        ],
        [
            1,
            7
        ],
        [
            1,
            8
        ],
        [
            2,
            6
        ],
        [
            2,
            13
        ],
        [
            3,
            10
        ],
        [
            3,
            12
        ],
        [
            3,
            13
        ],
        [
            3,
            17
        ],
        [
            4,
            11
        ],
        [
            4,
            13
        ],
        [
            5,
            6
        ],
        [
            5,
            18
        ],
        [
            6,
            12
        ],
        [
            6,
            13
        ],
        [
            6,
            16
        ],
        [
            7,
            9
        ],
        [
            8,
            13
        ],
        [
            9,
            15
        ],
        [
            9,
            16
        ],
        [
            9,
            18
        ],
        [
            11,
            12
        ],
        [
            11,
            14
        ],
        [
            11,
            17
        ],
        [
            12,
            18
        ],
        [
            13,
            14
        ],
        [
            13,
            18
        ],
        [
            14,
            18
        ],
        [
            16,
            17
        ]
    ]
}