{
    "total_node_number": 20,
    "probability_of_edge": 0.1,
    "time": {
        "request": 2000.5,
        "reply": 1999.5,
        "forwarding": 0.0
    },
    "request_message_count": 45,
    "route": [
        {
            "name": "Shortest Path",
            "route_node_count": 2,
            "route": [
                0,
                19
            ]
        },
        {
            "name": "DSRAlgorithm Path",
            "route_node_count": 2,
            "route": [
                0,
                19
            ]
        }
    ],
    "edges": [
        [
            0,
            3
        ],
        [
            0,
            17
        ],
        [
            0,
            18
        ],
        [
            0,
            19
        ],
        [
            1,
            4
        ],
        [
            1,
            18
        ],
        [
            2,
            6
        ],
        [
            2,
            9
        ],
        [
            3,
            6
        ],
        [
            3,
            10
        ],
        [
            3,
            19
        ],
        [
            4,
            18
        ],
        [
            5,
            7
        ],
        [
            6,
            13
        ],
        [
            6,
            14
        ],
        [
            6,
            15
        ],
        [
            6,
            19
        ],
        [
            7,
            13
        ],
        [
            7,
            16
        ],
        [
            8,
            14
        ],
        [
            11,
            15
        ],
        [
            11,
            16
        ],
        [
            12,
            14
        ],
        [
            13,
            18
        ]
    ]
}