{
    "total_node_number": 10,
    "probability_of_edge": 0.4,
    "time": {
        "request": 2998.75,
        "reply": 5333.5,
        "forwarding": 1995.5
    },
    "request_message_count": 23,
    "route": [
        {
            "name": "Shortest Path",
            "route_node_count": 2,
            "route": [
                0,
                9
            ]
        },
        {
            "name": "DSRAlgorithm Path",
            "route_node_count": 2,
            "route": [
                0,
                9
            ]
        }
    ],
    "edges": [
        [
            0,
            1
        ],
        [
            0,
            6
        ],
        [
            0,
            9
        ],
        [
            1,
            3
        ],
        [
            1,
            6
        ],
        [
            1,
            7
        ],
        [
            1,
            9
        ],
        [
            2,
            9
        ],
        [
            4,
            8
        ],
        [
            4,
            9
        ],
        [
            5,
            6
        ],
        [
            5,
            7
        ],
        [
            5,
            8
        ],
        [
            7,
            8
        ]
    ]
}