{
    "total_node_number": 20,
    "probability_of_edge": 0.1,
    "time": {
        "request": 8971.0,
        "reply": 2998.25,
        "forwarding": 1003.0
    },
    "request_message_count": 63,
    "route": [
        {
            "name": "Shortest Path",
            "route_node_count": 4,
            "route": [
                0,
                4,
                2,
                19
            ]
        },
        {
            "name": "DSRAlgorithm Path",
            "route_node_count": 4,
            "route": [
                0,
                4,
                2,
                19
            ]
        }
    ],
    "edges": [
        [
            0,
            4
        ],
        [
            0,
            5
        ],
        [
            0,
            6
        ],
        [
            0,
            14
        ],
        [
            1,
            2
        ],
        [
            1,
            3
        ],
        [
            1,
            5
        ],
        [
            1,
            7
        ],
        [
            1,
            14
        ],
        [
            1,
            17
        ],
        [
            2,
            4
        ],
        [
            2,
            11
        ],
        [
            2,
            14
        ],
        [
            2,
            19
        ],
        [
            3,
            8
        ],
        [
            3,
            17
        ],
        [
            4,
            6
        ],
        [
            4,
            9
        ],
        [
            5,
            10
        ],
        [
            6,
            15
        ],
        [
            6,
            16
        ],
        [
            6,
            17
        ],
        [
            7,
            13
        ],
        [
            7,
            16
        ],
        [
            7,
            19
        ],
        [
            9,
            13
        ],
        [
            10,
            13
        ],
        [
            10,
            16
        ],
        [
            11,
            12
        ],
        [
            11,
            14
        ],
        [
            12,
            19
        ],
        [
            13,
            14
        ],
        [
            15,
            18
        ]
    ]
}