{
    "total_node_number": 10,
    "probability_of_edge": 0.2,
    "time": {
        "request": 2782.75,
        "reply": 4997.0,
        "forwarding": 6005.0
    },
    "request_message_count": 11,
    "route": [
        {
            "name": "Shortest Path",
            "route_node_count": 2,
            "route": [
                0,
                9
            ]
        },
        {
            "name": "DSRAlgorithm Path",
            "route_node_count": 2,
            "route": [
                0,
                9
            ]
        }
    ],
    "edges": [
        [
            0,
            1
        ],
        [
            0,
            3
        ],
        [
            0,
            9
        ],
        [
            1,
            9
        ],
        [
            2,
            3
        ],
        [
            2,
            9
        ],
        [
            3,
            4
        ],
        [
            5,
            6
        ],
        [
            5,
            7
        ],
        [
            5,
            8
        ],
        [
            8,
            9
        ]
    ]
}