{
    "total_node_number": 10,
    "probability_of_edge": 0.4,
    "time": {
        "request": 10410.5,
        "reply": 7994.5,
        "forwarding": 1902.0
    },
    "request_message_count": 32,
    "route": [
        {
            "name": "Shortest Path",
            "route_node_count": 2,
            "route": [
                0,
                9
            ]
        },
        {
            "name": "DSRAlgorithm Path",
            "route_node_count": 4,
            "route": [
                0,
                5,
                8,
                9
            ]
        }
    ],
    "edges": [
        [
            0,
            3
        ],
        [
            0,
            5
        ],
        [
            0,
            9
        ],
        [
            1,
            3
        ],
        [
            1,
            5
        ],
        [
            2,
            7
        ],
        [
            3,
            7
        ],
        [
            3,
            8
        ],
        [
            4,
            6
        ],
        [
            4,
            7
        ],
        [
            4,
            8
        ],
        [
            4,
            9
        ],
        [
            5,
            7
        ],
        [
            5,
            8
        ],
        [
            6,
            8
        ],
        [
            6,
            9
        ],
        [
            7,
            8
        ],
        [
            8,
            9
        ]
    ]
}