{
    "total_node_number": 20,
    "probability_of_edge": 0.1,
    "time": {
        "request": 6999.0,
        "reply": 6000.0,
        "forwarding": 1000.75
    },
    "request_message_count": 52,
    "route": [
        {
            "name": "Shortest Path",
            "route_node_count": 6,
            "route": [
                0,
                11,
                5,
                18,
                3,
                19
            ]
        },
        {
            "name": "DSRAlgorithm Path",
            "route_node_count": 6,
            "route": [
                0,
                11,
                5,
                18,
                3,
                19
            ]
        }
    ],
    "edges": [
        [
            0,
            11
        ],
        [
            1,
            8
        ],
        [
            1,
            10
        ],
        [
            1,
            12
        ],
        [
            2,
            3
        ],
        [
            2,
            4
        ],
        [
            2,
            7
        ],
        [
            2,
            9
        ],
        [
            2,
            12
        ],
        [
            3,
            13
        ],
        [
            3,
            18
        ],
        [
            3,
            19
        ],
        [
            5,
            8
        ],
        [
            5,
            11
        ],
        [
            5,
            14
        ],
        [
            5,
            18
        ],
        [
            6,
            11
        ],
        [
            6,
            14
        ],
        [
            7,
            10
        ],
        [
            7,
            14
        ],
        [
            7,
            16
        ],
        [
            7,
            18
        ],
        [
            9,
            17
        ],
        [
            10,
            14
        ],
        [
            13,
            15
        ],
        [
            15,
            16
        ],
        [
            16,
            19
        ]
    ]
}