{
    "total_node_number": 20,
    "probability_of_edge": 0.1,
    "time": {
        "request": 16826.5,
        "reply": 13893.25,
        "forwarding": 1005.75
    },
    "request_message_count": 50,
    "route": [
        {
            "name": "Shortest Path",
            "route_node_count": 4,
            "route": [
                0,
                2,
                6,
                19
            ]
        },
        {
            "name": "DSRAlgorithm Path",
            "route_node_count": 4,
            "route": [
                0,
                2,
                6,
                19
            ]
        }
    ],
    "edges": [
        [
            0,
            2
        ],
        [
            0,
            15
        ],
        [
            1,
            7
        ],
        [
            1,
            19
        ],
        [
            2,
            3
        ],
        [
            2,
            4
        ],
        [
            2,
            6
        ],
        [
            3,
            8
        ],
        [
            3,
            10
        ],
        [
            3,
            14
        ],
        [
            3,
            16
        ],
        [
            4,
            8
        ],
        [
            4,
            14
        ],
        [
            5,
            7
        ],
        [
            5,
            13
        ],
        [
            6,
            19
        ],
        [
            7,
            9
        ],
        [
            7,
            12
        ],
        [
            8,
            15
        ],
        [
            9,
            10
        ],
        [
            9,
            15
        ],
        [
            9,
            17
        ],
        [
            11,
            14
        ],
        [
            12,
            13
        ],
        [
            15,
            17
        ],
        [
            17,
            18
        ]
    ]
}