{
    "total_node_number": 20,
    "probability_of_edge": 0.1,
    "time": {
        "request": 7000.25,
        "reply": 2999.75,
        "forwarding": 2001.25
    },
    "request_message_count": 39,
    "route": [
        {
            "name": "Shortest Path",
            "route_node_count": 8,
            "route": [
                0,
                18,
                10,
                6,
                9,
                17,
                8,
                19
            ]
        },
        {
            "name": "DSRAlgorithm Path",
            "route_node_count": 8,
            "route": [
                0,
                18,
                10,
                6,
                9,
                17,
                8,
                19
            ]
        }
    ],
    "edges": [
        [
            0,
            18
        ],
        [
            1,
            3
        ],
        [
            2,
            7
        ],
        [
            2,
            9
        ],
        [
            3,
            10
        ],
        [
            4,
            12
        ],
        [
            5,
            6
        ],
        [
            5,
            9
        ],
        [
            5,
            16
        ],
        [
            6,
            9
        ],
        [
            6,
            10
        ],
        [
            7,
            12
        ],
        [
            8,
            17
        ],
        [
            8,
            19
        ],
        [
            9,
            17
        ],
        [
            10,
            18
        ],
        [
            11,
            12
        ],
        [
            11,
            13
        ],
        [
            14,
            15
        ],
        [
            15,
            17
        ]
    ]
}