{
    "total_node_number": 10,
    "probability_of_edge": 0.2,
    "time": {
        "request": 2882.25,
        "reply": 10971.75,
        "forwarding": 6400.75
    },
    "request_message_count": 25,
    "route": [
        {
            "name": "Shortest Path",
            "route_node_count": 3,
            "route": [
                0,
                4,
                9
            ]
        },
        {
            "name": "DSRAlgorithm Path",
            "route_node_count": 3,
            "route": [
                0,
                4,
                9
            ]
        }
    ],
    "edges": [
        [
            0,
            4
        ],
        [
            1,
            3
        ],
        [
            1,
            9
        ],
        [
            2,
            4
        ],
        [
            2,
            6
        ],
        [
            2,
            7
        ],
        [
            3,
            4
        ],
        [
            3,
            5
        ],
        [
            3,
            7
        ],
        [
            3,
            9
        ],
        [
            4,
            5
        ],
        [
            4,
            6
        ],
        [
            4,
            9
        ],
        [
            7,
            8
        ]
    ]
}