{
    "total_node_number": 10,
    "probability_of_edge": 0.4,
    "time": {
        "request": 31429.0,
        "reply": 10504.25,
        "forwarding": 1996.25
    },
    "request_message_count": 32,
    "route": [
        {
            "name": "Shortest Path",
            "route_node_count": 3,
            "route": [
                0,
                5,
                9
            ]
        },
        {
            "name": "DSRAlgorithm Path",
            "route_node_count": 3,
            "route": [
                0,
                5,
                9
            ]
        }
    ],
    "edges": [
        [
            0,
            5
        ],
        [
            0,
            7
        ],
        [
            1,
            4
        ],
        [
            1,
            6
        ],
        [
            1,
            8
        ],
        [
            2,
            5
        ],
        [
            2,
            7
        ],
        [
            3,
            4
        ],
        [
            3,
            6
        ],
        [
            3,
            8
        ],
        [
            3,
            9
        ],
        [
            4,
            5
        ],
        [
            4,
            8
        ],
        [
            5,
            7
        ],
        [
            5,
            8
        ],
        [
            5,
            9
        ],
        [
            6,
            9
        ],
        [
            8,
            9
        ]
    ]
}