{
    "total_node_number": 20,
    "probability_of_edge": 0.2,
    "time": {
        "request": 7001.0,
        "reply": 7000.75,
        "forwarding": 1001.25
    },
    "request_message_count": 61,
    "route": [
        {
            "name": "Shortest Path",
            "route_node_count": 5,
            "route": [
                0,
                10,
                13,
                5,
                19
            ]
        },
        {
            "name": "DSRAlgorithm Path",
            "route_node_count": 5,
            "route": [
                0,
                10,
                13,
                5,
                19
            ]
        }
    ],
    "edges": [
        [
            0,
            10
        ],
        [
            0,
            14
        ],
        [
            1,
            13
        ],
        [
            1,
            15
        ],
        [
            1,
            18
        ],
        [
            2,
            4
        ],
        [
            2,
            11
        ],
        [
            2,
            17
        ],
        [
            2,
            18
        ],
        [
            3,
            8
        ],
        [
            3,
            9
        ],
        [
            4,
            19
        ],
        [
            5,
            8
        ],
        [
            5,
            13
        ],
        [
            5,
            19
        ],
        [
            6,
            8
        ],
        [
            6,
            13
        ],
        [
            6,
            19
        ],
        [
            7,
            14
        ],
        [
            7,
            18
        ],
        [
            8,
            12
        ],
        [
            8,
            13
        ],
        [
            8,
            19
        ],
        [
            9,
            19
        ],
        [
            10,
            13
        ],
        [
            11,
            16
        ],
        [
            11,
            17
        ],
        [
            11,
            18
        ],
        [
            12,
            17
        ],
        [
            13,
            15
        ],
        [
            15,
            17
        ],
        [
            16,
            19
        ],
        [
            17,
            18
        ],
        [
            18,
            19
        ]
    ]
}