{
    "total_node_number": 20,
    "probability_of_edge": 0.1,
    "time": {
        "request": 1000.0,
        "reply": 1001.75,
        "forwarding": 0.0
    },
    "request_message_count": 47,
    "route": [
        {
            "name": "Shortest Path",
            "route_node_count": 2,
            "route": [
                0,
                19
            ]
        },
        {
            "name": "DSRAlgorithm Path",
            "route_node_count": 2,
            "route": [
                0,
                19
            ]
        }
    ],
    "edges": [
        [
            0,
            10
        ],
        [
            0,
            14
        ],
        [
            0,
            19
        ],
        [
            1,
            4
        ],
        [
            1,
            14
        ],
        [
            1,
            16
        ],
        [
            2,
            13
        ],
        [
            3,
            4
        ],
        [
            3,
            12
        ],
        [
            3,
            14
        ],
        [
            3,
            19
        ],
        [
            4,
            12
        ],
        [
            4,
            16
        ],
        [
            5,
            8
        ],
        [
            5,
            9
        ],
        [
            5,
            13
        ],
        [
            6,
            8
        ],
        [
            6,
            19
        ],
        [
            7,
            11
        ],
        [
            7,
            14
        ],
        [
            8,
            16
        ],
        [
            9,
            11
        ],
        [
            12,
            18
        ],
        [
            14,
            19
        ],
        [
            15,
            19
        ],
        [
            16,
            19
        ],
        [
            17,
            18
        ]
    ]
}