{
    "total_node_number": 20,
    "probability_of_edge": 0.1,
    "time": {
        "request": 4997.75,
        "reply": 4000.5,
        "forwarding": 0.0
    },
    "request_message_count": 43,
    "route": [
        {
            "name": "Shortest Path",
            "route_node_count": 4,
            "route": [
                0,
                3,
                2,
                19
            ]
        },
        {
            "name": "DSRAlgorithm Path",
            "route_node_count": 4,
            "route": [
                0,
                3,
                2,
                19
            ]
        }
    ],
    "edges": [
        [
            0,
            3
        ],
        [
            0,
            5
        ],
        [
            0,
            13
        ],
        [
            1,
            5
        ],
        [
            1,
            9
        ],
        [
            1,
            16
        ],
        [
            2,
            3
        ],
        [
            2,
            15
        ],
        [
            2,
            17
        ],
        [
            2,
            19
        ],
        [
            3,
            8
        ],
        [
            3,
            10
        ],
        [
            4,
            10
        ],
        [
            4,
            15
        ],
        [
            6,
            13
        ],
        [
            7,
            14
        ],
        [
            8,
            16
        ],
        [
            9,
            12
        ],
        [
            10,
            16
        ],
        [
            11,
            14
        ],
        [
            11,
            17
        ],
        [
            16,
            18
        ]
    ]
}