{
    "total_node_number": 10,
    "probability_of_edge": 0.6,
    "time": {
        "request": 12993.0,
        "reply": 6000.0,
        "forwarding": 2107.25
    },
    "request_message_count": 40,
    "route": [
        {
            "name": "Shortest Path",
            "route_node_count": 3,
            "route": [
                0,
                8,
                9
            ]
        },
        {
            "name": "DSRAlgorithm Path",
            "route_node_count": 3,
            "route": [
                0,
                8,
                9
            ]
        }
    ],
    "edges": [
        [
            0,
            4
        ],
        [
            0,
            5
        ],
        [
            0,
            8
        ],
        [
            1,
            3
        ],
        [
            1,
            8
        ],
        [
            1,
            9
        ],
        [
            2,
            7
        ],
        [
            2,
            8
        ],
        [
            3,
            6
        ],
        [
            3,
            7
        ],
        [
            3,
            8
        ],
        [
            3,
            9
        ],
        [
            4,
            5
        ],
        [
            4,
            6
        ],
        [
            4,
            7
        ],
        [
            4,
            8
        ],
        [
            5,
            6
        ],
        [
            5,
            7
        ],
        [
            5,
            8
        ],
        [
            6,
            8
        ],
        [
            6,
            9
        ],
        [
            8,
            9
        ]
    ]
}