{
    "total_node_number": 10,
    "probability_of_edge": 0.4,
    "time": {
        "request": 19943.0,
        "reply": 4742.25,
        "forwarding": 1661.25
    },
    "request_message_count": 40,
    "route": [
        {
            "name": "Shortest Path",
            "route_node_count": 3,
            "route": [
                0,
                3,
                9
            ]
        },
        {
            "name": "DSRAlgorithm Path",
            "route_node_count": 3,
            "route": [
                0,
                3,
                9
            ]
        }
    ],
    "edges": [
        [
            0,
            1
        ],
        [
            0,
            3
        ],
        [
            0,
            4
        ],
        [
            0,
            7
        ],
        [
            0,
            8
        ],
        [
            1,
            2
        ],
        [
            1,
            3
        ],
        [
            1,
            6
        ],
        [
            1,
            8
        ],
        [
            2,
            3
        ],
        [
            2,
            6
        ],
        [
            2,
            8
        ],
        [
            3,
            4
        ],
        [
            3,
            5
        ],
        [
            3,
            8
        ],
        [
            3,
            9
        ],
        [
            4,
            8
        ],
        [
            5,
            7
        ],
        [
            5,
            8
        ],
        [
            6,
            7
        ],
        [
            6,
            9
        ]
    ]
}