{
    "total_node_number": 10,
    "probability_of_edge": 0.2,
    "time": {
        "request": 4998.5,
        "reply": 7218.25,
        "forwarding": 1935.5
    },
    "request_message_count": 23,
    "route": [
        {
            "name": "Shortest Path",
            "route_node_count": 3,
            "route": [
                0,
                1,
                9
            ]
        },
        {
            "name": "DSRAlgorithm Path",
            "route_node_count": 4,
            "route": [
                0,
                1,
                5,
                9
            ]
        }
    ],
    "edges": [
        [
            0,
            1
        ],
        [
            0,
            3
        ],
        [
            1,
            5
        ],
        [
            1,
            6
        ],
        [
            1,
            7
        ],
        [
            1,
            9
        ],
        [
            2,
            4
        ],
        [
            2,
            6
        ],
        [
            3,
            6
        ],
        [
            4,
            6
        ],
        [
            4,
            8
        ],
        [
            5,
            9
        ],
        [
            8,
            9
        ]
    ]
}