{
    "total_node_number": 20,
    "probability_of_edge": 0.2,
    "time": {
        "request": 3003.0,
        "reply": 8996.0,
        "forwarding": 0.0
    },
    "request_message_count": 66,
    "route": [
        {
            "name": "Shortest Path",
            "route_node_count": 3,
            "route": [
                0,
                18,
                19
            ]
        },
        {
            "name": "DSRAlgorithm Path",
            "route_node_count": 3,
            "route": [
                0,
                18,
                19
            ]
        }
    ],
    "edges": [
        [
            0,
            1
        ],
        [
            0,
            4
        ],
        [
            0,
            18
        ],
        [
            1,
            2
        ],
        [
            1,
            3
        ],
        [
            1,
            5
        ],
        [
            1,
            10
        ],
        [
            2,
            7
        ],
        [
            3,
            8
        ],
        [
            3,
            12
        ],
        [
            4,
            8
        ],
        [
            4,
            13
        ],
        [
            4,
            15
        ],
        [
            4,
            16
        ],
        [
            5,
            6
        ],
        [
            5,
            9
        ],
        [
            5,
            10
        ],
        [
            5,
            14
        ],
        [
            5,
            17
        ],
        [
            6,
            7
        ],
        [
            6,
            8
        ],
        [
            7,
            14
        ],
        [
            8,
            13
        ],
        [
            9,
            15
        ],
        [
            9,
            18
        ],
        [
            10,
            12
        ],
        [
            10,
            13
        ],
        [
            10,
            14
        ],
        [
            10,
            18
        ],
        [
            11,
            15
        ],
        [
            14,
            19
        ],
        [
            15,
            17
        ],
        [
            16,
            18
        ],
        [
            18,
            19
        ]
    ]
}