{
    "total_node_number": 10,
    "probability_of_edge": 0.2,
    "time": {
        "request": 7943.75,
        "reply": 7997.25,
        "forwarding": 1819.75
    },
    "request_message_count": 17,
    "route": [
        {
            "name": "Shortest Path",
            "route_node_count": 3,
            "route": [
                0,
                3,
                9
            ]
        },
        {
            "name": "DSRAlgorithm Path",
            "route_node_count": 3,
            "route": [
                0,
                3,
                9
            ]
        }
    ],
    "edges": [
        [
            0,
            3
        ],
        [
            1,
            3
        ],
        [
            1,
            7
        ],
        [
            2,
            4
        ],
        [
            3,
            4
        ],
        [
            3,
            8
        ],
        [
            3,
            9
        ],
        [
            4,
            8
        ],
        [
            4,
            9
        ],
        [
            5,
            9
        ],
        [
            6,
            9
        ],
        [
            8,
            9
        ]
    ]
}