{
    "total_node_number": 20,
    "probability_of_edge": 0.1,
    "time": {
        "request": 4000.0,
        "reply": 6000.0,
        "forwarding": 0.0
    },
    "request_message_count": 51,
    "route": [
        {
            "name": "Shortest Path",
            "route_node_count": 3,
            "route": [
                0,
                13,
                19
            ]
        },
        {
            "name": "DSRAlgorithm Path",
            "route_node_count": 3,
            "route": [
                0,
                17,
                19
            ]
        }
    ],
    "edges": [
        [
            0,
            4
        ],
        [
            0,
            8
        ],
        [
            0,
            13
        ],
        [
            0,
            17
        ],
        [
            1,
            2
        ],
        [
            1,
            7
        ],
        [
            1,
            17
        ],
        [
            2,
            9
        ],
        [
            2,
            11
        ],
        [
            2,
            16
        ],
        [
            3,
            18
        ],
        [
            3,
            19
        ],
        [
            4,
            5
        ],
        [
            4,
            15
        ],
        [
            5,
            9
        ],
        [
            5,
            17
        ],
        [
            6,
            12
        ],
        [
            6,
            13
        ],
        [
            7,
            16
        ],
        [
            7,
            19
        ],
        [
            8,
            14
        ],
        [
            9,
            17
        ],
        [
            10,
            14
        ],
        [
            11,
            15
        ],
        [
            11,
            19
        ],
        [
            13,
            19
        ],
        [
            14,
            18
        ],
        [
            17,
            19
        ]
    ]
}