{
    "total_node_number": 20,
    "probability_of_edge": 0.1,
    "time": {
        "request": 7000.75,
        "reply": 3000.75,
        "forwarding": 1000.5
    },
    "request_message_count": 50,
    "route": [
        {
            "name": "Shortest Path",
            "route_node_count": 6,
            "route": [
                0,
                9,
                7,
                3,
                10,
                19
            ]
        },
        {
            "name": "DSRAlgorithm Path",
            "route_node_count": 6,
            "route": [
                0,
                9,
                7,
                3,
                10,
                19
            ]
        }
    ],
    "edges": [
        [
            0,
            9
        ],
        [
            1,
            4
        ],
        [
            1,
            9
        ],
        [
            2,
            4
        ],
        [
            3,
            7
        ],
        [
            3,
            10
        ],
        [
            3,
            14
        ],
        [
            4,
            8
        ],
        [
            4,
            12
        ],
        [
            5,
            12
        ],
        [
            5,
            13
        ],
        [
            5,
            14
        ],
        [
            5,
            17
        ],
        [
            5,
            19
        ],
        [
            6,
            11
        ],
        [
            7,
            9
        ],
        [
            7,
            11
        ],
        [
            8,
            10
        ],
        [
            10,
            19
        ],
        [
            11,
            18
        ],
        [
            12,
            18
        ],
        [
            13,
            14
        ],
        [
            13,
            16
        ],
        [
            14,
            17
        ],
        [
            15,
            17
        ],
        [
            16,
            17
        ]
    ]
}