{
    "total_node_number": 20,
    "probability_of_edge": 0.2,
    "time": {
        "request": 4971.0,
        "reply": 9000.5,
        "forwarding": 0.0
    },
    "request_message_count": 69,
    "route": [
        {
            "name": "Shortest Path",
            "route_node_count": 3,
            "route": [
                0,
                1,
                19
            ]
        },
        {
            "name": "DSRAlgorithm Path",
            "route_node_count": 3,
            "route": [
                0,
                1,
                19
            ]
        }
    ],
    "edges": [
        [
            0,
            1
        ],
        [
            0,
            5
        ],
        [
            0,
            6
        ],
        [
            0,
            8
        ],
        [
            0,
            11
        ],
        [
            0,
            15
        ],
        [
            1,
            4
        ],
        [
            1,
            10
        ],
        [
            1,
            18
        ],
        [
            1,
            19
        ],
        [
            2,
            7
        ],
        [
            2,
            9
        ],
        [
            2,
            14
        ],
        [
            2,
            15
        ],
        [
            3,
            8
        ],
        [
            3,
            9
        ],
        [
            3,
            14
        ],
        [
            3,
            15
        ],
        [
            3,
            17
        ],
        [
            4,
            10
        ],
        [
            4,
            14
        ],
        [
            5,
            14
        ],
        [
            5,
            15
        ],
        [
            5,
            17
        ],
        [
            6,
            12
        ],
        [
            6,
            13
        ],
        [
            6,
            16
        ],
        [
            7,
            16
        ],
        [
            7,
            17
        ],
        [
            9,
            15
        ],
        [
            9,
            16
        ],
        [
            11,
            16
        ],
        [
            12,
            15
        ],
        [
            12,
            19
        ],
        [
            13,
            16
        ],
        [
            13,
            19
        ]
    ]
}