{
    "total_node_number": 10,
    "probability_of_edge": 0.2,
    "time": {
        "request": 12950.5,
        "reply": 4998.75,
        "forwarding": 4055.75
    },
    "request_message_count": 23,
    "route": [
        {
            "name": "Shortest Path",
            "route_node_count": 4,
            "route": [
                0,
                3,
                8,
                9
            ]
        },
        {
            "name": "DSRAlgorithm Path",
            "route_node_count": 5,
            "route": [
                0,
                1,
                3,
                8,
                9
            ]
        }
    ],
    "edges": [
        [
            0,
            1
        ],
        [
            0,
            3
        ],
        [
            0,
            6
        ],
        [
            1,
            3
        ],
        [
            1,
            4
        ],
        [
            1,
            6
        ],
        [
            2,
            4
        ],
        [
            2,
            6
        ],
        [
            3,
            8
        ],
        [
            5,
            7
        ],
        [
            5,
            8
        ],
        [
            8,
            9
        ]
    ]
}