{
    "total_node_number": 20,
    "probability_of_edge": 0.1,
    "time": {
        "request": 6999.25,
        "reply": 3000.75,
        "forwarding": 1000.25
    },
    "request_message_count": 45,
    "route": [
        {
            "name": "Shortest Path",
            "route_node_count": 4,
            "route": [
                0,
                14,
                3,
                19
            ]
        },
        {
            "name": "DSRAlgorithm Path",
            "route_node_count": 4,
            "route": [
                0,
                14,
                3,
                19
            ]
        }
    ],
    "edges": [
        [
            0,
            1
        ],
        [
            0,
            7
        ],
        [
            0,
            12
        ],
        [
            0,
            14
        ],
        [
            1,
            5
        ],
        [
            1,
            12
        ],
        [
            1,
            16
        ],
        [
            2,
            19
        ],
        [
            3,
            10
        ],
        [
            3,
            14
        ],
        [
            3,
            15
        ],
        [
            3,
            18
        ],
        [
            3,
            19
        ],
        [
            4,
            16
        ],
        [
            5,
            11
        ],
        [
            6,
            12
        ],
        [
            7,
            12
        ],
        [
            8,
            9
        ],
        [
            8,
            15
        ],
        [
            8,
            16
        ],
        [
            9,
            19
        ],
        [
            11,
            14
        ],
        [
            13,
            15
        ],
        [
            13,
            19
        ],
        [
            14,
            17
        ]
    ]
}