{
    "total_node_number": 10,
    "probability_of_edge": 0.2,
    "time": {
        "request": 5033.0,
        "reply": 5996.0,
        "forwarding": 2165.5
    },
    "request_message_count": 16,
    "route": [
        {
            "name": "Shortest Path",
            "route_node_count": 4,
            "route": [
                0,
                4,
                1,
                9
            ]
        },
        {
            "name": "DSRAlgorithm Path",
            "route_node_count": 4,
            "route": [
                0,
                4,
                2,
                9
            ]
        }
    ],
    "edges": [
        [
            0,
            4
        ],
        [
            0,
            7
        ],
        [
            1,
            4
        ],
        [
            1,
            7
        ],
        [
            1,
            9
        ],
        [
            2,
            4
        ],
        [
            2,
            5
        ],
        [
            2,
            7
        ],
        [
            2,
            9
        ],
        [
            3,
            9
        ],
        [
            6,
            8
        ],
        [
            6,
            9
        ]
    ]
}