{
    "total_node_number": 10,
    "probability_of_edge": 0.2,
    "time": {
        "request": 28015.75,
        "reply": 3018.75,
        "forwarding": 2959.25
    },
    "request_message_count": 25,
    "route": [
        {
            "name": "Shortest Path",
            "route_node_count": 4,
            "route": [
                0,
                5,
                1,
                9
            ]
        },
        {
            "name": "DSRAlgorithm Path",
            "route_node_count": 4,
            "route": [
                0,
                5,
                1,
                9
            ]
        }
    ],
    "edges": [
        [
            0,
            3
        ],
        [
            0,
            5
        ],
        [
            0,
            6
        ],
        [
            0,
            7
        ],
        [
            1,
            5
        ],
        [
            1,
            9
        ],
        [
            2,
            4
        ],
        [
            2,
            7
        ],
        [
            2,
            8
        ],
        [
            3,
            4
        ],
        [
            4,
            6
        ],
        [
            5,
            6
        ],
        [
            6,
            8
        ]
    ]
}