{
    "total_node_number": 10,
    "probability_of_edge": 0.2,
    "time": {
        "request": 12953.75,
        "reply": 4794.5,
        "forwarding": 1004.25
    },
    "request_message_count": 20,
    "route": [
        {
            "name": "Shortest Path",
            "route_node_count": 3,
            "route": [
                0,
                1,
                9
            ]
        },
        {
            "name": "DSRAlgorithm Path",
            "route_node_count": 3,
            "route": [
                0,
                1,
                9
            ]
        }
    ],
    "edges": [
        [
            0,
            1
        ],
        [
            0,
            2
        ],
        [
            1,
            9
        ],
        [
            2,
            4
        ],
        [
            2,
            7
        ],
        [
            3,
            5
        ],
        [
            5,
            6
        ],
        [
            5,
            8
        ],
        [
            5,
            9
        ],
        [
            6,
            7
        ],
        [
            7,
            8
        ]
    ]
}