{
    "total_node_number": 10,
    "probability_of_edge": 0.4,
    "time": {
        "request": 14097.0,
        "reply": 1997.0,
        "forwarding": 997.5
    },
    "request_message_count": 24,
    "route": [
        {
            "name": "Shortest Path",
            "route_node_count": 2,
            "route": [
                0,
                9
            ]
        },
        {
            "name": "DSRAlgorithm Path",
            "route_node_count": 2,
            "route": [
                0,
                9
            ]
        }
    ],
    "edges": [
        [
            0,
            1
        ],
        [
            0,
            5
        ],
        [
            0,
            6
        ],
        [
            0,
            9
        ],
        [
            1,
            3
        ],
        [
            1,
            7
        ],
        [
            2,
            4
        ],
        [
            3,
            5
        ],
        [
            3,
            7
        ],
        [
            3,
            8
        ],
        [
            3,
            9
        ],
        [
            4,
            8
        ],
        [
            6,
            7
        ]
    ]
}