{
    "total_node_number": 20,
    "probability_of_edge": 0.1,
    "time": {
        "request": 6970.5,
        "reply": 6999.25,
        "forwarding": 1000.5
    },
    "request_message_count": 60,
    "route": [
        {
            "name": "Shortest Path",
            "route_node_count": 5,
            "route": [
                0,
                9,
                1,
                6,
                19
            ]
        },
        {
            "name": "DSRAlgorithm Path",
            "route_node_count": 5,
            "route": [
                0,
                9,
                15,
                6,
                19
            ]
        }
    ],
    "edges": [
        [
            0,
            9
        ],
        [
            1,
            3
        ],
        [
            1,
            6
        ],
        [
            1,
            7
        ],
        [
            1,
            9
        ],
        [
            1,
            12
        ],
        [
            2,
            10
        ],
        [
            2,
            12
        ],
        [
            3,
            5
        ],
        [
            3,
            7
        ],
        [
            4,
            12
        ],
        [
            4,
            18
        ],
        [
            5,
            11
        ],
        [
            5,
            12
        ],
        [
            6,
            8
        ],
        [
            6,
            10
        ],
        [
            6,
            12
        ],
        [
            6,
            15
        ],
        [
            6,
            16
        ],
        [
            6,
            19
        ],
        [
            7,
            10
        ],
        [
            8,
            10
        ],
        [
            8,
            14
        ],
        [
            9,
            15
        ],
        [
            10,
            11
        ],
        [
            10,
            14
        ],
        [
            12,
            13
        ],
        [
            12,
            15
        ],
        [
            12,
            18
        ],
        [
            14,
            17
        ],
        [
            17,
            19
        ]
    ]
}