{
    "total_node_number": 10,
    "probability_of_edge": 0.4,
    "time": {
        "request": 21024.5,
        "reply": 15020.0,
        "forwarding": 4027.5
    },
    "request_message_count": 36,
    "route": [
        {
            "name": "Shortest Path",
            "route_node_count": 2,
            "route": [
                0,
                9
            ]
        },
        {
            "name": "DSRAlgorithm Path",
            "route_node_count": 4,
            "route": [
                0,
                7,
                3,
                9
            ]
        }
    ],
    "edges": [
        [
            0,
            1
        ],
        [
            0,
            5
        ],
        [
            0,
            7
        ],
        [
            0,
            9
        ],
        [
            1,
            4
        ],
        [
            1,
            8
        ],
        [
            1,
            9
        ],
        [
            2,
            4
        ],
        [
            2,
            5
        ],
        [
            2,
            7
        ],
        [
            2,
            8
        ],
        [
            3,
            6
        ],
        [
            3,
            7
        ],
        [
            3,
            8
        ],
        [
            3,
            9
        ],
        [
            4,
            6
        ],
        [
            4,
            9
        ],
        [
            5,
            7
        ],
        [
            6,
            7
        ],
        [
            7,
            8
        ]
    ]
}