{
    "total_node_number": 10,
    "probability_of_edge": 0.6,
    "time": {
        "request": 17670.5,
        "reply": 15995.75,
        "forwarding": 913.0
    },
    "request_message_count": 52,
    "route": [
        {
            "name": "Shortest Path",
            "route_node_count": 2,
            "route": [
                0,
                9
            ]
        },
        {
            "name": "DSRAlgorithm Path",
            "route_node_count": 3,
            "route": [
                0,
                7,
                9
            ]
        }
    ],
    "edges": [
        [
            0,
            1
        ],
        [
            0,
            3
        ],
        [
            0,
            4
        ],
        [
            0,
            6
        ],
        [
            0,
            7
        ],
        [
            0,
            8
        ],
        [
            0,
            9
        ],
        [
            1,
            2
        ],
        [
            1,
            3
        ],
        [
            1,
            4
        ],
        [
            1,
            7
        ],
        [
            1,
            9
        ],
        [
            2,
            3
        ],
        [
            2,
            4
        ],
        [
            2,
            5
        ],
        [
            2,
            6
        ],
        [
            2,
            8
        ],
        [
            2,
            9
        ],
        [
            3,
            5
        ],
        [
            3,
            8
        ],
        [
            4,
            5
        ],
        [
            4,
            6
        ],
        [
            4,
            8
        ],
        [
            4,
            9
        ],
        [
            5,
            8
        ],
        [
            6,
            7
        ],
        [
            7,
            8
        ],
        [
            7,
            9
        ],
        [
            8,
            9
        ]
    ]
}