{
    "total_node_number": 10,
    "probability_of_edge": 0.4,
    "time": {
        "request": 5995.0,
        "reply": 6000.75,
        "forwarding": 1023.0
    },
    "request_message_count": 30,
    "route": [
        {
            "name": "Shortest Path",
            "route_node_count": 3,
            "route": [
                0,
                1,
                9
            ]
        },
        {
            "name": "DSRAlgorithm Path",
            "route_node_count": 4,
            "route": [
                0,
                1,
                3,
                9
            ]
        }
    ],
    "edges": [
        [
            0,
            1
        ],
        [
            1,
            3
        ],
        [
            1,
            7
        ],
        [
            1,
            9
        ],
        [
            2,
            3
        ],
        [
            2,
            5
        ],
        [
            2,
            6
        ],
        [
            2,
            7
        ],
        [
            2,
            8
        ],
        [
            3,
            5
        ],
        [
            3,
            9
        ],
        [
            4,
            6
        ],
        [
            4,
            8
        ],
        [
            4,
            9
        ],
        [
            5,
            7
        ],
        [
            6,
            7
        ],
        [
            6,
            9
        ]
    ]
}