{
    "total_node_number": 10,
    "probability_of_edge": 0.2,
    "time": {
        "request": 4025.25,
        "reply": 2969.0,
        "forwarding": 968.75
    },
    "request_message_count": 3,
    "route": [
        {
            "name": "Shortest Path",
            "route_node_count": 2,
            "route": [
                0,
                9
            ]
        },
        {
            "name": "DSRAlgorithm Path",
            "route_node_count": 2,
            "route": [
                0,
                9
            ]
        }
    ],
    "edges": [
        [
            0,
            3
        ],
        [
            0,
            9
        ],
        [
            1,
            2
        ],
        [
            1,
            4
        ],
        [
            1,
            8
        ],
        [
            2,
            5
        ],
        [
            2,
            6
        ],
        [
            4,
            6
        ],
        [
            4,
            8
        ],
        [
            5,
            8
        ],
        [
            6,
            9
        ],
        [
            7,
            9
        ],
        [
            8,
            9
        ]
    ]
}