{
    "total_node_number": 20,
    "probability_of_edge": 0.1,
    "time": {
        "request": 4001.0,
        "reply": 4992.75,
        "forwarding": 0.0
    },
    "request_message_count": 47,
    "route": [
        {
            "name": "Shortest Path",
            "route_node_count": 3,
            "route": [
                0,
                16,
                19
            ]
        },
        {
            "name": "DSRAlgorithm Path",
            "route_node_count": 3,
            "route": [
                0,
                16,
                19
            ]
        }
    ],
    "edges": [
        [
            0,
            2
        ],
        [
            0,
            4
        ],
        [
            0,
            13
        ],
        [
            0,
            15
        ],
        [
            0,
            16
        ],
        [
            1,
            9
        ],
        [
            1,
            15
        ],
        [
            2,
            11
        ],
        [
            3,
            6
        ],
        [
            3,
            7
        ],
        [
            3,
            13
        ],
        [
            4,
            6
        ],
        [
            5,
            6
        ],
        [
            5,
            13
        ],
        [
            5,
            14
        ],
        [
            6,
            19
        ],
        [
            7,
            17
        ],
        [
            8,
            12
        ],
        [
            8,
            19
        ],
        [
            10,
            11
        ],
        [
            10,
            13
        ],
        [
            10,
            14
        ],
        [
            12,
            18
        ],
        [
            13,
            18
        ],
        [
            16,
            19
        ]
    ]
}