{
    "total_node_number": 10,
    "probability_of_edge": 0.4,
    "time": {
        "request": 14141.25,
        "reply": 3000.5,
        "forwarding": 932.25
    },
    "request_message_count": 35,
    "route": [
        {
            "name": "Shortest Path",
            "route_node_count": 3,
            "route": [
                0,
                3,
                9
            ]
        },
        {
            "name": "DSRAlgorithm Path",
            "route_node_count": 3,
            "route": [
                0,
                3,
                9
            ]
        }
    ],
    "edges": [
        [
            0,
            3
        ],
        [
            0,
            5
        ],
        [
            0,
            7
        ],
        [
            0,
            8
        ],
        [
            1,
            2
        ],
        [
            1,
            4
        ],
        [
            1,
            8
        ],
        [
            2,
            4
        ],
        [
            2,
            7
        ],
        [
            3,
            4
        ],
        [
            3,
            7
        ],
        [
            3,
            8
        ],
        [
            3,
            9
        ],
        [
            4,
            5
        ],
        [
            4,
            6
        ],
        [
            4,
            7
        ],
        [
            5,
            7
        ],
        [
            6,
            8
        ]
    ]
}