{
    "total_node_number": 20,
    "probability_of_edge": 0.2,
    "time": {
        "request": 973.5,
        "reply": 1999.25,
        "forwarding": 0.0
    },
    "request_message_count": 66,
    "route": [
        {
            "name": "Shortest Path",
            "route_node_count": 2,
            "route": [
                0,
                19
            ]
        },
        {
            "name": "DSRAlgorithm Path",
            "route_node_count": 2,
            "route": [
                0,
                19
            ]
        }
    ],
    "edges": [
        [
            0,
            1
        ],
        [
            0,
            8
        ],
        [
            0,
            19
        ],
        [
            1,
            13
        ],
        [
            2,
            3
        ],
        [
            2,
            7
        ],
        [
            3,
            7
        ],
        [
            3,
            12
        ],
        [
            3,
            13
        ],
        [
            3,
            17
        ],
        [
            3,
            18
        ],
        [
            4,
            5
        ],
        [
            4,
            8
        ],
        [
            4,
            15
        ],
        [
            5,
            10
        ],
        [
            5,
            16
        ],
        [
            6,
            13
        ],
        [
            6,
            19
        ],
        [
            7,
            10
        ],
        [
            7,
            11
        ],
        [
            8,
            13
        ],
        [
            8,
            17
        ],
        [
            8,
            19
        ],
        [
            9,
            10
        ],
        [
            9,
            19
        ],
        [
            10,
            15
        ],
        [
            10,
            18
        ],
        [
            11,
            13
        ],
        [
            11,
            14
        ],
        [
            11,
            18
        ],
        [
            13,
            14
        ],
        [
            13,
            16
        ],
        [
            14,
            15
        ],
        [
            15,
            17
        ],
        [
            17,
            18
        ]
    ]
}