{
    "total_node_number": 20,
    "probability_of_edge": 0.1,
    "time": {
        "request": 5999.25,
        "reply": 6001.0,
        "forwarding": 0.0
    },
    "request_message_count": 54,
    "route": [
        {
            "name": "Shortest Path",
            "route_node_count": 4,
            "route": [
                0,
                3,
                12,
                19
            ]
        },
        {
            "name": "DSRAlgorithm Path",
            "route_node_count": 4,
            "route": [
                0,
                3,
                12,
                19
            ]
        }
    ],
    "edges": [
        [
            0,
            3
        ],
        [
            0,
            13
        ],
        [
            0,
            15
        ],
        [
            0,
            17
        ],
        [
            1,
            8
        ],
        [
            1,
            16
        ],
        [
            1,
            19
        ],
        [
            2,
            7
        ],
        [
            2,
            14
        ],
        [
            3,
            12
        ],
        [
            3,
            17
        ],
        [
            4,
            11
        ],
        [
            4,
            13
        ],
        [
            4,
            14
        ],
        [
            4,
            19
        ],
        [
            5,
            6
        ],
        [
            5,
            9
        ],
        [
            5,
            14
        ],
        [
            5,
            18
        ],
        [
            6,
            19
        ],
        [
            8,
            10
        ],
        [
            8,
            13
        ],
        [
            9,
            11
        ],
        [
            10,
            13
        ],
        [
            10,
            14
        ],
        [
            11,
            13
        ],
        [
            12,
            18
        ],
        [
            12,
            19
        ],
        [
            15,
            17
        ]
    ]
}