{
    "total_node_number": 10,
    "probability_of_edge": 0.2,
    "time": {
        "request": 10000.0,
        "reply": 15904.0,
        "forwarding": 2995.0
    },
    "request_message_count": 26,
    "route": [
        {
            "name": "Shortest Path",
            "route_node_count": 4,
            "route": [
                0,
                1,
                7,
                9
            ]
        },
        {
            "name": "DSRAlgorithm Path",
            "route_node_count": 4,
            "route": [
                0,
                5,
                7,
                9
            ]
        }
    ],
    "edges": [
        [
            0,
            1
        ],
        [
            0,
            5
        ],
        [
            0,
            8
        ],
        [
            1,
            4
        ],
        [
            1,
            7
        ],
        [
            2,
            3
        ],
        [
            2,
            6
        ],
        [
            2,
            8
        ],
        [
            3,
            7
        ],
        [
            3,
            9
        ],
        [
            4,
            7
        ],
        [
            5,
            7
        ],
        [
            6,
            7
        ],
        [
            7,
            9
        ]
    ]
}