{
    "total_node_number": 10,
    "probability_of_edge": 0.2,
    "time": {
        "request": 19049.25,
        "reply": 6988.5,
        "forwarding": 6984.75
    },
    "request_message_count": 17,
    "route": [
        {
            "name": "Shortest Path",
            "route_node_count": 5,
            "route": [
                0,
                8,
                1,
                5,
                9
            ]
        },
        {
            "name": "DSRAlgorithm Path",
            "route_node_count": 5,
            "route": [
                0,
                8,
                1,
                5,
                9
            ]
        }
    ],
    "edges": [
        [
            0,
            3
        ],
        [
            0,
            8
        ],
        [
            1,
            5
        ],
        [
            1,
            8
        ],
        [
            2,
            5
        ],
        [
            2,
            7
        ],
        [
            4,
            8
        ],
        [
            5,
            9
        ],
        [
            6,
            8
        ]
    ]
}