{
    "total_node_number": 20,
    "probability_of_edge": 0.1,
    "time": {
        "request": 2999.0,
        "reply": 5000.0,
        "forwarding": 1000.5
    },
    "request_message_count": 45,
    "route": [
        {
            "name": "Shortest Path",
            "route_node_count": 5,
            "route": [
                0,
                8,
                12,
                15,
                19
            ]
        },
        {
            "name": "DSRAlgorithm Path",
            "route_node_count": 5,
            "route": [
                0,
                8,
                12,
                15,
                19
            ]
        }
    ],
    "edges": [
        [
            0,
            8
        ],
        [
            1,
            2
        ],
        [
            1,
            6
        ],
        [
            1,
            11
        ],
        [
            2,
            9
        ],
        [
            2,
            19
        ],
        [
            3,
            12
        ],
        [
            4,
            5
        ],
        [
            5,
            9
        ],
        [
            6,
            10
        ],
        [
            6,
            13
        ],
        [
            7,
            15
        ],
        [
            7,
            18
        ],
        [
            8,
            12
        ],
        [
            9,
            10
        ],
        [
            10,
            18
        ],
        [
            12,
            15
        ],
        [
            12,
            17
        ],
        [
            13,
            16
        ],
        [
            14,
            17
        ],
        [
            14,
            18
        ],
        [
            15,
            19
        ],
        [
            16,
            17
        ],
        [
            16,
            19
        ]
    ]
}