{
    "total_node_number": 20,
    "probability_of_edge": 0.1,
    "time": {
        "request": 5000.0,
        "reply": 6000.0,
        "forwarding": 0.0
    },
    "request_message_count": 60,
    "route": [
        {
            "name": "Shortest Path",
            "route_node_count": 3,
            "route": [
                0,
                1,
                19
            ]
        },
        {
            "name": "DSRAlgorithm Path",
            "route_node_count": 3,
            "route": [
                0,
                1,
                19
            ]
        }
    ],
    "edges": [
        [
            0,
            1
        ],
        [
            0,
            4
        ],
        [
            0,
            5
        ],
        [
            0,
            9
        ],
        [
            0,
            13
        ],
        [
            0,
            17
        ],
        [
            0,
            18
        ],
        [
            1,
            19
        ],
        [
            2,
            4
        ],
        [
            2,
            6
        ],
        [
            2,
            19
        ],
        [
            3,
            10
        ],
        [
            3,
            11
        ],
        [
            3,
            16
        ],
        [
            3,
            18
        ],
        [
            3,
            19
        ],
        [
            4,
            8
        ],
        [
            4,
            19
        ],
        [
            5,
            6
        ],
        [
            5,
            13
        ],
        [
            6,
            8
        ],
        [
            6,
            14
        ],
        [
            6,
            16
        ],
        [
            7,
            10
        ],
        [
            8,
            13
        ],
        [
            8,
            16
        ],
        [
            9,
            16
        ],
        [
            12,
            15
        ],
        [
            12,
            17
        ],
        [
            12,
            18
        ],
        [
            13,
            18
        ],
        [
            15,
            18
        ]
    ]
}