{
    "total_node_number": 10,
    "probability_of_edge": 0.6,
    "time": {
        "request": 19458.5,
        "reply": 22395.25,
        "forwarding": 2204.5
    },
    "request_message_count": 50,
    "route": [
        {
            "name": "Shortest Path",
            "route_node_count": 4,
            "route": [
                0,
                2,
                3,
                9
            ]
        },
        {
            "name": "DSRAlgorithm Path",
            "route_node_count": 4,
            "route": [
                0,
                2,
                8,
                9
            ]
        }
    ],
    "edges": [
        [
            0,
            2
        ],
        [
            0,
            7
        ],
        [
            1,
            3
        ],
        [
            1,
            6
        ],
        [
            1,
            8
        ],
        [
            1,
            9
        ],
        [
            2,
            3
        ],
        [
            2,
            4
        ],
        [
            2,
            5
        ],
        [
            2,
            6
        ],
        [
            2,
            7
        ],
        [
            2,
            8
        ],
        [
            3,
            5
        ],
        [
            3,
            6
        ],
        [
            3,
            7
        ],
        [
            3,
            9
        ],
        [
            4,
            5
        ],
        [
            4,
            6
        ],
        [
            4,
            7
        ],
        [
            4,
            8
        ],
        [
            4,
            9
        ],
        [
            5,
            6
        ],
        [
            5,
            8
        ],
        [
            5,
            9
        ],
        [
            6,
            8
        ],
        [
            6,
            9
        ],
        [
            7,
            8
        ],
        [
            8,
            9
        ]
    ]
}