{
    "total_node_number": 10,
    "probability_of_edge": 0.4,
    "time": {
        "request": 18014.25,
        "reply": 11243.0,
        "forwarding": 3002.25
    },
    "request_message_count": 35,
    "route": [
        {
            "name": "Shortest Path",
            "route_node_count": 4,
            "route": [
                0,
                2,
                3,
                9
            ]
        },
        {
            "name": "DSRAlgorithm Path",
            "route_node_count": 4,
            "route": [
                0,
                5,
                7,
                9
            ]
        }
    ],
    "edges": [
        [
            0,
            2
        ],
        [
            0,
            4
        ],
        [
            0,
            5
        ],
        [
            1,
            3
        ],
        [
            1,
            4
        ],
        [
            1,
            7
        ],
        [
            2,
            3
        ],
        [
            2,
            8
        ],
        [
            3,
            5
        ],
        [
            3,
            6
        ],
        [
            3,
            7
        ],
        [
            3,
            8
        ],
        [
            3,
            9
        ],
        [
            5,
            7
        ],
        [
            5,
            8
        ],
        [
            6,
            7
        ],
        [
            6,
            9
        ],
        [
            7,
            8
        ],
        [
            7,
            9
        ]
    ]
}