{
    "total_node_number": 20,
    "probability_of_edge": 0.1,
    "time": {
        "request": 6999.75,
        "reply": 3997.75,
        "forwarding": 999.75
    },
    "request_message_count": 54,
    "route": [
        {
            "name": "Shortest Path",
            "route_node_count": 4,
            "route": [
                0,
                2,
                1,
                19
            ]
        },
        {
            "name": "DSRAlgorithm Path",
            "route_node_count": 4,
            "route": [
                0,
                2,
                1,
                19
            ]
        }
    ],
    "edges": [
        [
            0,
            2
        ],
        [
            0,
            5
        ],
        [
            0,
            9
        ],
        [
            0,
            18
        ],
        [
            1,
            2
        ],
        [
            1,
            8
        ],
        [
            1,
            15
        ],
        [
            1,
            19
        ],
        [
            2,
            8
        ],
        [
            2,
            10
        ],
        [
            2,
            17
        ],
        [
            3,
            8
        ],
        [
            3,
            10
        ],
        [
            3,
            13
        ],
        [
            4,
            19
        ],
        [
            5,
            6
        ],
        [
            5,
            15
        ],
        [
            6,
            8
        ],
        [
            6,
            11
        ],
        [
            6,
            12
        ],
        [
            6,
            13
        ],
        [
            7,
            14
        ],
        [
            7,
            16
        ],
        [
            11,
            15
        ],
        [
            11,
            17
        ],
        [
            12,
            16
        ],
        [
            12,
            17
        ],
        [
            15,
            16
        ],
        [
            16,
            19
        ]
    ]
}