{
    "total_node_number": 20,
    "probability_of_edge": 0.1,
    "time": {
        "request": 8001.5,
        "reply": 3002.0,
        "forwarding": 1002.25
    },
    "request_message_count": 46,
    "route": [
        {
            "name": "Shortest Path",
            "route_node_count": 5,
            "route": [
                0,
                8,
                18,
                10,
                19
            ]
        },
        {
            "name": "DSRAlgorithm Path",
            "route_node_count": 5,
            "route": [
                0,
                8,
                18,
                10,
                19
            ]
        }
    ],
    "edges": [
        [
            0,
            8
        ],
        [
            0,
            14
        ],
        [
            0,
            16
        ],
        [
            1,
            5
        ],
        [
            2,
            15
        ],
        [
            2,
            17
        ],
        [
            3,
            10
        ],
        [
            3,
            12
        ],
        [
            3,
            18
        ],
        [
            4,
            15
        ],
        [
            4,
            19
        ],
        [
            5,
            16
        ],
        [
            6,
            11
        ],
        [
            6,
            13
        ],
        [
            6,
            14
        ],
        [
            7,
            12
        ],
        [
            8,
            11
        ],
        [
            8,
            18
        ],
        [
            9,
            14
        ],
        [
            10,
            18
        ],
        [
            10,
            19
        ],
        [
            12,
            18
        ],
        [
            14,
            16
        ],
        [
            15,
            18
        ]
    ]
}