{
    "total_node_number": 10,
    "probability_of_edge": 0.4,
    "time": {
        "request": 28900.25,
        "reply": 20681.75,
        "forwarding": 2995.5
    },
    "request_message_count": 43,
    "route": [
        {
            "name": "Shortest Path",
            "route_node_count": 3,
            "route": [
                0,
                1,
                9
            ]
        },
        {
            "name": "DSRAlgorithm Path",
            "route_node_count": 4,
            "route": [
                0,
                1,
                8,
                9
            ]
        }
    ],
    "edges": [
        [
            0,
            1
        ],
        [
            0,
            3
        ],
        [
            0,
            5
        ],
        [
            0,
            6
        ],
        [
            0,
            7
        ],
        [
            1,
            2
        ],
        [
            1,
            6
        ],
        [
            1,
            7
        ],
        [
            1,
            8
        ],
        [
            1,
            9
        ],
        [
            2,
            3
        ],
        [
            2,
            4
        ],
        [
            2,
            6
        ],
        [
            2,
            8
        ],
        [
            3,
            6
        ],
        [
            4,
            6
        ],
        [
            4,
            7
        ],
        [
            4,
            8
        ],
        [
            5,
            9
        ],
        [
            6,
            8
        ],
        [
            6,
            9
        ],
        [
            7,
            8
        ],
        [
            7,
            9
        ],
        [
            8,
            9
        ]
    ]
}