{
    "total_node_number": 30,
    "probability_of_edge": 0.06666666666666667,
    "time": {
        "request": 11970.25,
        "reply": 3000.75,
        "forwarding": 999.5
    },
    "request_message_count": 65,
    "route": [
        {
            "name": "Shortest Path",
            "route_node_count": 6,
            "route": [
                0,
                21,
                3,
                1,
                5,
                29
            ]
        },
        {
            "name": "DSRAlgorithm Path",
            "route_node_count": 6,
            "route": [
                0,
                21,
                3,
                1,
                5,
                29
            ]
        }
    ],
    "edges": [
        [
            0,
            21
        ],
        [
            0,
            27
        ],
        [
            0,
            28
        ],
        [
            1,
            3
        ],
        [
            1,
            5
        ],
        [
            1,
            24
        ],
        [
            2,
            4
        ],
        [
            2,
            15
        ],
        [
            2,
            27
        ],
        [
            3,
            4
        ],
        [
            3,
            21
        ],
        [
            4,
            26
        ],
        [
            5,
            29
        ],
        [
            6,
            15
        ],
        [
            7,
            20
        ],
        [
            8,
            23
        ],
        [
            9,
            15
        ],
        [
            10,
            20
        ],
        [
            10,
            25
        ],
        [
            10,
            28
        ],
        [
            11,
            16
        ],
        [
            11,
            19
        ],
        [
            12,
            14
        ],
        [
            12,
            26
        ],
        [
            13,
            15
        ],
        [
            13,
            17
        ],
        [
            17,
            21
        ],
        [
            17,
            24
        ],
        [
            18,
            19
        ],
        [
            18,
            25
        ],
        [
            18,
            26
        ],
        [
            22,
            23
        ],
        [
            23,
            28
        ]
    ]
}