{
    "total_node_number": 20,
    "probability_of_edge": 0.1,
    "time": {
        "request": 4999.75,
        "reply": 4998.5,
        "forwarding": 999.0
    },
    "request_message_count": 45,
    "route": [
        {
            "name": "Shortest Path",
            "route_node_count": 6,
            "route": [
                0,
                17,
                13,
                1,
                5,
                19
            ]
        },
        {
            "name": "DSRAlgorithm Path",
            "route_node_count": 6,
            "route": [
                0,
                17,
                13,
                1,
                5,
                19
            ]
        }
    ],
    "edges": [
        [
            0,
            17
        ],
        [
            1,
            5
        ],
        [
            1,
            8
        ],
        [
            1,
            13
        ],
        [
            2,
            4
        ],
        [
            2,
            5
        ],
        [
            2,
            8
        ],
        [
            3,
            4
        ],
        [
            4,
            14
        ],
        [
            5,
            9
        ],
        [
            5,
            14
        ],
        [
            5,
            18
        ],
        [
            5,
            19
        ],
        [
            6,
            10
        ],
        [
            7,
            19
        ],
        [
            8,
            11
        ],
        [
            8,
            15
        ],
        [
            10,
            18
        ],
        [
            10,
            19
        ],
        [
            11,
            14
        ],
        [
            11,
            16
        ],
        [
            11,
            19
        ],
        [
            12,
            15
        ],
        [
            12,
            17
        ],
        [
            13,
            17
        ]
    ]
}