{
    "total_node_number": 10,
    "probability_of_edge": 0.2,
    "time": {
        "request": 7997.0,
        "reply": 7860.0,
        "forwarding": 2948.0
    },
    "request_message_count": 19,
    "route": [
        {
            "name": "Shortest Path",
            "route_node_count": 4,
            "route": [
                0,
                4,
                7,
                9
            ]
        },
        {
            "name": "DSRAlgorithm Path",
            "route_node_count": 4,
            "route": [
                0,
                4,
                7,
                9
            ]
        }
    ],
    "edges": [
        [
            0,
            4
        ],
        [
            0,
            8
        ],
        [
            1,
            7
        ],
        [
            2,
            8
        ],
        [
            2,
            9
        ],
        [
            3,
            5
        ],
        [
            3,
            8
        ],
        [
            4,
            6
        ],
        [
            4,
            7
        ],
        [
            5,
            9
        ],
        [
            7,
            9
        ]
    ]
}