{
    "total_node_number": 20,
    "probability_of_edge": 0.1,
    "time": {
        "request": 1002.5,
        "reply": 1999.25,
        "forwarding": 0.0
    },
    "request_message_count": 58,
    "route": [
        {
            "name": "Shortest Path",
            "route_node_count": 2,
            "route": [
                0,
                19
            ]
        },
        {
            "name": "DSRAlgorithm Path",
            "route_node_count": 2,
            "route": [
                0,
                19
            ]
        }
    ],
    "edges": [
        [
            0,
            4
        ],
        [
            0,
            15
        ],
        [
            0,
            19
        ],
        [
            1,
            5
        ],
        [
            1,
            14
        ],
        [
            2,
            5
        ],
        [
            2,
            15
        ],
        [
            2,
            16
        ],
        [
            3,
            6
        ],
        [
            3,
            11
        ],
        [
            3,
            14
        ],
        [
            3,
            16
        ],
        [
            4,
            5
        ],
        [
            4,
            12
        ],
        [
            5,
            9
        ],
        [
            6,
            11
        ],
        [
            6,
            12
        ],
        [
            6,
            16
        ],
        [
            7,
            15
        ],
        [
            8,
            9
        ],
        [
            8,
            13
        ],
        [
            9,
            11
        ],
        [
            10,
            14
        ],
        [
            10,
            17
        ],
        [
            11,
            16
        ],
        [
            12,
            15
        ],
        [
            14,
            15
        ],
        [
            14,
            19
        ],
        [
            15,
            19
        ],
        [
            17,
            18
        ],
        [
            18,
            19
        ]
    ]
}