{
    "total_node_number": 10,
    "probability_of_edge": 0.4,
    "time": {
        "request": 16009.0,
        "reply": 17563.5,
        "forwarding": 2998.75
    },
    "request_message_count": 36,
    "route": [
        {
            "name": "Shortest Path",
            "route_node_count": 3,
            "route": [
                0,
                1,
                9
            ]
        },
        {
            "name": "DSRAlgorithm Path",
            "route_node_count": 3,
            "route": [
                0,
                1,
                9
            ]
        }
    ],
    "edges": [
        [
            0,
            1
        ],
        [
            0,
            3
        ],
        [
            0,
            7
        ],
        [
            0,
            8
        ],
        [
            1,
            2
        ],
        [
            1,
            3
        ],
        [
            1,
            5
        ],
        [
            1,
            7
        ],
        [
            1,
            9
        ],
        [
            2,
            7
        ],
        [
            3,
            6
        ],
        [
            3,
            7
        ],
        [
            4,
            5
        ],
        [
            4,
            6
        ],
        [
            4,
            8
        ],
        [
            4,
            9
        ],
        [
            5,
            8
        ],
        [
            5,
            9
        ],
        [
            6,
            8
        ],
        [
            7,
            9
        ]
    ]
}