{
    "total_node_number": 10,
    "probability_of_edge": 0.2,
    "time": {
        "request": 21100.25,
        "reply": 4995.0,
        "forwarding": 4000.5
    },
    "request_message_count": 25,
    "route": [
        {
            "name": "Shortest Path",
            "route_node_count": 4,
            "route": [
                0,
                7,
                2,
                9
            ]
        },
        {
            "name": "DSRAlgorithm Path",
            "route_node_count": 4,
            "route": [
                0,
                7,
                2,
                9
            ]
        }
    ],
    "edges": [
        [
            0,
            4
        ],
        [
            0,
            5
        ],
        [
            0,
            7
        ],
        [
            0,
            8
        ],
        [
            1,
            5
        ],
        [
            1,
            7
        ],
        [
            2,
            6
        ],
        [
            2,
            7
        ],
        [
            2,
            9
        ],
        [
            3,
            4
        ],
        [
            4,
            7
        ],
        [
            5,
            6
        ],
        [
            7,
            8
        ]
    ]
}