{
    "total_node_number": 20,
    "probability_of_edge": 0.2,
    "time": {
        "request": 7998.75,
        "reply": 3999.75,
        "forwarding": 0.0
    },
    "request_message_count": 65,
    "route": [
        {
            "name": "Shortest Path",
            "route_node_count": 3,
            "route": [
                0,
                4,
                19
            ]
        },
        {
            "name": "DSRAlgorithm Path",
            "route_node_count": 3,
            "route": [
                0,
                10,
                19
            ]
        }
    ],
    "edges": [
        [
            0,
            1
        ],
        [
            0,
            2
        ],
        [
            0,
            3
        ],
        [
            0,
            4
        ],
        [
            0,
            5
        ],
        [
            0,
            10
        ],
        [
            0,
            11
        ],
        [
            0,
            17
        ],
        [
            1,
            2
        ],
        [
            1,
            4
        ],
        [
            1,
            6
        ],
        [
            1,
            11
        ],
        [
            2,
            8
        ],
        [
            2,
            15
        ],
        [
            3,
            14
        ],
        [
            3,
            16
        ],
        [
            3,
            17
        ],
        [
            4,
            5
        ],
        [
            4,
            8
        ],
        [
            4,
            12
        ],
        [
            4,
            14
        ],
        [
            4,
            19
        ],
        [
            5,
            9
        ],
        [
            5,
            13
        ],
        [
            5,
            18
        ],
        [
            7,
            15
        ],
        [
            8,
            16
        ],
        [
            8,
            19
        ],
        [
            9,
            13
        ],
        [
            10,
            19
        ],
        [
            11,
            19
        ],
        [
            13,
            18
        ],
        [
            14,
            17
        ],
        [
            15,
            17
        ],
        [
            18,
            19
        ]
    ]
}