{
    "total_node_number": 20,
    "probability_of_edge": 0.1,
    "time": {
        "request": 7999.75,
        "reply": 4000.0,
        "forwarding": 1001.25
    },
    "request_message_count": 49,
    "route": [
        {
            "name": "Shortest Path",
            "route_node_count": 4,
            "route": [
                0,
                14,
                18,
                19
            ]
        },
        {
            "name": "DSRAlgorithm Path",
            "route_node_count": 4,
            "route": [
                0,
                14,
                18,
                19
            ]
        }
    ],
    "edges": [
        [
            0,
            2
        ],
        [
            0,
            7
        ],
        [
            0,
            14
        ],
        [
            1,
            2
        ],
        [
            2,
            3
        ],
        [
            2,
            16
        ],
        [
            3,
            5
        ],
        [
            3,
            17
        ],
        [
            4,
            7
        ],
        [
            4,
            15
        ],
        [
            5,
            13
        ],
        [
            6,
            11
        ],
        [
            6,
            12
        ],
        [
            7,
            16
        ],
        [
            7,
            17
        ],
        [
            8,
            10
        ],
        [
            8,
            13
        ],
        [
            8,
            19
        ],
        [
            9,
            11
        ],
        [
            10,
            19
        ],
        [
            12,
            13
        ],
        [
            12,
            14
        ],
        [
            12,
            18
        ],
        [
            14,
            18
        ],
        [
            16,
            18
        ],
        [
            18,
            19
        ]
    ]
}