{
    "total_node_number": 20,
    "probability_of_edge": 0.1,
    "time": {
        "request": 3000.75,
        "reply": 1000.0,
        "forwarding": 0.0
    },
    "request_message_count": 45,
    "route": [
        {
            "name": "Shortest Path",
            "route_node_count": 3,
            "route": [
                0,
                7,
                19
            ]
        },
        {
            "name": "DSRAlgorithm Path",
            "route_node_count": 3,
            "route": [
                0,
                13,
                19
            ]
        }
    ],
    "edges": [
        [
            0,
            7
        ],
        [
            0,
            10
        ],
        [
            0,
            13
        ],
        [
            1,
            10
        ],
        [
            1,
            14
        ],
        [
            2,
            17
        ],
        [
            3,
            6
        ],
        [
            4,
            8
        ],
        [
            4,
            17
        ],
        [
            5,
            17
        ],
        [
            6,
            9
        ],
        [
            6,
            15
        ],
        [
            6,
            17
        ],
        [
            7,
            10
        ],
        [
            7,
            19
        ],
        [
            8,
            12
        ],
        [
            9,
            11
        ],
        [
            9,
            15
        ],
        [
            9,
            17
        ],
        [
            9,
            18
        ],
        [
            12,
            14
        ],
        [
            13,
            19
        ],
        [
            14,
            16
        ],
        [
            14,
            19
        ]
    ]
}