{
    "total_node_number": 30,
    "probability_of_edge": 0.06666666666666667,
    "time": {
        "request": 6979.75,
        "reply": 4000.0,
        "forwarding": 1000.5
    },
    "request_message_count": 50,
    "route": [
        {
            "name": "Shortest Path",
            "route_node_count": 5,
            "route": [
                0,
                13,
                25,
                27,
                29
            ]
        },
        {
            "name": "DSRAlgorithm Path",
            "route_node_count": 5,
            "route": [
                0,
                13,
                25,
                27,
                29
            ]
        }
    ],
    "edges": [
        [
            0,
            6
        ],
        [
            0,
            13
        ],
        [
            0,
            23
        ],
        [
            0,
            26
        ],
        [
            0,
            28
        ],
        [
            1,
            17
        ],
        [
            1,
            24
        ],
        [
            2,
            22
        ],
        [
            2,
            29
        ],
        [
            3,
            5
        ],
        [
            3,
            6
        ],
        [
            4,
            11
        ],
        [
            5,
            21
        ],
        [
            6,
            12
        ],
        [
            6,
            18
        ],
        [
            7,
            19
        ],
        [
            8,
            27
        ],
        [
            9,
            25
        ],
        [
            10,
            29
        ],
        [
            11,
            24
        ],
        [
            13,
            17
        ],
        [
            13,
            25
        ],
        [
            14,
            20
        ],
        [
            15,
            20
        ],
        [
            15,
            24
        ],
        [
            16,
            27
        ],
        [
            17,
            24
        ],
        [
            19,
            29
        ],
        [
            20,
            29
        ],
        [
            25,
            27
        ],
        [
            27,
            29
        ]
    ]
}