{
    "total_node_number": 20,
    "probability_of_edge": 0.1,
    "time": {
        "request": 8001.5,
        "reply": 2998.25,
        "forwarding": 3003.0
    },
    "request_message_count": 37,
    "route": [
        {
            "name": "Shortest Path",
            "route_node_count": 13,
            "route": [
                0,
                11,
                5,
                15,
                6,
                18,
                16,
                7,
                4,
                9,
                8,
                1,
                19
            ]
        },
        {
            "name": "DSRAlgorithm Path",
            "route_node_count": 13,
            "route": [
                0,
                11,
                5,
                15,
                6,
                18,
                16,
                7,
                4,
                9,
                8,
                1,
                19
            ]
        }
    ],
    "edges": [
        [
            0,
            11
        ],
        [
            1,
            8
        ],
        [
            1,
            19
        ],
        [
            2,
            6
        ],
        [
            3,
            13
        ],
        [
            4,
            7
        ],
        [
            4,
            9
        ],
        [
            5,
            11
        ],
        [
            5,
            15
        ],
        [
            6,
            15
        ],
        [
            6,
            18
        ],
        [
            7,
            16
        ],
        [
            8,
            9
        ],
        [
            10,
            11
        ],
        [
            10,
            17
        ],
        [
            11,
            14
        ],
        [
            12,
            13
        ],
        [
            12,
            16
        ],
        [
            16,
            18
        ]
    ]
}