{
    "total_node_number": 10,
    "probability_of_edge": 0.2,
    "time": {
        "request": 4005.25,
        "reply": 2000.25,
        "forwarding": 1116.5
    },
    "request_message_count": 22,
    "route": [
        {
            "name": "Shortest Path",
            "route_node_count": 4,
            "route": [
                0,
                2,
                7,
                9
            ]
        },
        {
            "name": "DSRAlgorithm Path",
            "route_node_count": 4,
            "route": [
                0,
                2,
                7,
                9
            ]
        }
    ],
    "edges": [
        [
            0,
            2
        ],
        [
            0,
            3
        ],
        [
            1,
            3
        ],
        [
            1,
            5
        ],
        [
            1,
            6
        ],
        [
            2,
            7
        ],
        [
            3,
            6
        ],
        [
            4,
            8
        ],
        [
            4,
            9
        ],
        [
            5,
            8
        ],
        [
            6,
            9
        ],
        [
            7,
            9
        ],
        [
            8,
            9
        ]
    ]
}