{
    "total_node_number": 10,
    "probability_of_edge": 0.2,
    "time": {
        "request": 2000.0,
        "reply": 3000.0,
        "forwarding": 0.0
    },
    "request_message_count": 20,
    "route": [
        {
            "name": "Shortest Path",
            "route_node_count": 3,
            "route": [
                0,
                4,
                9
            ]
        },
        {
            "name": "DSRAlgorithm Path",
            "route_node_count": 3,
            "route": [
                0,
                4,
                9
            ]
        }
    ],
    "edges": [
        [
            0,
            1
        ],
        [
            0,
            3
        ],
        [
            0,
            4
        ],
        [
            1,
            2
        ],
        [
            1,
            7
        ],
        [
            2,
            6
        ],
        [
            3,
            6
        ],
        [
            4,
            9
        ],
        [
            5,
            7
        ],
        [
            5,
            8
        ],
        [
            8,
            9
        ]
    ]
}