{
    "total_node_number": 10,
    "probability_of_edge": 0.2,
    "time": {
        "request": 2991.5,
        "reply": 13318.0,
        "forwarding": 3000.25
    },
    "request_message_count": 22,
    "route": [
        {
            "name": "Shortest Path",
            "route_node_count": 2,
            "route": [
                0,
                9
            ]
        },
        {
            "name": "DSRAlgorithm Path",
            "route_node_count": 2,
            "route": [
                0,
                9
            ]
        }
    ],
    "edges": [
        [
            0,
            2
        ],
        [
            0,
            5
        ],
        [
            0,
            8
        ],
        [
            0,
            9
        ],
        [
            1,
            9
        ],
        [
            2,
            4
        ],
        [
            2,
            5
        ],
        [
            2,
            7
        ],
        [
            3,
            6
        ],
        [
            5,
            6
        ],
        [
            5,
            7
        ],
        [
            6,
            9
        ],
        [
            7,
            8
        ]
    ]
}