{
    "total_node_number": 20,
    "probability_of_edge": 0.1,
    "time": {
        "request": 2999.25,
        "reply": 2001.5,
        "forwarding": 0.0
    },
    "request_message_count": 26,
    "route": [
        {
            "name": "Shortest Path",
            "route_node_count": 3,
            "route": [
                0,
                2,
                19
            ]
        },
        {
            "name": "DSRAlgorithm Path",
            "route_node_count": 3,
            "route": [
                0,
                18,
                19
            ]
        }
    ],
    "edges": [
        [
            0,
            2
        ],
        [
            0,
            10
        ],
        [
            0,
            16
        ],
        [
            0,
            18
        ],
        [
            1,
            11
        ],
        [
            2,
            9
        ],
        [
            2,
            16
        ],
        [
            2,
            17
        ],
        [
            2,
            19
        ],
        [
            3,
            12
        ],
        [
            4,
            19
        ],
        [
            5,
            18
        ],
        [
            6,
            8
        ],
        [
            7,
            8
        ],
        [
            7,
            11
        ],
        [
            7,
            19
        ],
        [
            8,
            12
        ],
        [
            9,
            14
        ],
        [
            10,
            14
        ],
        [
            12,
            13
        ],
        [
            13,
            15
        ],
        [
            14,
            16
        ],
        [
            16,
            17
        ],
        [
            18,
            19
        ]
    ]
}