{
    "total_node_number": 30,
    "probability_of_edge": 0.06666666666666667,
    "time": {
        "request": 0.0,
        "reply": 1010.5,
        "forwarding": 0.0
    },
    "request_message_count": 1,
    "route": [
        {
            "name": "Shortest Path",
            "route_node_count": 2,
            "route": [
                0,
                29
            ]
        },
        {
            "name": "DSRAlgorithm Path",
            "route_node_count": 2,
            "route": [
                0,
                29
            ]
        }
    ],
    "edges": [
        [
            0,
            29
        ],
        [
            1,
            5
        ],
        [
            2,
            18
        ],
        [
            2,
            23
        ],
        [
            3,
            16
        ],
        [
            4,
            19
        ],
        [
            4,
            21
        ],
        [
            5,
            9
        ],
        [
            5,
            11
        ],
        [
            6,
            15
        ],
        [
            7,
            15
        ],
        [
            7,
            26
        ],
        [
            7,
            29
        ],
        [
            8,
            13
        ],
        [
            8,
            17
        ],
        [
            8,
            27
        ],
        [
            9,
            11
        ],
        [
            9,
            18
        ],
        [
            10,
            16
        ],
        [
            11,
            14
        ],
        [
            11,
            17
        ],
        [
            11,
            22
        ],
        [
            12,
            22
        ],
        [
            13,
            24
        ],
        [
            14,
            22
        ],
        [
            14,
            23
        ],
        [
            14,
            29
        ],
        [
            16,
            22
        ],
        [
            18,
            20
        ],
        [
            19,
            24
        ],
        [
            20,
            28
        ],
        [
            21,
            25
        ],
        [
            22,
            27
        ],
        [
            22,
            29
        ],
        [
            23,
            26
        ],
        [
            26,
            29
        ]
    ]
}