{
    "total_node_number": 20,
    "probability_of_edge": 0.1,
    "time": {
        "request": 9995.25,
        "reply": 28991.25,
        "forwarding": 1974.75
    },
    "request_message_count": 50,
    "route": [
        {
            "name": "Shortest Path",
            "route_node_count": 3,
            "route": [
                0,
                9,
                19
            ]
        },
        {
            "name": "DSRAlgorithm Path",
            "route_node_count": 3,
            "route": [
                0,
                9,
                19
            ]
        }
    ],
    "edges": [
        [
            0,
            1
        ],
        [
            0,
            4
        ],
        [
            0,
            7
        ],
        [
            0,
            9
        ],
        [
            0,
            13
        ],
        [
            2,
            5
        ],
        [
            2,
            9
        ],
        [
            2,
            11
        ],
        [
            3,
            11
        ],
        [
            3,
            15
        ],
        [
            4,
            8
        ],
        [
            4,
            17
        ],
        [
            5,
            10
        ],
        [
            5,
            11
        ],
        [
            6,
            9
        ],
        [
            7,
            9
        ],
        [
            8,
            16
        ],
        [
            9,
            19
        ],
        [
            10,
            15
        ],
        [
            10,
            16
        ],
        [
            11,
            15
        ],
        [
            12,
            13
        ],
        [
            12,
            14
        ],
        [
            12,
            19
        ],
        [
            13,
            17
        ],
        [
            17,
            18
        ]
    ]
}