{
    "total_node_number": 20,
    "probability_of_edge": 0.2,
    "time": {
        "request": 5001.0,
        "reply": 4999.5,
        "forwarding": 0.0
    },
    "request_message_count": 58,
    "route": [
        {
            "name": "Shortest Path",
            "route_node_count": 3,
            "route": [
                0,
                1,
                19
            ]
        },
        {
            "name": "DSRAlgorithm Path",
            "route_node_count": 3,
            "route": [
                0,
                1,
                19
            ]
        }
    ],
    "edges": [
        [
            0,
            1
        ],
        [
            0,
            10
        ],
        [
            0,
            11
        ],
        [
            1,
            3
        ],
        [
            1,
            5
        ],
        [
            1,
            13
        ],
        [
            1,
            15
        ],
        [
            1,
            19
        ],
        [
            2,
            12
        ],
        [
            2,
            17
        ],
        [
            3,
            8
        ],
        [
            3,
            17
        ],
        [
            4,
            9
        ],
        [
            4,
            12
        ],
        [
            5,
            11
        ],
        [
            5,
            14
        ],
        [
            5,
            15
        ],
        [
            6,
            11
        ],
        [
            7,
            8
        ],
        [
            7,
            9
        ],
        [
            7,
            11
        ],
        [
            7,
            15
        ],
        [
            10,
            15
        ],
        [
            11,
            14
        ],
        [
            11,
            16
        ],
        [
            12,
            15
        ],
        [
            12,
            18
        ],
        [
            12,
            19
        ],
        [
            13,
            17
        ],
        [
            15,
            18
        ]
    ]
}