{
    "total_node_number": 30,
    "probability_of_edge": 0.06666666666666667,
    "time": {
        "request": 5001.5,
        "reply": 6000.0,
        "forwarding": 999.75
    },
    "request_message_count": 60,
    "route": [
        {
            "name": "Shortest Path",
            "route_node_count": 5,
            "route": [
                0,
                24,
                26,
                10,
                29
            ]
        },
        {
            "name": "DSRAlgorithm Path",
            "route_node_count": 5,
            "route": [
                0,
                24,
                26,
                10,
                29
            ]
        }
    ],
    "edges": [
        [
            0,
            9
        ],
        [
            0,
            24
        ],
        [
            1,
            2
        ],
        [
            2,
            13
        ],
        [
            2,
            14
        ],
        [
            3,
            14
        ],
        [
            4,
            14
        ],
        [
            4,
            16
        ],
        [
            5,
            6
        ],
        [
            5,
            22
        ],
        [
            5,
            27
        ],
        [
            6,
            26
        ],
        [
            7,
            16
        ],
        [
            7,
            20
        ],
        [
            7,
            23
        ],
        [
            8,
            22
        ],
        [
            8,
            28
        ],
        [
            9,
            15
        ],
        [
            10,
            18
        ],
        [
            10,
            26
        ],
        [
            10,
            29
        ],
        [
            11,
            28
        ],
        [
            12,
            15
        ],
        [
            13,
            18
        ],
        [
            14,
            19
        ],
        [
            17,
            29
        ],
        [
            18,
            25
        ],
        [
            18,
            28
        ],
        [
            18,
            29
        ],
        [
            19,
            25
        ],
        [
            21,
            29
        ],
        [
            22,
            24
        ],
        [
            24,
            26
        ]
    ]
}