{
    "total_node_number": 10,
    "probability_of_edge": 0.2,
    "time": {
        "request": 7997.75,
        "reply": 23024.0,
        "forwarding": 1999.5
    },
    "request_message_count": 27,
    "route": [
        {
            "name": "Shortest Path",
            "route_node_count": 3,
            "route": [
                0,
                6,
                9
            ]
        },
        {
            "name": "DSRAlgorithm Path",
            "route_node_count": 3,
            "route": [
                0,
                6,
                9
            ]
        }
    ],
    "edges": [
        [
            0,
            2
        ],
        [
            0,
            4
        ],
        [
            0,
            6
        ],
        [
            0,
            7
        ],
        [
            1,
            3
        ],
        [
            1,
            5
        ],
        [
            1,
            6
        ],
        [
            1,
            9
        ],
        [
            2,
            5
        ],
        [
            2,
            7
        ],
        [
            2,
            8
        ],
        [
            5,
            6
        ],
        [
            6,
            9
        ],
        [
            7,
            8
        ],
        [
            7,
            9
        ]
    ]
}