{
    "total_node_number": 20,
    "probability_of_edge": 0.1,
    "time": {
        "request": 7998.75,
        "reply": 2999.75,
        "forwarding": 1000.5
    },
    "request_message_count": 45,
    "route": [
        {
            "name": "Shortest Path",
            "route_node_count": 8,
            "route": [
                0,
                1,
                6,
                9,
                17,
                18,
                4,
                19
            ]
        },
        {
            "name": "DSRAlgorithm Path",
            "route_node_count": 8,
            "route": [
                0,
                16,
                5,
                13,
                14,
                7,
                4,
                19
            ]
        }
    ],
    "edges": [
        [
            0,
            1
        ],
        [
            0,
            16
        ],
        [
            1,
            6
        ],
        [
            1,
            15
        ],
        [
            2,
            7
        ],
        [
            3,
            14
        ],
        [
            4,
            7
        ],
        [
            4,
            18
        ],
        [
            4,
            19
        ],
        [
            5,
            13
        ],
        [
            5,
            16
        ],
        [
            6,
            9
        ],
        [
            7,
            11
        ],
        [
            7,
            14
        ],
        [
            7,
            18
        ],
        [
            8,
            10
        ],
        [
            8,
            16
        ],
        [
            9,
            17
        ],
        [
            11,
            12
        ],
        [
            11,
            18
        ],
        [
            12,
            18
        ],
        [
            13,
            14
        ],
        [
            17,
            18
        ]
    ]
}