{
    "total_node_number": 10,
    "probability_of_edge": 0.2,
    "time": {
        "request": 2971.5,
        "reply": 6514.75,
        "forwarding": 3963.0
    },
    "request_message_count": 17,
    "route": [
        {
            "name": "Shortest Path",
            "route_node_count": 3,
            "route": [
                0,
                2,
                9
            ]
        },
        {
            "name": "DSRAlgorithm Path",
            "route_node_count": 3,
            "route": [
                0,
                2,
                9
            ]
        }
    ],
    "edges": [
        [
            0,
            2
        ],
        [
            0,
            5
        ],
        [
            1,
            6
        ],
        [
            2,
            6
        ],
        [
            2,
            9
        ],
        [
            3,
            4
        ],
        [
            3,
            5
        ],
        [
            3,
            7
        ],
        [
            6,
            8
        ]
    ]
}