{
    "total_node_number": 20,
    "probability_of_edge": 0.1,
    "time": {
        "request": 6999.5,
        "reply": 4000.0,
        "forwarding": 971.5
    },
    "request_message_count": 50,
    "route": [
        {
            "name": "Shortest Path",
            "route_node_count": 5,
            "route": [
                0,
                11,
                1,
                17,
                19
            ]
        },
        {
            "name": "DSRAlgorithm Path",
            "route_node_count": 5,
            "route": [
                0,
                11,
                1,
                17,
                19
            ]
        }
    ],
    "edges": [
        [
            0,
            11
        ],
        [
            0,
            15
        ],
        [
            1,
            9
        ],
        [
            1,
            10
        ],
        [
            1,
            11
        ],
        [
            1,
            13
        ],
        [
            1,
            17
        ],
        [
            2,
            5
        ],
        [
            3,
            12
        ],
        [
            4,
            10
        ],
        [
            4,
            19
        ],
        [
            5,
            7
        ],
        [
            6,
            11
        ],
        [
            6,
            17
        ],
        [
            7,
            12
        ],
        [
            7,
            13
        ],
        [
            8,
            18
        ],
        [
            9,
            16
        ],
        [
            12,
            13
        ],
        [
            12,
            15
        ],
        [
            13,
            14
        ],
        [
            13,
            18
        ],
        [
            14,
            16
        ],
        [
            14,
            17
        ],
        [
            16,
            18
        ],
        [
            17,
            19
        ]
    ]
}