{
    "total_node_number": 10,
    "probability_of_edge": 0.4,
    "time": {
        "request": 17452.75,
        "reply": 6991.0,
        "forwarding": 2987.5
    },
    "request_message_count": 17,
    "route": [
        {
            "name": "Shortest Path",
            "route_node_count": 3,
            "route": [
                0,
                6,
                9
            ]
        },
        {
            "name": "DSRAlgorithm Path",
            "route_node_count": 3,
            "route": [
                0,
                6,
                9
            ]
        }
    ],
    "edges": [
        [
            0,
            3
        ],
        [
            0,
            5
        ],
        [
            0,
            6
        ],
        [
            1,
            5
        ],
        [
            1,
            7
        ],
        [
            2,
            5
        ],
        [
            2,
            7
        ],
        [
            3,
            7
        ],
        [
            4,
            8
        ],
        [
            4,
            9
        ],
        [
            6,
            9
        ]
    ]
}