{
    "total_node_number": 20,
    "probability_of_edge": 0.2,
    "time": {
        "request": 5997.75,
        "reply": 6000.25,
        "forwarding": 0.0
    },
    "request_message_count": 61,
    "route": [
        {
            "name": "Shortest Path",
            "route_node_count": 3,
            "route": [
                0,
                13,
                19
            ]
        },
        {
            "name": "DSRAlgorithm Path",
            "route_node_count": 3,
            "route": [
                0,
                13,
                19
            ]
        }
    ],
    "edges": [
        [
            0,
            8
        ],
        [
            0,
            11
        ],
        [
            0,
            13
        ],
        [
            1,
            3
        ],
        [
            1,
            5
        ],
        [
            1,
            13
        ],
        [
            1,
            19
        ],
        [
            2,
            6
        ],
        [
            2,
            7
        ],
        [
            2,
            8
        ],
        [
            2,
            10
        ],
        [
            2,
            16
        ],
        [
            3,
            10
        ],
        [
            3,
            11
        ],
        [
            4,
            6
        ],
        [
            4,
            14
        ],
        [
            5,
            13
        ],
        [
            6,
            8
        ],
        [
            6,
            17
        ],
        [
            6,
            19
        ],
        [
            7,
            17
        ],
        [
            8,
            9
        ],
        [
            8,
            11
        ],
        [
            8,
            12
        ],
        [
            8,
            15
        ],
        [
            9,
            13
        ],
        [
            10,
            18
        ],
        [
            11,
            18
        ],
        [
            13,
            14
        ],
        [
            13,
            17
        ],
        [
            13,
            19
        ],
        [
            15,
            16
        ]
    ]
}