{
    "total_node_number": 10,
    "probability_of_edge": 0.4,
    "time": {
        "request": 3995.25,
        "reply": 11235.5,
        "forwarding": 2000.0
    },
    "request_message_count": 32,
    "route": [
        {
            "name": "Shortest Path",
            "route_node_count": 3,
            "route": [
                0,
                3,
                9
            ]
        },
        {
            "name": "DSRAlgorithm Path",
            "route_node_count": 3,
            "route": [
                0,
                7,
                9
            ]
        }
    ],
    "edges": [
        [
            0,
            1
        ],
        [
            0,
            3
        ],
        [
            0,
            7
        ],
        [
            1,
            2
        ],
        [
            1,
            4
        ],
        [
            1,
            6
        ],
        [
            1,
            7
        ],
        [
            2,
            4
        ],
        [
            2,
            9
        ],
        [
            3,
            7
        ],
        [
            3,
            8
        ],
        [
            3,
            9
        ],
        [
            4,
            5
        ],
        [
            4,
            8
        ],
        [
            4,
            9
        ],
        [
            5,
            7
        ],
        [
            5,
            9
        ],
        [
            7,
            9
        ],
        [
            8,
            9
        ]
    ]
}