{
    "total_node_number": 10,
    "probability_of_edge": 0.2,
    "time": {
        "request": 18987.5,
        "reply": 13515.0,
        "forwarding": 2677.25
    },
    "request_message_count": 25,
    "route": [
        {
            "name": "Shortest Path",
            "route_node_count": 4,
            "route": [
                0,
                1,
                5,
                9
            ]
        },
        {
            "name": "DSRAlgorithm Path",
            "route_node_count": 4,
            "route": [
                0,
                1,
                5,
                9
            ]
        }
    ],
    "edges": [
        [
            0,
            1
        ],
        [
            0,
            3
        ],
        [
            0,
            4
        ],
        [
            1,
            3
        ],
        [
            1,
            4
        ],
        [
            1,
            5
        ],
        [
            2,
            3
        ],
        [
            2,
            5
        ],
        [
            3,
            4
        ],
        [
            4,
            8
        ],
        [
            5,
            6
        ],
        [
            5,
            9
        ],
        [
            7,
            8
        ]
    ]
}