{
    "total_node_number": 20,
    "probability_of_edge": 0.2,
    "time": {
        "request": 7999.25,
        "reply": 4999.75,
        "forwarding": 999.75
    },
    "request_message_count": 67,
    "route": [
        {
            "name": "Shortest Path",
            "route_node_count": 5,
            "route": [
                0,
                1,
                4,
                11,
                19
            ]
        },
        {
            "name": "DSRAlgorithm Path",
            "route_node_count": 5,
            "route": [
                0,
                1,
                4,
                11,
                19
            ]
        }
    ],
    "edges": [
        [
            0,
            1
        ],
        [
            0,
            10
        ],
        [
            1,
            4
        ],
        [
            1,
            5
        ],
        [
            1,
            7
        ],
        [
            2,
            6
        ],
        [
            2,
            9
        ],
        [
            2,
            13
        ],
        [
            2,
            16
        ],
        [
            2,
            18
        ],
        [
            3,
            7
        ],
        [
            3,
            8
        ],
        [
            3,
            14
        ],
        [
            4,
            5
        ],
        [
            4,
            8
        ],
        [
            4,
            11
        ],
        [
            4,
            13
        ],
        [
            4,
            15
        ],
        [
            4,
            16
        ],
        [
            5,
            6
        ],
        [
            5,
            11
        ],
        [
            6,
            13
        ],
        [
            6,
            14
        ],
        [
            7,
            11
        ],
        [
            7,
            14
        ],
        [
            9,
            11
        ],
        [
            9,
            14
        ],
        [
            9,
            18
        ],
        [
            11,
            16
        ],
        [
            11,
            19
        ],
        [
            12,
            13
        ],
        [
            12,
            17
        ],
        [
            14,
            16
        ],
        [
            15,
            16
        ]
    ]
}