{
    "total_node_number": 20,
    "probability_of_edge": 0.1,
    "time": {
        "request": 970.25,
        "reply": 1000.0,
        "forwarding": 0.0
    },
    "request_message_count": 46,
    "route": [
        {
            "name": "Shortest Path",
            "route_node_count": 2,
            "route": [
                0,
                19
            ]
        },
        {
            "name": "DSRAlgorithm Path",
            "route_node_count": 2,
            "route": [
                0,
                19
            ]
        }
    ],
    "edges": [
        [
            0,
            8
        ],
        [
            0,
            19
        ],
        [
            1,
            5
        ],
        [
            1,
            12
        ],
        [
            2,
            18
        ],
        [
            3,
            6
        ],
        [
            3,
            7
        ],
        [
            3,
            8
        ],
        [
            3,
            9
        ],
        [
            3,
            17
        ],
        [
            3,
            19
        ],
        [
            4,
            5
        ],
        [
            4,
            16
        ],
        [
            4,
            17
        ],
        [
            5,
            14
        ],
        [
            6,
            9
        ],
        [
            6,
            10
        ],
        [
            6,
            11
        ],
        [
            6,
            12
        ],
        [
            6,
            13
        ],
        [
            7,
            16
        ],
        [
            9,
            18
        ],
        [
            11,
            13
        ],
        [
            15,
            16
        ]
    ]
}