{
    "total_node_number": 20,
    "probability_of_edge": 0.1,
    "time": {
        "request": 8971.25,
        "reply": 2999.5,
        "forwarding": 1001.25
    },
    "request_message_count": 53,
    "route": [
        {
            "name": "Shortest Path",
            "route_node_count": 6,
            "route": [
                0,
                9,
                7,
                5,
                3,
                19
            ]
        },
        {
            "name": "DSRAlgorithm Path",
            "route_node_count": 6,
            "route": [
                0,
                9,
                7,
                5,
                3,
                19
            ]
        }
    ],
    "edges": [
        [
            0,
            9
        ],
        [
            0,
            10
        ],
        [
            1,
            2
        ],
        [
            1,
            12
        ],
        [
            2,
            7
        ],
        [
            2,
            10
        ],
        [
            2,
            11
        ],
        [
            3,
            5
        ],
        [
            3,
            15
        ],
        [
            3,
            19
        ],
        [
            4,
            8
        ],
        [
            5,
            6
        ],
        [
            5,
            7
        ],
        [
            5,
            11
        ],
        [
            5,
            18
        ],
        [
            6,
            13
        ],
        [
            6,
            14
        ],
        [
            7,
            9
        ],
        [
            7,
            16
        ],
        [
            8,
            16
        ],
        [
            8,
            18
        ],
        [
            10,
            18
        ],
        [
            11,
            17
        ],
        [
            12,
            17
        ],
        [
            13,
            14
        ],
        [
            14,
            19
        ],
        [
            15,
            17
        ],
        [
            15,
            19
        ]
    ]
}