{
    "total_node_number": 20,
    "probability_of_edge": 0.1,
    "time": {
        "request": 1001.5,
        "reply": 4000.75,
        "forwarding": 0.0
    },
    "request_message_count": 43,
    "route": [
        {
            "name": "Shortest Path",
            "route_node_count": 3,
            "route": [
                0,
                11,
                19
            ]
        },
        {
            "name": "DSRAlgorithm Path",
            "route_node_count": 3,
            "route": [
                0,
                11,
                19
            ]
        }
    ],
    "edges": [
        [
            0,
            11
        ],
        [
            0,
            12
        ],
        [
            1,
            10
        ],
        [
            1,
            13
        ],
        [
            2,
            10
        ],
        [
            2,
            14
        ],
        [
            3,
            11
        ],
        [
            3,
            17
        ],
        [
            4,
            5
        ],
        [
            5,
            8
        ],
        [
            5,
            11
        ],
        [
            5,
            15
        ],
        [
            5,
            16
        ],
        [
            6,
            9
        ],
        [
            7,
            9
        ],
        [
            9,
            16
        ],
        [
            11,
            19
        ],
        [
            12,
            16
        ],
        [
            12,
            18
        ],
        [
            14,
            17
        ],
        [
            16,
            17
        ],
        [
            17,
            18
        ]
    ]
}