{
    "total_node_number": 20,
    "probability_of_edge": 0.1,
    "time": {
        "request": 2001.0,
        "reply": 3999.0,
        "forwarding": 0.0
    },
    "request_message_count": 40,
    "route": [
        {
            "name": "Shortest Path",
            "route_node_count": 4,
            "route": [
                0,
                1,
                12,
                19
            ]
        },
        {
            "name": "DSRAlgorithm Path",
            "route_node_count": 4,
            "route": [
                0,
                1,
                12,
                19
            ]
        }
    ],
    "edges": [
        [
            0,
            1
        ],
        [
            1,
            12
        ],
        [
            1,
            13
        ],
        [
            2,
            3
        ],
        [
            2,
            8
        ],
        [
            3,
            4
        ],
        [
            3,
            9
        ],
        [
            5,
            17
        ],
        [
            6,
            9
        ],
        [
            6,
            16
        ],
        [
            7,
            16
        ],
        [
            7,
            18
        ],
        [
            8,
            10
        ],
        [
            8,
            14
        ],
        [
            8,
            15
        ],
        [
            8,
            18
        ],
        [
            9,
            12
        ],
        [
            10,
            17
        ],
        [
            11,
            19
        ],
        [
            12,
            19
        ],
        [
            14,
            19
        ],
        [
            15,
            18
        ]
    ]
}