{
    "total_node_number": 20,
    "probability_of_edge": 0.1,
    "time": {
        "request": 1972.0,
        "reply": 7998.75,
        "forwarding": 0.0
    },
    "request_message_count": 52,
    "route": [
        {
            "name": "Shortest Path",
            "route_node_count": 3,
            "route": [
                0,
                1,
                19
            ]
        },
        {
            "name": "DSRAlgorithm Path",
            "route_node_count": 3,
            "route": [
                0,
                1,
                19
            ]
        }
    ],
    "edges": [
        [
            0,
            1
        ],
        [
            0,
            17
        ],
        [
            1,
            2
        ],
        [
            1,
            4
        ],
        [
            1,
            5
        ],
        [
            1,
            12
        ],
        [
            1,
            14
        ],
        [
            1,
            19
        ],
        [
            2,
            7
        ],
        [
            2,
            15
        ],
        [
            3,
            10
        ],
        [
            3,
            11
        ],
        [
            3,
            19
        ],
        [
            4,
            6
        ],
        [
            4,
            7
        ],
        [
            5,
            8
        ],
        [
            5,
            18
        ],
        [
            6,
            12
        ],
        [
            7,
            18
        ],
        [
            8,
            12
        ],
        [
            9,
            12
        ],
        [
            9,
            19
        ],
        [
            10,
            14
        ],
        [
            10,
            19
        ],
        [
            11,
            16
        ],
        [
            12,
            14
        ],
        [
            13,
            14
        ],
        [
            13,
            15
        ]
    ]
}