{
    "total_node_number": 20,
    "probability_of_edge": 0.1,
    "time": {
        "request": 1001.0,
        "reply": 1998.75,
        "forwarding": 0.0
    },
    "request_message_count": 48,
    "route": [
        {
            "name": "Shortest Path",
            "route_node_count": 2,
            "route": [
                0,
                19
            ]
        },
        {
            "name": "DSRAlgorithm Path",
            "route_node_count": 2,
            "route": [
                0,
                19
            ]
        }
    ],
    "edges": [
        [
            0,
            2
        ],
        [
            0,
            7
        ],
        [
            0,
            19
        ],
        [
            1,
            16
        ],
        [
            1,
            19
        ],
        [
            2,
            6
        ],
        [
            3,
            7
        ],
        [
            3,
            10
        ],
        [
            3,
            18
        ],
        [
            4,
            7
        ],
        [
            4,
            11
        ],
        [
            5,
            6
        ],
        [
            5,
            7
        ],
        [
            5,
            17
        ],
        [
            5,
            18
        ],
        [
            7,
            8
        ],
        [
            7,
            16
        ],
        [
            8,
            14
        ],
        [
            9,
            14
        ],
        [
            10,
            14
        ],
        [
            11,
            15
        ],
        [
            12,
            17
        ],
        [
            13,
            15
        ],
        [
            15,
            18
        ],
        [
            16,
            17
        ]
    ]
}