{
    "total_node_number": 20,
    "probability_of_edge": 0.1,
    "time": {
        "request": 9001.0,
        "reply": 3000.75,
        "forwarding": 1001.25
    },
    "request_message_count": 53,
    "route": [
        {
            "name": "Shortest Path",
            "route_node_count": 6,
            "route": [
                0,
                4,
                9,
                13,
                14,
                19
            ]
        },
        {
            "name": "DSRAlgorithm Path",
            "route_node_count": 6,
            "route": [
                0,
                4,
                9,
                13,
                14,
                19
            ]
        }
    ],
    "edges": [
        [
            0,
            4
        ],
        [
            1,
            10
        ],
        [
            1,
            16
        ],
        [
            2,
            4
        ],
        [
            2,
            6
        ],
        [
            2,
            9
        ],
        [
            2,
            18
        ],
        [
            3,
            13
        ],
        [
            3,
            15
        ],
        [
            3,
            17
        ],
        [
            4,
            9
        ],
        [
            5,
            11
        ],
        [
            5,
            14
        ],
        [
            6,
            16
        ],
        [
            7,
            14
        ],
        [
            7,
            18
        ],
        [
            8,
            10
        ],
        [
            9,
            13
        ],
        [
            10,
            18
        ],
        [
            11,
            18
        ],
        [
            12,
            16
        ],
        [
            13,
            14
        ],
        [
            13,
            17
        ],
        [
            13,
            18
        ],
        [
            14,
            15
        ],
        [
            14,
            16
        ],
        [
            14,
            19
        ]
    ]
}