{
    "total_node_number": 10,
    "probability_of_edge": 0.2,
    "time": {
        "request": 13666.5,
        "reply": 21761.75,
        "forwarding": 5959.0
    },
    "request_message_count": 23,
    "route": [
        {
            "name": "Shortest Path",
            "route_node_count": 5,
            "route": [
                0,
                4,
                1,
                6,
                9
            ]
        },
        {
            "name": "DSRAlgorithm Path",
            "route_node_count": 5,
            "route": [
                0,
                4,
                1,
                6,
                9
            ]
        }
    ],
    "edges": [
        [
            0,
            4
        ],
        [
            1,
            4
        ],
        [
            1,
            5
        ],
        [
            1,
            6
        ],
        [
            2,
            3
        ],
        [
            2,
            6
        ],
        [
            3,
            7
        ],
        [
            3,
            8
        ],
        [
            4,
            5
        ],
        [
            4,
            8
        ],
        [
            5,
            8
        ],
        [
            6,
            9
        ]
    ]
}