{
    "total_node_number": 20,
    "probability_of_edge": 0.1,
    "time": {
        "request": 4999.0,
        "reply": 4999.5,
        "forwarding": 1000.0
    },
    "request_message_count": 42,
    "route": [
        {
            "name": "Shortest Path",
            "route_node_count": 5,
            "route": [
                0,
                16,
                4,
                5,
                19
            ]
        },
        {
            "name": "DSRAlgorithm Path",
            "route_node_count": 5,
            "route": [
                0,
                16,
                4,
                5,
                19
            ]
        }
    ],
    "edges": [
        [
            0,
            7
        ],
        [
            0,
            16
        ],
        [
            1,
            8
        ],
        [
            2,
            13
        ],
        [
            2,
            15
        ],
        [
            2,
            19
        ],
        [
            3,
            6
        ],
        [
            4,
            5
        ],
        [
            4,
            8
        ],
        [
            4,
            16
        ],
        [
            5,
            14
        ],
        [
            5,
            19
        ],
        [
            6,
            8
        ],
        [
            6,
            12
        ],
        [
            7,
            10
        ],
        [
            9,
            10
        ],
        [
            9,
            11
        ],
        [
            12,
            13
        ],
        [
            12,
            14
        ],
        [
            14,
            18
        ],
        [
            15,
            17
        ],
        [
            16,
            18
        ]
    ]
}