{
    "total_node_number": 20,
    "probability_of_edge": 0.1,
    "time": {
        "request": 2000.75,
        "reply": 1999.25,
        "forwarding": 0.0
    },
    "request_message_count": 15,
    "route": [
        {
            "name": "Shortest Path",
            "route_node_count": 4,
            "route": [
                0,
                4,
                7,
                19
            ]
        },
        {
            "name": "DSRAlgorithm Path",
            "route_node_count": 4,
            "route": [
                0,
                4,
                7,
                19
            ]
        }
    ],
    "edges": [
        [
            0,
            2
        ],
        [
            0,
            4
        ],
        [
            1,
            14
        ],
        [
            3,
            5
        ],
        [
            3,
            11
        ],
        [
            4,
            7
        ],
        [
            6,
            13
        ],
        [
            6,
            19
        ],
        [
            7,
            9
        ],
        [
            7,
            19
        ],
        [
            8,
            9
        ],
        [
            8,
            17
        ],
        [
            10,
            17
        ],
        [
            11,
            18
        ],
        [
            12,
            15
        ],
        [
            12,
            18
        ],
        [
            12,
            19
        ],
        [
            13,
            14
        ],
        [
            13,
            18
        ],
        [
            14,
            16
        ]
    ]
}