{
    "total_node_number": 20,
    "probability_of_edge": 0.2,
    "time": {
        "request": 2001.5,
        "reply": 4998.5,
        "forwarding": 0.0
    },
    "request_message_count": 67,
    "route": [
        {
            "name": "Shortest Path",
            "route_node_count": 3,
            "route": [
                0,
                6,
                19
            ]
        },
        {
            "name": "DSRAlgorithm Path",
            "route_node_count": 3,
            "route": [
                0,
                6,
                19
            ]
        }
    ],
    "edges": [
        [
            0,
            6
        ],
        [
            0,
            9
        ],
        [
            1,
            4
        ],
        [
            1,
            9
        ],
        [
            1,
            14
        ],
        [
            1,
            16
        ],
        [
            2,
            7
        ],
        [
            2,
            9
        ],
        [
            2,
            10
        ],
        [
            2,
            12
        ],
        [
            2,
            18
        ],
        [
            3,
            11
        ],
        [
            3,
            17
        ],
        [
            4,
            16
        ],
        [
            4,
            17
        ],
        [
            5,
            15
        ],
        [
            5,
            16
        ],
        [
            5,
            17
        ],
        [
            5,
            19
        ],
        [
            6,
            9
        ],
        [
            6,
            19
        ],
        [
            7,
            8
        ],
        [
            7,
            13
        ],
        [
            8,
            9
        ],
        [
            8,
            11
        ],
        [
            8,
            18
        ],
        [
            9,
            13
        ],
        [
            10,
            15
        ],
        [
            10,
            17
        ],
        [
            10,
            19
        ],
        [
            11,
            13
        ],
        [
            13,
            16
        ],
        [
            13,
            17
        ],
        [
            14,
            16
        ],
        [
            15,
            16
        ]
    ]
}