{
    "total_node_number": 10,
    "probability_of_edge": 0.6,
    "time": {
        "request": 17070.5,
        "reply": 23646.0,
        "forwarding": 1991.0
    },
    "request_message_count": 44,
    "route": [
        {
            "name": "Shortest Path",
            "route_node_count": 3,
            "route": [
                0,
                4,
                9
            ]
        },
        {
            "name": "DSRAlgorithm Path",
            "route_node_count": 3,
            "route": [
                0,
                6,
                9
            ]
        }
    ],
    "edges": [
        [
            0,
            4
        ],
        [
            0,
            5
        ],
        [
            0,
            6
        ],
        [
            0,
            7
        ],
        [
            1,
            2
        ],
        [
            1,
            5
        ],
        [
            1,
            7
        ],
        [
            1,
            8
        ],
        [
            2,
            6
        ],
        [
            2,
            8
        ],
        [
            2,
            9
        ],
        [
            3,
            5
        ],
        [
            3,
            7
        ],
        [
            3,
            8
        ],
        [
            4,
            5
        ],
        [
            4,
            6
        ],
        [
            4,
            7
        ],
        [
            4,
            9
        ],
        [
            5,
            7
        ],
        [
            5,
            8
        ],
        [
            6,
            7
        ],
        [
            6,
            8
        ],
        [
            6,
            9
        ],
        [
            8,
            9
        ]
    ]
}