{
    "total_node_number": 10,
    "probability_of_edge": 0.2,
    "time": {
        "request": 2998.0,
        "reply": 2999.75,
        "forwarding": 1001.0
    },
    "request_message_count": 18,
    "route": [
        {
            "name": "Shortest Path",
            "route_node_count": 5,
            "route": [
                0,
                1,
                7,
                2,
                9
            ]
        },
        {
            "name": "DSRAlgorithm Path",
            "route_node_count": 5,
            "route": [
                0,
                1,
                7,
                2,
                9
            ]
        }
    ],
    "edges": [
        [
            0,
            1
        ],
        [
            1,
            7
        ],
        [
            1,
            8
        ],
        [
            2,
            3
        ],
        [
            2,
            7
        ],
        [
            2,
            9
        ],
        [
            4,
            5
        ],
        [
            4,
            6
        ],
        [
            4,
            9
        ],
        [
            6,
            7
        ]
    ]
}