{
    "total_node_number": 10,
    "probability_of_edge": 0.2,
    "time": {
        "request": 19399.0,
        "reply": 6997.0,
        "forwarding": 3944.5
    },
    "request_message_count": 24,
    "route": [
        {
            "name": "Shortest Path",
            "route_node_count": 5,
            "route": [
                0,
                4,
                6,
                3,
                9
            ]
        },
        {
            "name": "DSRAlgorithm Path",
            "route_node_count": 5,
            "route": [
                0,
                4,
                6,
                5,
                9
            ]
        }
    ],
    "edges": [
        [
            0,
            4
        ],
        [
            1,
            2
        ],
        [
            2,
            4
        ],
        [
            3,
            6
        ],
        [
            3,
            8
        ],
        [
            3,
            9
        ],
        [
            4,
            6
        ],
        [
            4,
            8
        ],
        [
            5,
            6
        ],
        [
            5,
            8
        ],
        [
            5,
            9
        ],
        [
            6,
            8
        ],
        [
            7,
            8
        ]
    ]
}