{
    "total_node_number": 10,
    "probability_of_edge": 0.4,
    "time": {
        "request": 3015.75,
        "reply": 6998.75,
        "forwarding": 996.5
    },
    "request_message_count": 30,
    "route": [
        {
            "name": "Shortest Path",
            "route_node_count": 2,
            "route": [
                0,
                9
            ]
        },
        {
            "name": "DSRAlgorithm Path",
            "route_node_count": 2,
            "route": [
                0,
                9
            ]
        }
    ],
    "edges": [
        [
            0,
            3
        ],
        [
            0,
            8
        ],
        [
            0,
            9
        ],
        [
            1,
            4
        ],
        [
            1,
            6
        ],
        [
            1,
            7
        ],
        [
            1,
            8
        ],
        [
            2,
            3
        ],
        [
            2,
            6
        ],
        [
            2,
            7
        ],
        [
            3,
            5
        ],
        [
            3,
            6
        ],
        [
            3,
            7
        ],
        [
            5,
            6
        ],
        [
            5,
            8
        ],
        [
            5,
            9
        ]
    ]
}