{
    "total_node_number": 10,
    "probability_of_edge": 0.4,
    "time": {
        "request": 11980.25,
        "reply": 26402.25,
        "forwarding": 2021.0
    },
    "request_message_count": 32,
    "route": [
        {
            "name": "Shortest Path",
            "route_node_count": 3,
            "route": [
                0,
                4,
                9
            ]
        },
        {
            "name": "DSRAlgorithm Path",
            "route_node_count": 4,
            "route": [
                0,
                4,
                7,
                9
            ]
        }
    ],
    "edges": [
        [
            0,
            4
        ],
        [
            1,
            2
        ],
        [
            1,
            6
        ],
        [
            1,
            9
        ],
        [
            2,
            8
        ],
        [
            3,
            6
        ],
        [
            3,
            9
        ],
        [
            4,
            5
        ],
        [
            4,
            6
        ],
        [
            4,
            7
        ],
        [
            4,
            8
        ],
        [
            4,
            9
        ],
        [
            5,
            6
        ],
        [
            5,
            7
        ],
        [
            6,
            7
        ],
        [
            6,
            8
        ],
        [
            6,
            9
        ],
        [
            7,
            9
        ],
        [
            8,
            9
        ]
    ]
}