{
    "total_node_number": 10,
    "probability_of_edge": 0.4,
    "time": {
        "request": 18286.0,
        "reply": 4128.5,
        "forwarding": 2618.75
    },
    "request_message_count": 31,
    "route": [
        {
            "name": "Shortest Path",
            "route_node_count": 4,
            "route": [
                0,
                6,
                2,
                9
            ]
        },
        {
            "name": "DSRAlgorithm Path",
            "route_node_count": 5,
            "route": [
                0,
                4,
                5,
                2,
                9
            ]
        }
    ],
    "edges": [
        [
            0,
            4
        ],
        [
            0,
            6
        ],
        [
            0,
            8
        ],
        [
            1,
            3
        ],
        [
            1,
            7
        ],
        [
            2,
            5
        ],
        [
            2,
            6
        ],
        [
            2,
            7
        ],
        [
            2,
            8
        ],
        [
            2,
            9
        ],
        [
            3,
            4
        ],
        [
            3,
            5
        ],
        [
            4,
            5
        ],
        [
            4,
            7
        ],
        [
            5,
            6
        ],
        [
            6,
            8
        ]
    ]
}