{
    "total_node_number": 20,
    "probability_of_edge": 0.1,
    "time": {
        "request": 1997.75,
        "reply": 2001.75,
        "forwarding": 0.0
    },
    "request_message_count": 45,
    "route": [
        {
            "name": "Shortest Path",
            "route_node_count": 3,
            "route": [
                0,
                9,
                19
            ]
        },
        {
            "name": "DSRAlgorithm Path",
            "route_node_count": 3,
            "route": [
                0,
                9,
                19
            ]
        }
    ],
    "edges": [
        [
            0,
            9
        ],
        [
            1,
            19
        ],
        [
            2,
            9
        ],
        [
            2,
            18
        ],
        [
            3,
            10
        ],
        [
            3,
            17
        ],
        [
            3,
            18
        ],
        [
            4,
            17
        ],
        [
            5,
            10
        ],
        [
            5,
            19
        ],
        [
            6,
            8
        ],
        [
            6,
            10
        ],
        [
            6,
            16
        ],
        [
            7,
            18
        ],
        [
            8,
            12
        ],
        [
            8,
            14
        ],
        [
            8,
            19
        ],
        [
            9,
            13
        ],
        [
            9,
            19
        ],
        [
            10,
            18
        ],
        [
            11,
            16
        ],
        [
            11,
            17
        ],
        [
            12,
            15
        ],
        [
            15,
            16
        ],
        [
            15,
            17
        ]
    ]
}