{
    "total_node_number": 20,
    "probability_of_edge": 0.1,
    "time": {
        "request": 3972.0,
        "reply": 5998.5,
        "forwarding": 0.0
    },
    "request_message_count": 48,
    "route": [
        {
            "name": "Shortest Path",
            "route_node_count": 4,
            "route": [
                0,
                9,
                12,
                19
            ]
        },
        {
            "name": "DSRAlgorithm Path",
            "route_node_count": 4,
            "route": [
                0,
                9,
                12,
                19
            ]
        }
    ],
    "edges": [
        [
            0,
            9
        ],
        [
            0,
            14
        ],
        [
            1,
            2
        ],
        [
            1,
            4
        ],
        [
            1,
            5
        ],
        [
            1,
            8
        ],
        [
            2,
            3
        ],
        [
            2,
            5
        ],
        [
            4,
            7
        ],
        [
            4,
            13
        ],
        [
            4,
            18
        ],
        [
            5,
            16
        ],
        [
            6,
            12
        ],
        [
            6,
            15
        ],
        [
            7,
            10
        ],
        [
            7,
            15
        ],
        [
            8,
            10
        ],
        [
            9,
            12
        ],
        [
            10,
            14
        ],
        [
            11,
            14
        ],
        [
            11,
            19
        ],
        [
            12,
            13
        ],
        [
            12,
            19
        ],
        [
            15,
            17
        ],
        [
            16,
            18
        ]
    ]
}