{
    "total_node_number": 20,
    "probability_of_edge": 0.2,
    "time": {
        "request": 9999.75,
        "reply": 3000.0,
        "forwarding": 1000.5
    },
    "request_message_count": 61,
    "route": [
        {
            "name": "Shortest Path",
            "route_node_count": 4,
            "route": [
                0,
                13,
                7,
                19
            ]
        },
        {
            "name": "DSRAlgorithm Path",
            "route_node_count": 4,
            "route": [
                0,
                13,
                7,
                19
            ]
        }
    ],
    "edges": [
        [
            0,
            8
        ],
        [
            0,
            13
        ],
        [
            0,
            14
        ],
        [
            0,
            17
        ],
        [
            1,
            13
        ],
        [
            2,
            17
        ],
        [
            3,
            5
        ],
        [
            3,
            9
        ],
        [
            3,
            15
        ],
        [
            3,
            16
        ],
        [
            4,
            17
        ],
        [
            5,
            11
        ],
        [
            6,
            8
        ],
        [
            6,
            15
        ],
        [
            7,
            13
        ],
        [
            7,
            19
        ],
        [
            8,
            12
        ],
        [
            8,
            16
        ],
        [
            8,
            18
        ],
        [
            9,
            10
        ],
        [
            9,
            11
        ],
        [
            9,
            16
        ],
        [
            9,
            17
        ],
        [
            10,
            17
        ],
        [
            10,
            18
        ],
        [
            11,
            13
        ],
        [
            12,
            13
        ],
        [
            12,
            15
        ],
        [
            12,
            18
        ],
        [
            13,
            16
        ],
        [
            15,
            16
        ]
    ]
}