{
    "total_node_number": 10,
    "probability_of_edge": 0.2,
    "time": {
        "request": 3999.75,
        "reply": 8206.75,
        "forwarding": 2004.25
    },
    "request_message_count": 16,
    "route": [
        {
            "name": "Shortest Path",
            "route_node_count": 4,
            "route": [
                0,
                7,
                2,
                9
            ]
        },
        {
            "name": "DSRAlgorithm Path",
            "route_node_count": 4,
            "route": [
                0,
                7,
                2,
                9
            ]
        }
    ],
    "edges": [
        [
            0,
            7
        ],
        [
            1,
            7
        ],
        [
            2,
            6
        ],
        [
            2,
            7
        ],
        [
            2,
            9
        ],
        [
            3,
            6
        ],
        [
            4,
            7
        ],
        [
            5,
            7
        ],
        [
            6,
            9
        ],
        [
            8,
            9
        ]
    ]
}