{
    "total_node_number": 20,
    "probability_of_edge": 0.1,
    "time": {
        "request": 5999.75,
        "reply": 5001.25,
        "forwarding": 999.75
    },
    "request_message_count": 44,
    "route": [
        {
            "name": "Shortest Path",
            "route_node_count": 5,
            "route": [
                0,
                8,
                2,
                10,
                19
            ]
        },
        {
            "name": "DSRAlgorithm Path",
            "route_node_count": 5,
            "route": [
                0,
                8,
                13,
                1,
                19
            ]
        }
    ],
    "edges": [
        [
            0,
            8
        ],
        [
            1,
            4
        ],
        [
            1,
            6
        ],
        [
            1,
            13
        ],
        [
            1,
            16
        ],
        [
            1,
            19
        ],
        [
            2,
            6
        ],
        [
            2,
            8
        ],
        [
            2,
            10
        ],
        [
            3,
            13
        ],
        [
            4,
            17
        ],
        [
            5,
            19
        ],
        [
            6,
            18
        ],
        [
            7,
            10
        ],
        [
            7,
            14
        ],
        [
            8,
            9
        ],
        [
            8,
            13
        ],
        [
            9,
            11
        ],
        [
            10,
            14
        ],
        [
            10,
            19
        ],
        [
            12,
            18
        ],
        [
            13,
            15
        ],
        [
            15,
            17
        ],
        [
            15,
            18
        ]
    ]
}