{
    "total_node_number": 10,
    "probability_of_edge": 0.2,
    "time": {
        "request": 17114.25,
        "reply": 5390.0,
        "forwarding": 4995.5
    },
    "request_message_count": 19,
    "route": [
        {
            "name": "Shortest Path",
            "route_node_count": 7,
            "route": [
                0,
                3,
                5,
                6,
                2,
                7,
                9
            ]
        },
        {
            "name": "DSRAlgorithm Path",
            "route_node_count": 7,
            "route": [
                0,
                3,
                5,
                6,
                2,
                7,
                9
            ]
        }
    ],
    "edges": [
        [
            0,
            3
        ],
        [
            1,
            2
        ],
        [
            2,
            4
        ],
        [
            2,
            6
        ],
        [
            2,
            7
        ],
        [
            3,
            5
        ],
        [
            3,
            8
        ],
        [
            5,
            6
        ],
        [
            5,
            8
        ],
        [
            7,
            9
        ]
    ]
}