{
    "total_node_number": 20,
    "probability_of_edge": 0.2,
    "time": {
        "request": 4999.75,
        "reply": 8000.0,
        "forwarding": 996.75
    },
    "request_message_count": 63,
    "route": [
        {
            "name": "Shortest Path",
            "route_node_count": 4,
            "route": [
                0,
                13,
                5,
                19
            ]
        },
        {
            "name": "DSRAlgorithm Path",
            "route_node_count": 4,
            "route": [
                0,
                16,
                18,
                19
            ]
        }
    ],
    "edges": [
        [
            0,
            13
        ],
        [
            0,
            15
        ],
        [
            0,
            16
        ],
        [
            1,
            3
        ],
        [
            1,
            8
        ],
        [
            1,
            12
        ],
        [
            1,
            16
        ],
        [
            1,
            18
        ],
        [
            2,
            8
        ],
        [
            2,
            9
        ],
        [
            3,
            7
        ],
        [
            3,
            12
        ],
        [
            3,
            15
        ],
        [
            3,
            17
        ],
        [
            4,
            6
        ],
        [
            5,
            10
        ],
        [
            5,
            13
        ],
        [
            5,
            19
        ],
        [
            6,
            14
        ],
        [
            6,
            19
        ],
        [
            7,
            9
        ],
        [
            7,
            11
        ],
        [
            7,
            15
        ],
        [
            7,
            18
        ],
        [
            8,
            9
        ],
        [
            8,
            16
        ],
        [
            9,
            12
        ],
        [
            9,
            14
        ],
        [
            10,
            12
        ],
        [
            13,
            14
        ],
        [
            15,
            16
        ],
        [
            16,
            18
        ],
        [
            18,
            19
        ]
    ]
}