{
    "total_node_number": 10,
    "probability_of_edge": 0.2,
    "time": {
        "request": 4999.0,
        "reply": 2998.5,
        "forwarding": 993.25
    },
    "request_message_count": 11,
    "route": [
        {
            "name": "Shortest Path",
            "route_node_count": 3,
            "route": [
                0,
                6,
                9
            ]
        },
        {
            "name": "DSRAlgorithm Path",
            "route_node_count": 3,
            "route": [
                0,
                6,
                9
            ]
        }
    ],
    "edges": [
        [
            0,
            1
        ],
        [
            0,
            6
        ],
        [
            1,
            4
        ],
        [
            2,
            3
        ],
        [
            2,
            7
        ],
        [
            3,
            7
        ],
        [
            5,
            6
        ],
        [
            6,
            8
        ],
        [
            6,
            9
        ],
        [
            7,
            9
        ]
    ]
}