{
    "total_node_number": 10,
    "probability_of_edge": 0.2,
    "time": {
        "request": 3996.5,
        "reply": 2000.75,
        "forwarding": 1001.0
    },
    "request_message_count": 19,
    "route": [
        {
            "name": "Shortest Path",
            "route_node_count": 7,
            "route": [
                0,
                6,
                2,
                3,
                5,
                4,
                9
            ]
        },
        {
            "name": "DSRAlgorithm Path",
            "route_node_count": 7,
            "route": [
                0,
                6,
                2,
                3,
                5,
                4,
                9
            ]
        }
    ],
    "edges": [
        [
            0,
            6
        ],
        [
            0,
            7
        ],
        [
            1,
            2
        ],
        [
            1,
            8
        ],
        [
            2,
            3
        ],
        [
            2,
            6
        ],
        [
            3,
            5
        ],
        [
            4,
            5
        ],
        [
            4,
            9
        ],
        [
            6,
            8
        ]
    ]
}