{
    "total_node_number": 10,
    "probability_of_edge": 0.2,
    "time": {
        "request": 4000.25,
        "reply": 998.25,
        "forwarding": 1000.25
    },
    "request_message_count": 17,
    "route": [
        {
            "name": "Shortest Path",
            "route_node_count": 5,
            "route": [
                0,
                1,
                6,
                7,
                9
            ]
        },
        {
            "name": "DSRAlgorithm Path",
            "route_node_count": 5,
            "route": [
                0,
                1,
                6,
                7,
                9
            ]
        }
    ],
    "edges": [
        [
            0,
            1
        ],
        [
            0,
            5
        ],
        [
            1,
            6
        ],
        [
            2,
            5
        ],
        [
            2,
            6
        ],
        [
            3,
            5
        ],
        [
            4,
            6
        ],
        [
            6,
            7
        ],
        [
            7,
            9
        ],
        [
            8,
            9
        ]
    ]
}