{
    "total_node_number": 10,
    "probability_of_edge": 0.2,
    "time": {
        "request": 5001.25,
        "reply": 1998.75,
        "forwarding": 2002.25
    },
    "request_message_count": 19,
    "route": [
        {
            "name": "Shortest Path",
            "route_node_count": 7,
            "route": [
                0,
                6,
                7,
                8,
                4,
                2,
                9
            ]
        },
        {
            "name": "DSRAlgorithm Path",
            "route_node_count": 7,
            "route": [
                0,
                6,
                7,
                8,
                4,
                2,
                9
            ]
        }
    ],
    "edges": [
        [
            0,
            3
        ],
        [
            0,
            6
        ],
        [
            1,
            3
        ],
        [
            1,
            6
        ],
        [
            2,
            4
        ],
        [
            2,
            9
        ],
        [
            4,
            8
        ],
        [
            5,
            6
        ],
        [
            6,
            7
        ],
        [
            7,
            8
        ]
    ]
}