{
    "total_node_number": 10,
    "probability_of_edge": 0.2,
    "time": {
        "request": 19994.5,
        "reply": 5998.75,
        "forwarding": 6003.25
    },
    "request_message_count": 19,
    "route": [
        {
            "name": "Shortest Path",
            "route_node_count": 9,
            "route": [
                0,
                2,
                4,
                1,
                7,
                6,
                5,
                8,
                9
            ]
        },
        {
            "name": "DSRAlgorithm Path",
            "route_node_count": 9,
            "route": [
                0,
                2,
                4,
                1,
                7,
                6,
                5,
                8,
                9
            ]
        }
    ],
    "edges": [
        [
            0,
            2
        ],
        [
            1,
            4
        ],
        [
            1,
            7
        ],
        [
            2,
            3
        ],
        [
            2,
            4
        ],
        [
            3,
            4
        ],
        [
            5,
            6
        ],
        [
            5,
            8
        ],
        [
            6,
            7
        ],
        [
            8,
            9
        ]
    ]
}