{
    "total_node_number": 10,
    "probability_of_edge": 0.2,
    "time": {
        "request": 2997.0,
        "reply": 3000.0,
        "forwarding": 1001.5
    },
    "request_message_count": 18,
    "route": [
        {
            "name": "Shortest Path",
            "route_node_count": 5,
            "route": [
                0,
                7,
                3,
                5,
                9
            ]
        },
        {
            "name": "DSRAlgorithm Path",
            "route_node_count": 5,
            "route": [
                0,
                7,
                3,
                5,
                9
            ]
        }
    ],
    "edges": [
        [
            0,
            7
        ],
        [
            1,
            4
        ],
        [
            1,
            6
        ],
        [
            1,
            8
        ],
        [
            2,
            7
        ],
        [
            3,
            5
        ],
        [
            3,
            7
        ],
        [
            5,
            8
        ],
        [
            5,
            9
        ],
        [
            8,
            9
        ]
    ]
}