{
    "total_node_number": 10,
    "probability_of_edge": 0.2,
    "time": {
        "request": 11000.25,
        "reply": 3999.75,
        "forwarding": 2997.0
    },
    "request_message_count": 19,
    "route": [
        {
            "name": "Shortest Path",
            "route_node_count": 9,
            "route": [
                0,
                1,
                2,
                7,
                6,
                4,
                5,
                3,
                9
            ]
        },
        {
            "name": "DSRAlgorithm Path",
            "route_node_count": 9,
            "route": [
                0,
                1,
                2,
                7,
                6,
                4,
                5,
                3,
                9
            ]
        }
    ],
    "edges": [
        [
            0,
            1
        ],
        [
            1,
            2
        ],
        [
            2,
            7
        ],
        [
            3,
            5
        ],
        [
            3,
            9
        ],
        [
            4,
            5
        ],
        [
            4,
            6
        ],
        [
            4,
            8
        ],
        [
            6,
            7
        ],
        [
            7,
            8
        ]
    ]
}