{
    "total_node_number": 10,
    "probability_of_edge": 0.2,
    "time": {
        "request": 2999.75,
        "reply": 1000.0,
        "forwarding": 1000.0
    },
    "request_message_count": 17,
    "route": [
        {
            "name": "Shortest Path",
            "route_node_count": 7,
            "route": [
                0,
                5,
                8,
                4,
                3,
                2,
                9
            ]
        },
        {
            "name": "DSRAlgorithm Path",
            "route_node_count": 7,
            "route": [
                0,
                5,
                8,
                4,
                3,
                2,
                9
            ]
        }
    ],
    "edges": [
        [
            0,
            5
        ],
        [
            1,
            2
        ],
        [
            1,
            3
        ],
        [
            2,
            3
        ],
        [
            2,
            9
        ],
        [
            3,
            4
        ],
        [
            4,
            8
        ],
        [
            5,
            8
        ],
        [
            6,
            9
        ],
        [
            7,
            8
        ]
    ]
}