{
    "total_node_number": 10,
    "probability_of_edge": 0.2,
    "time": {
        "request": 4001.0,
        "reply": 997.75,
        "forwarding": 1000.75
    },
    "request_message_count": 17,
    "route": [
        {
            "name": "Shortest Path",
            "route_node_count": 7,
            "route": [
                0,
                6,
                1,
                3,
                7,
                5,
                9
            ]
        },
        {
            "name": "DSRAlgorithm Path",
            "route_node_count": 7,
            "route": [
                0,
                6,
                1,
                3,
                7,
                5,
                9
            ]
        }
    ],
    "edges": [
        [
            0,
            6
        ],
        [
            1,
            3
        ],
        [
            1,
            6
        ],
        [
            2,
            4
        ],
        [
            2,
            6
        ],
        [
            3,
            4
        ],
        [
            3,
            7
        ],
        [
            5,
            7
        ],
        [
            5,
            9
        ],
        [
            8,
            9
        ]
    ]
}