{
    "total_node_number": 10,
    "probability_of_edge": 0.2,
    "time": {
        "request": 4000.5,
        "reply": 1998.75,
        "forwarding": 2003.5
    },
    "request_message_count": 17,
    "route": [
        {
            "name": "Shortest Path",
            "route_node_count": 7,
            "route": [
                0,
                4,
                6,
                1,
                8,
                7,
                9
            ]
        },
        {
            "name": "DSRAlgorithm Path",
            "route_node_count": 7,
            "route": [
                0,
                5,
                6,
                1,
                8,
                7,
                9
            ]
        }
    ],
    "edges": [
        [
            0,
            4
        ],
        [
            0,
            5
        ],
        [
            1,
            2
        ],
        [
            1,
            6
        ],
        [
            1,
            8
        ],
        [
            3,
            9
        ],
        [
            4,
            6
        ],
        [
            5,
            6
        ],
        [
            7,
            8
        ],
        [
            7,
            9
        ]
    ]
}