{
    "total_node_number": 10,
    "probability_of_edge": 0.2,
    "time": {
        "request": 3995.5,
        "reply": 3000.0,
        "forwarding": 2036.0
    },
    "request_message_count": 18,
    "route": [
        {
            "name": "Shortest Path",
            "route_node_count": 7,
            "route": [
                0,
                5,
                1,
                3,
                8,
                7,
                9
            ]
        },
        {
            "name": "DSRAlgorithm Path",
            "route_node_count": 7,
            "route": [
                0,
                5,
                1,
                3,
                8,
                7,
                9
            ]
        }
    ],
    "edges": [
        [
            0,
            5
        ],
        [
            1,
            2
        ],
        [
            1,
            3
        ],
        [
            1,
            5
        ],
        [
            3,
            8
        ],
        [
            4,
            6
        ],
        [
            4,
            7
        ],
        [
            6,
            9
        ],
        [
            7,
            8
        ],
        [
            7,
            9
        ]
    ]
}