{
    "total_node_number": 10,
    "probability_of_edge": 0.2,
    "time": {
        "request": 1999.75,
        "reply": 2000.5,
        "forwarding": 1001.5
    },
    "request_message_count": 14,
    "route": [
        {
            "name": "Shortest Path",
            "route_node_count": 5,
            "route": [
                0,
                1,
                3,
                6,
                9
            ]
        },
        {
            "name": "DSRAlgorithm Path",
            "route_node_count": 5,
            "route": [
                0,
                1,
                3,
                6,
                9
            ]
        }
    ],
    "edges": [
        [
            0,
            1
        ],
        [
            1,
            3
        ],
        [
            2,
            9
        ],
        [
            3,
            6
        ],
        [
            4,
            7
        ],
        [
            4,
            9
        ],
        [
            5,
            9
        ],
        [
            6,
            7
        ],
        [
            6,
            8
        ],
        [
            6,
            9
        ]
    ]
}