{
    "total_node_number": 10,
    "probability_of_edge": 0.2,
    "time": {
        "request": 24005.75,
        "reply": 11955.5,
        "forwarding": 5971.5
    },
    "request_message_count": 18,
    "route": [
        {
            "name": "Shortest Path",
            "route_node_count": 9,
            "route": [
                0,
                1,
                2,
                4,
                5,
                3,
                8,
                6,
                9
            ]
        },
        {
            "name": "DSRAlgorithm Path",
            "route_node_count": 9,
            "route": [
                0,
                1,
                2,
                4,
                5,
                3,
                8,
                7,
                9
            ]
        }
    ],
    "edges": [
        [
            0,
            1
        ],
        [
            1,
            2
        ],
        [
            2,
            4
        ],
        [
            3,
            5
        ],
        [
            3,
            8
        ],
        [
            4,
            5
        ],
        [
            6,
            8
        ],
        [
            6,
            9
        ],
        [
            7,
            8
        ],
        [
            7,
            9
        ]
    ]
}