{
    "total_node_number": 10,
    "probability_of_edge": 0.2,
    "time": {
        "request": 10002.25,
        "reply": 9088.75,
        "forwarding": 2051.25
    },
    "request_message_count": 17,
    "route": [
        {
            "name": "Shortest Path",
            "route_node_count": 3,
            "route": [
                0,
                3,
                9
            ]
        },
        {
            "name": "DSRAlgorithm Path",
            "route_node_count": 3,
            "route": [
                0,
                3,
                9
            ]
        }
    ],
    "edges": [
        [
            0,
            3
        ],
        [
            1,
            3
        ],
        [
            2,
            3
        ],
        [
            2,
            4
        ],
        [
            2,
            6
        ],
        [
            3,
            5
        ],
        [
            3,
            9
        ],
        [
            4,
            5
        ],
        [
            5,
            8
        ],
        [
            7,
            9
        ]
    ]
}