{
    "total_node_number": 10,
    "probability_of_edge": 0.2,
    "time": {
        "request": 8005.25,
        "reply": 11996.5,
        "forwarding": 2693.0
    },
    "request_message_count": 17,
    "route": [
        {
            "name": "Shortest Path",
            "route_node_count": 3,
            "route": [
                0,
                6,
                9
            ]
        },
        {
            "name": "DSRAlgorithm Path",
            "route_node_count": 3,
            "route": [
                0,
                6,
                9
            ]
        }
    ],
    "edges": [
        [
            0,
            1
        ],
        [
            0,
            2
        ],
        [
            0,
            6
        ],
        [
            2,
            3
        ],
        [
            2,
            6
        ],
        [
            2,
            7
        ],
        [
            3,
            8
        ],
        [
            4,
            7
        ],
        [
            5,
            9
        ],
        [
            6,
            9
        ]
    ]
}