{
    "total_node_number": 10,
    "probability_of_edge": 0.2,
    "time": {
        "request": 2998.25,
        "reply": 999.75,
        "forwarding": 1002.25
    },
    "request_message_count": 13,
    "route": [
        {
            "name": "Shortest Path",
            "route_node_count": 5,
            "route": [
                0,
                4,
                5,
                2,
                9
            ]
        },
        {
            "name": "DSRAlgorithm Path",
            "route_node_count": 5,
            "route": [
                0,
                4,
                5,
                2,
                9
            ]
        }
    ],
    "edges": [
        [
            0,
            4
        ],
        [
            1,
            9
        ],
        [
            2,
            5
        ],
        [
            2,
            6
        ],
        [
            2,
            9
        ],
        [
            3,
            7
        ],
        [
            4,
            5
        ],
        [
            4,
            8
        ],
        [
            5,
            6
        ],
        [
            7,
            9
        ]
    ]
}