{
    "total_node_number": 10,
    "probability_of_edge": 0.2,
    "time": {
        "request": 2000.5,
        "reply": 999.5,
        "forwarding": 998.5
    },
    "request_message_count": 13,
    "route": [
        {
            "name": "Shortest Path",
            "route_node_count": 5,
            "route": [
                0,
                6,
                4,
                8,
                9
            ]
        },
        {
            "name": "DSRAlgorithm Path",
            "route_node_count": 5,
            "route": [
                0,
                6,
                4,
                8,
                9
            ]
        }
    ],
    "edges": [
        [
            0,
            2
        ],
        [
            0,
            6
        ],
        [
            0,
            7
        ],
        [
            1,
            3
        ],
        [
            1,
            9
        ],
        [
            3,
            9
        ],
        [
            4,
            6
        ],
        [
            4,
            8
        ],
        [
            5,
            6
        ],
        [
            8,
            9
        ]
    ]
}