{
    "total_node_number": 10,
    "probability_of_edge": 0.2,
    "time": {
        "request": 3000.0,
        "reply": 2000.25,
        "forwarding": 999.25
    },
    "request_message_count": 16,
    "route": [
        {
            "name": "Shortest Path",
            "route_node_count": 5,
            "route": [
                0,
                5,
                1,
                2,
                9
            ]
        },
        {
            "name": "DSRAlgorithm Path",
            "route_node_count": 5,
            "route": [
                0,
                5,
                7,
                6,
                9
            ]
        }
    ],
    "edges": [
        [
            0,
            5
        ],
        [
            1,
            2
        ],
        [
            1,
            5
        ],
        [
            2,
            8
        ],
        [
            2,
            9
        ],
        [
            3,
            8
        ],
        [
            4,
            9
        ],
        [
            5,
            7
        ],
        [
            6,
            7
        ],
        [
            6,
            9
        ]
    ]
}