{
    "total_node_number": 10,
    "probability_of_edge": 0.2,
    "time": {
        "request": 23081.75,
        "reply": 11234.0,
        "forwarding": 7001.5
    },
    "request_message_count": 19,
    "route": [
        {
            "name": "Shortest Path",
            "route_node_count": 9,
            "route": [
                0,
                7,
                3,
                4,
                2,
                6,
                8,
                5,
                9
            ]
        },
        {
            "name": "DSRAlgorithm Path",
            "route_node_count": 9,
            "route": [
                0,
                7,
                3,
                4,
                2,
                6,
                8,
                5,
                9
            ]
        }
    ],
    "edges": [
        [
            0,
            7
        ],
        [
            1,
            2
        ],
        [
            1,
            4
        ],
        [
            2,
            4
        ],
        [
            2,
            6
        ],
        [
            3,
            4
        ],
        [
            3,
            7
        ],
        [
            5,
            8
        ],
        [
            5,
            9
        ],
        [
            6,
            8
        ]
    ]
}