{
    "total_node_number": 10,
    "probability_of_edge": 0.2,
    "time": {
        "request": 3999.5,
        "reply": 1000.75,
        "forwarding": 2000.25
    },
    "request_message_count": 17,
    "route": [
        {
            "name": "Shortest Path",
            "route_node_count": 7,
            "route": [
                0,
                3,
                4,
                8,
                6,
                2,
                9
            ]
        },
        {
            "name": "DSRAlgorithm Path",
            "route_node_count": 7,
            "route": [
                0,
                3,
                4,
                8,
                6,
                2,
                9
            ]
        }
    ],
    "edges": [
        [
            0,
            3
        ],
        [
            1,
            5
        ],
        [
            1,
            8
        ],
        [
            2,
            6
        ],
        [
            2,
            9
        ],
        [
            3,
            4
        ],
        [
            4,
            8
        ],
        [
            5,
            6
        ],
        [
            6,
            8
        ],
        [
            7,
            9
        ]
    ]
}