{
    "total_node_number": 10,
    "probability_of_edge": 0.2,
    "time": {
        "request": 3999.75,
        "reply": 1000.0,
        "forwarding": 1001.25
    },
    "request_message_count": 19,
    "route": [
        {
            "name": "Shortest Path",
            "route_node_count": 5,
            "route": [
                0,
                1,
                6,
                5,
                9
            ]
        },
        {
            "name": "DSRAlgorithm Path",
            "route_node_count": 5,
            "route": [
                0,
                1,
                6,
                5,
                9
            ]
        }
    ],
    "edges": [
        [
            0,
            1
        ],
        [
            0,
            8
        ],
        [
            1,
            6
        ],
        [
            2,
            6
        ],
        [
            2,
            8
        ],
        [
            3,
            8
        ],
        [
            4,
            7
        ],
        [
            4,
            8
        ],
        [
            5,
            6
        ],
        [
            5,
            9
        ]
    ]
}