{
    "total_node_number": 10,
    "probability_of_edge": 0.2,
    "time": {
        "request": 4000.0,
        "reply": 999.75,
        "forwarding": 2003.25
    },
    "request_message_count": 19,
    "route": [
        {
            "name": "Shortest Path",
            "route_node_count": 7,
            "route": [
                0,
                6,
                5,
                2,
                3,
                7,
                9
            ]
        },
        {
            "name": "DSRAlgorithm Path",
            "route_node_count": 7,
            "route": [
                0,
                6,
                5,
                2,
                3,
                7,
                9
            ]
        }
    ],
    "edges": [
        [
            0,
            6
        ],
        [
            1,
            2
        ],
        [
            1,
            4
        ],
        [
            1,
            8
        ],
        [
            2,
            3
        ],
        [
            2,
            5
        ],
        [
            3,
            4
        ],
        [
            3,
            7
        ],
        [
            5,
            6
        ],
        [
            7,
            9
        ]
    ]
}