{
    "total_node_number": 10,
    "probability_of_edge": 0.2,
    "time": {
        "request": 5001.75,
        "reply": 998.75,
        "forwarding": 2002.0
    },
    "request_message_count": 19,
    "route": [
        {
            "name": "Shortest Path",
            "route_node_count": 7,
            "route": [
                0,
                5,
                8,
                2,
                1,
                6,
                9
            ]
        },
        {
            "name": "DSRAlgorithm Path",
            "route_node_count": 7,
            "route": [
                0,
                5,
                8,
                2,
                1,
                6,
                9
            ]
        }
    ],
    "edges": [
        [
            0,
            5
        ],
        [
            1,
            2
        ],
        [
            1,
            3
        ],
        [
            1,
            6
        ],
        [
            2,
            8
        ],
        [
            3,
            7
        ],
        [
            4,
            5
        ],
        [
            4,
            7
        ],
        [
            5,
            8
        ],
        [
            6,
            9
        ]
    ]
}