{
    "total_node_number": 10,
    "probability_of_edge": 0.2,
    "time": {
        "request": 7633.75,
        "reply": 8002.0,
        "forwarding": 1002.75
    },
    "request_message_count": 19,
    "route": [
        {
            "name": "Shortest Path",
            "route_node_count": 3,
            "route": [
                0,
                1,
                9
            ]
        },
        {
            "name": "DSRAlgorithm Path",
            "route_node_count": 3,
            "route": [
                0,
                1,
                9
            ]
        }
    ],
    "edges": [
        [
            0,
            1
        ],
        [
            0,
            7
        ],
        [
            1,
            7
        ],
        [
            1,
            9
        ],
        [
            2,
            3
        ],
        [
            2,
            5
        ],
        [
            2,
            8
        ],
        [
            3,
            7
        ],
        [
            4,
            7
        ],
        [
            6,
            8
        ]
    ]
}