{
    "total_node_number": 10,
    "probability_of_edge": 0.2,
    "time": {
        "request": 4999.75,
        "reply": 1000.0,
        "forwarding": 2000.5
    },
    "request_message_count": 19,
    "route": [
        {
            "name": "Shortest Path",
            "route_node_count": 5,
            "route": [
                0,
                1,
                6,
                7,
                9
            ]
        },
        {
            "name": "DSRAlgorithm Path",
            "route_node_count": 5,
            "route": [
                0,
                1,
                6,
                7,
                9
            ]
        }
    ],
    "edges": [
        [
            0,
            1
        ],
        [
            0,
            2
        ],
        [
            0,
            4
        ],
        [
            1,
            5
        ],
        [
            1,
            6
        ],
        [
            2,
            4
        ],
        [
            3,
            6
        ],
        [
            6,
            7
        ],
        [
            6,
            8
        ],
        [
            7,
            9
        ]
    ]
}