{
    "total_node_number": 10,
    "probability_of_edge": 0.2,
    "time": {
        "request": 4000.5,
        "reply": 1000.25,
        "forwarding": 2082.75
    },
    "request_message_count": 19,
    "route": [
        {
            "name": "Shortest Path",
            "route_node_count": 7,
            "route": [
                0,
                8,
                7,
                5,
                1,
                6,
                9
            ]
        },
        {
            "name": "DSRAlgorithm Path",
            "route_node_count": 7,
            "route": [
                0,
                8,
                7,
                5,
                1,
                6,
                9
            ]
        }
    ],
    "edges": [
        [
            0,
            8
        ],
        [
            1,
            2
        ],
        [
            1,
            5
        ],
        [
            1,
            6
        ],
        [
            3,
            7
        ],
        [
            3,
            8
        ],
        [
            4,
            8
        ],
        [
            5,
            7
        ],
        [
            6,
            9
        ],
        [
            7,
            8
        ]
    ]
}