{
    "total_node_number": 10,
    "probability_of_edge": 0.2,
    "time": {
        "request": 4001.75,
        "reply": 999.75,
        "forwarding": 1001.5
    },
    "request_message_count": 18,
    "route": [
        {
            "name": "Shortest Path",
            "route_node_count": 5,
            "route": [
                0,
                5,
                2,
                1,
                9
            ]
        },
        {
            "name": "DSRAlgorithm Path",
            "route_node_count": 5,
            "route": [
                0,
                4,
                7,
                6,
                9
            ]
        }
    ],
    "edges": [
        [
            0,
            4
        ],
        [
            0,
            5
        ],
        [
            1,
            2
        ],
        [
            1,
            9
        ],
        [
            2,
            5
        ],
        [
            2,
            8
        ],
        [
            3,
            5
        ],
        [
            4,
            7
        ],
        [
            6,
            7
        ],
        [
            6,
            9
        ]
    ]
}