{
    "total_node_number": 10,
    "probability_of_edge": 0.2,
    "time": {
        "request": 4002.75,
        "reply": 1997.75,
        "forwarding": 1004.5
    },
    "request_message_count": 19,
    "route": [
        {
            "name": "Shortest Path",
            "route_node_count": 5,
            "route": [
                0,
                1,
                8,
                6,
                9
            ]
        },
        {
            "name": "DSRAlgorithm Path",
            "route_node_count": 5,
            "route": [
                0,
                1,
                8,
                6,
                9
            ]
        }
    ],
    "edges": [
        [
            0,
            1
        ],
        [
            0,
            3
        ],
        [
            1,
            3
        ],
        [
            1,
            8
        ],
        [
            2,
            5
        ],
        [
            4,
            7
        ],
        [
            4,
            8
        ],
        [
            5,
            7
        ],
        [
            6,
            8
        ],
        [
            6,
            9
        ]
    ]
}