{
    "total_node_number": 10,
    "probability_of_edge": 0.2,
    "time": {
        "request": 4000.5,
        "reply": 2001.5,
        "forwarding": 2002.0
    },
    "request_message_count": 17,
    "route": [
        {
            "name": "Shortest Path",
            "route_node_count": 7,
            "route": [
                0,
                2,
                4,
                3,
                8,
                7,
                9
            ]
        },
        {
            "name": "DSRAlgorithm Path",
            "route_node_count": 7,
            "route": [
                0,
                2,
                4,
                3,
                8,
                7,
                9
            ]
        }
    ],
    "edges": [
        [
            0,
            2
        ],
        [
            1,
            3
        ],
        [
            1,
            8
        ],
        [
            2,
            4
        ],
        [
            3,
            4
        ],
        [
            3,
            5
        ],
        [
            3,
            8
        ],
        [
            6,
            9
        ],
        [
            7,
            8
        ],
        [
            7,
            9
        ]
    ]
}