{
    "total_node_number": 10,
    "probability_of_edge": 0.2,
    "time": {
        "request": 4000.5,
        "reply": 1999.75,
        "forwarding": 999.5
    },
    "request_message_count": 19,
    "route": [
        {
            "name": "Shortest Path",
            "route_node_count": 5,
            "route": [
                0,
                2,
                1,
                8,
                9
            ]
        },
        {
            "name": "DSRAlgorithm Path",
            "route_node_count": 5,
            "route": [
                0,
                2,
                1,
                8,
                9
            ]
        }
    ],
    "edges": [
        [
            0,
            2
        ],
        [
            1,
            2
        ],
        [
            1,
            3
        ],
        [
            1,
            8
        ],
        [
            2,
            3
        ],
        [
            4,
            5
        ],
        [
            4,
            7
        ],
        [
            6,
            7
        ],
        [
            6,
            8
        ],
        [
            8,
            9
        ]
    ]
}