{
    "total_node_number": 10,
    "probability_of_edge": 0.2,
    "time": {
        "request": 4001.75,
        "reply": 1000.0,
        "forwarding": 1005.5
    },
    "request_message_count": 17,
    "route": [
        {
            "name": "Shortest Path",
            "route_node_count": 5,
            "route": [
                0,
                1,
                3,
                2,
                9
            ]
        },
        {
            "name": "DSRAlgorithm Path",
            "route_node_count": 5,
            "route": [
                0,
                1,
                3,
                2,
                9
            ]
        }
    ],
    "edges": [
        [
            0,
            1
        ],
        [
            0,
            5
        ],
        [
            1,
            3
        ],
        [
            1,
            7
        ],
        [
            2,
            3
        ],
        [
            2,
            9
        ],
        [
            3,
            7
        ],
        [
            4,
            9
        ],
        [
            6,
            8
        ],
        [
            7,
            8
        ]
    ]
}