{
    "total_node_number": 10,
    "probability_of_edge": 0.2,
    "time": {
        "request": 3997.0,
        "reply": 1999.75,
        "forwarding": 1001.0
    },
    "request_message_count": 18,
    "route": [
        {
            "name": "Shortest Path",
            "route_node_count": 5,
            "route": [
                0,
                7,
                6,
                5,
                9
            ]
        },
        {
            "name": "DSRAlgorithm Path",
            "route_node_count": 5,
            "route": [
                0,
                7,
                6,
                5,
                9
            ]
        }
    ],
    "edges": [
        [
            0,
            7
        ],
        [
            0,
            8
        ],
        [
            1,
            3
        ],
        [
            1,
            9
        ],
        [
            2,
            6
        ],
        [
            3,
            6
        ],
        [
            4,
            7
        ],
        [
            5,
            6
        ],
        [
            5,
            9
        ],
        [
            6,
            7
        ]
    ]
}