{
    "total_node_number": 10,
    "probability_of_edge": 0.2,
    "time": {
        "request": 3000.25,
        "reply": 2999.5,
        "forwarding": 2000.5
    },
    "request_message_count": 18,
    "route": [
        {
            "name": "Shortest Path",
            "route_node_count": 9,
            "route": [
                0,
                7,
                8,
                4,
                1,
                6,
                5,
                3,
                9
            ]
        },
        {
            "name": "DSRAlgorithm Path",
            "route_node_count": 9,
            "route": [
                0,
                7,
                8,
                4,
                1,
                6,
                5,
                3,
                9
            ]
        }
    ],
    "edges": [
        [
            0,
            7
        ],
        [
            1,
            4
        ],
        [
            1,
            6
        ],
        [
            2,
            3
        ],
        [
            2,
            9
        ],
        [
            3,
            5
        ],
        [
            3,
            9
        ],
        [
            4,
            8
        ],
        [
            5,
            6
        ],
        [
            7,
            8
        ]
    ]
}