{
    "total_node_number": 10,
    "probability_of_edge": 0.2,
    "time": {
        "request": 4000.25,
        "reply": 1999.5,
        "forwarding": 2030.0
    },
    "request_message_count": 19,
    "route": [
        {
            "name": "Shortest Path",
            "route_node_count": 7,
            "route": [
                0,
                3,
                5,
                1,
                6,
                8,
                9
            ]
        },
        {
            "name": "DSRAlgorithm Path",
            "route_node_count": 7,
            "route": [
                0,
                3,
                5,
                1,
                6,
                8,
                9
            ]
        }
    ],
    "edges": [
        [
            0,
            3
        ],
        [
            1,
            5
        ],
        [
            1,
            6
        ],
        [
            2,
            5
        ],
        [
            3,
            5
        ],
        [
            4,
            5
        ],
        [
            4,
            6
        ],
        [
            6,
            8
        ],
        [
            7,
            8
        ],
        [
            8,
            9
        ]
    ]
}