{
    "total_node_number": 10,
    "probability_of_edge": 0.2,
    "time": {
        "request": 3970.25,
        "reply": 2000.0,
        "forwarding": 2001.0
    },
    "request_message_count": 18,
    "route": [
        {
            "name": "Shortest Path",
            "route_node_count": 7,
            "route": [
                0,
                7,
                3,
                6,
                1,
                2,
                9
            ]
        },
        {
            "name": "DSRAlgorithm Path",
            "route_node_count": 7,
            "route": [
                0,
                7,
                3,
                6,
                1,
                2,
                9
            ]
        }
    ],
    "edges": [
        [
            0,
            7
        ],
        [
            0,
            8
        ],
        [
            1,
            2
        ],
        [
            1,
            6
        ],
        [
            2,
            4
        ],
        [
            2,
            9
        ],
        [
            3,
            6
        ],
        [
            3,
            7
        ],
        [
            4,
            5
        ],
        [
            5,
            9
        ]
    ]
}