{
    "total_node_number": 10,
    "probability_of_edge": 0.2,
    "time": {
        "request": 15998.25,
        "reply": 4999.25,
        "forwarding": 3972.5
    },
    "request_message_count": 19,
    "route": [
        {
            "name": "Shortest Path",
            "route_node_count": 5,
            "route": [
                0,
                4,
                6,
                7,
                9
            ]
        },
        {
            "name": "DSRAlgorithm Path",
            "route_node_count": 5,
            "route": [
                0,
                4,
                6,
                7,
                9
            ]
        }
    ],
    "edges": [
        [
            0,
            4
        ],
        [
            1,
            2
        ],
        [
            1,
            6
        ],
        [
            3,
            4
        ],
        [
            4,
            6
        ],
        [
            4,
            8
        ],
        [
            5,
            7
        ],
        [
            5,
            8
        ],
        [
            6,
            7
        ],
        [
            7,
            9
        ]
    ]
}