{
    "total_node_number": 10,
    "probability_of_edge": 0.2,
    "time": {
        "request": 2965.5,
        "reply": 998.75,
        "forwarding": 999.5
    },
    "request_message_count": 11,
    "route": [
        {
            "name": "Shortest Path",
            "route_node_count": 5,
            "route": [
                0,
                3,
                2,
                6,
                9
            ]
        },
        {
            "name": "DSRAlgorithm Path",
            "route_node_count": 5,
            "route": [
                0,
                8,
                2,
                6,
                9
            ]
        }
    ],
    "edges": [
        [
            0,
            3
        ],
        [
            0,
            8
        ],
        [
            1,
            7
        ],
        [
            1,
            9
        ],
        [
            2,
            3
        ],
        [
            2,
            6
        ],
        [
            2,
            8
        ],
        [
            4,
            9
        ],
        [
            5,
            9
        ],
        [
            6,
            9
        ]
    ]
}