{
    "total_node_number": 10,
    "probability_of_edge": 0.2,
    "time": {
        "request": 3999.75,
        "reply": 1999.25,
        "forwarding": 2000.25
    },
    "request_message_count": 17,
    "route": [
        {
            "name": "Shortest Path",
            "route_node_count": 7,
            "route": [
                0,
                3,
                5,
                8,
                6,
                2,
                9
            ]
        },
        {
            "name": "DSRAlgorithm Path",
            "route_node_count": 7,
            "route": [
                0,
                3,
                5,
                8,
                6,
                2,
                9
            ]
        }
    ],
    "edges": [
        [
            0,
            3
        ],
        [
            1,
            6
        ],
        [
            1,
            7
        ],
        [
            2,
            6
        ],
        [
            2,
            7
        ],
        [
            2,
            9
        ],
        [
            3,
            5
        ],
        [
            4,
            9
        ],
        [
            5,
            8
        ],
        [
            6,
            8
        ]
    ]
}