{
    "total_node_number": 10,
    "probability_of_edge": 0.2,
    "time": {
        "request": 2999.5,
        "reply": 2001.25,
        "forwarding": 1003.0
    },
    "request_message_count": 16,
    "route": [
        {
            "name": "Shortest Path",
            "route_node_count": 7,
            "route": [
                0,
                4,
                6,
                5,
                1,
                8,
                9
            ]
        },
        {
            "name": "DSRAlgorithm Path",
            "route_node_count": 7,
            "route": [
                0,
                4,
                6,
                5,
                1,
                8,
                9
            ]
        }
    ],
    "edges": [
        [
            0,
            4
        ],
        [
            1,
            5
        ],
        [
            1,
            8
        ],
        [
            2,
            9
        ],
        [
            3,
            7
        ],
        [
            3,
            8
        ],
        [
            4,
            6
        ],
        [
            5,
            6
        ],
        [
            7,
            9
        ],
        [
            8,
            9
        ]
    ]
}