{
    "total_node_number": 10,
    "probability_of_edge": 0.2,
    "time": {
        "request": 1000.25,
        "reply": 2999.25,
        "forwarding": 0.0
    },
    "request_message_count": 19,
    "route": [
        {
            "name": "Shortest Path",
            "route_node_count": 3,
            "route": [
                0,
                2,
                9
            ]
        },
        {
            "name": "DSRAlgorithm Path",
            "route_node_count": 3,
            "route": [
                0,
                2,
                9
            ]
        }
    ],
    "edges": [
        [
            0,
            2
        ],
        [
            0,
            7
        ],
        [
            1,
            3
        ],
        [
            1,
            5
        ],
        [
            2,
            9
        ],
        [
            3,
            4
        ],
        [
            3,
            7
        ],
        [
            3,
            8
        ],
        [
            4,
            8
        ],
        [
            6,
            7
        ]
    ]
}