{
    "total_node_number": 10,
    "probability_of_edge": 0.2,
    "time": {
        "request": 4997.0,
        "reply": 1999.25,
        "forwarding": 2001.0
    },
    "request_message_count": 19,
    "route": [
        {
            "name": "Shortest Path",
            "route_node_count": 9,
            "route": [
                0,
                6,
                2,
                8,
                3,
                1,
                5,
                4,
                9
            ]
        },
        {
            "name": "DSRAlgorithm Path",
            "route_node_count": 9,
            "route": [
                0,
                6,
                2,
                8,
                3,
                1,
                5,
                4,
                9
            ]
        }
    ],
    "edges": [
        [
            0,
            6
        ],
        [
            1,
            3
        ],
        [
            1,
            5
        ],
        [
            2,
            6
        ],
        [
            2,
            8
        ],
        [
            3,
            7
        ],
        [
            3,
            8
        ],
        [
            4,
            5
        ],
        [
            4,
            9
        ],
        [
            7,
            8
        ]
    ]
}