{
    "total_node_number": 10,
    "probability_of_edge": 0.2,
    "time": {
        "request": 20015.25,
        "reply": 7984.5,
        "forwarding": 2994.25
    },
    "request_message_count": 18,
    "route": [
        {
            "name": "Shortest Path",
            "route_node_count": 3,
            "route": [
                0,
                7,
                9
            ]
        },
        {
            "name": "DSRAlgorithm Path",
            "route_node_count": 3,
            "route": [
                0,
                7,
                9
            ]
        }
    ],
    "edges": [
        [
            0,
            1
        ],
        [
            0,
            7
        ],
        [
            0,
            8
        ],
        [
            1,
            4
        ],
        [
            2,
            8
        ],
        [
            3,
            6
        ],
        [
            3,
            9
        ],
        [
            4,
            6
        ],
        [
            5,
            8
        ],
        [
            7,
            9
        ]
    ]
}