{
    "total_node_number": 10,
    "probability_of_edge": 0.2,
    "time": {
        "request": 3000.25,
        "reply": 1001.0,
        "forwarding": 999.75
    },
    "request_message_count": 18,
    "route": [
        {
            "name": "Shortest Path",
            "route_node_count": 5,
            "route": [
                0,
                6,
                7,
                3,
                9
            ]
        },
        {
            "name": "DSRAlgorithm Path",
            "route_node_count": 5,
            "route": [
                0,
                6,
                7,
                3,
                9
            ]
        }
    ],
    "edges": [
        [
            0,
            2
        ],
        [
            0,
            6
        ],
        [
            1,
            4
        ],
        [
            3,
            4
        ],
        [
            3,
            7
        ],
        [
            3,
            8
        ],
        [
            3,
            9
        ],
        [
            4,
            9
        ],
        [
            5,
            6
        ],
        [
            6,
            7
        ]
    ]
}