{
    "total_node_number": 10,
    "probability_of_edge": 0.2,
    "time": {
        "request": 3000.0,
        "reply": 2000.0,
        "forwarding": 999.0
    },
    "request_message_count": 16,
    "route": [
        {
            "name": "Shortest Path",
            "route_node_count": 5,
            "route": [
                0,
                1,
                2,
                8,
                9
            ]
        },
        {
            "name": "DSRAlgorithm Path",
            "route_node_count": 5,
            "route": [
                0,
                1,
                2,
                8,
                9
            ]
        }
    ],
    "edges": [
        [
            0,
            1
        ],
        [
            1,
            2
        ],
        [
            2,
            8
        ],
        [
            3,
            5
        ],
        [
            3,
            8
        ],
        [
            4,
            9
        ],
        [
            5,
            6
        ],
        [
            6,
            7
        ],
        [
            6,
            9
        ],
        [
            8,
            9
        ]
    ]
}