{
    "total_node_number": 10,
    "probability_of_edge": 0.2,
    "time": {
        "request": 3997.0,
        "reply": 2001.25,
        "forwarding": 1001.25
    },
    "request_message_count": 18,
    "route": [
        {
            "name": "Shortest Path",
            "route_node_count": 7,
            "route": [
                0,
                8,
                5,
                2,
                7,
                1,
                9
            ]
        },
        {
            "name": "DSRAlgorithm Path",
            "route_node_count": 7,
            "route": [
                0,
                8,
                5,
                2,
                7,
                1,
                9
            ]
        }
    ],
    "edges": [
        [
            0,
            8
        ],
        [
            1,
            7
        ],
        [
            1,
            9
        ],
        [
            2,
            5
        ],
        [
            2,
            6
        ],
        [
            2,
            7
        ],
        [
            3,
            7
        ],
        [
            3,
            9
        ],
        [
            4,
            5
        ],
        [
            5,
            8
        ]
    ]
}