{
    "total_node_number": 10,
    "probability_of_edge": 0.2,
    "time": {
        "request": 2999.25,
        "reply": 2000.75,
        "forwarding": 999.75
    },
    "request_message_count": 16,
    "route": [
        {
            "name": "Shortest Path",
            "route_node_count": 5,
            "route": [
                0,
                7,
                4,
                8,
                9
            ]
        },
        {
            "name": "DSRAlgorithm Path",
            "route_node_count": 5,
            "route": [
                0,
                7,
                4,
                8,
                9
            ]
        }
    ],
    "edges": [
        [
            0,
            7
        ],
        [
            1,
            9
        ],
        [
            2,
            3
        ],
        [
            2,
            5
        ],
        [
            3,
            6
        ],
        [
            3,
            9
        ],
        [
            4,
            7
        ],
        [
            4,
            8
        ],
        [
            6,
            7
        ],
        [
            8,
            9
        ]
    ]
}