{
    "total_node_number": 10,
    "probability_of_edge": 0.2,
    "time": {
        "request": 4999.0,
        "reply": 2000.0,
        "forwarding": 2000.5
    },
    "request_message_count": 18,
    "route": [
        {
            "name": "Shortest Path",
            "route_node_count": 9,
            "route": [
                0,
                4,
                2,
                3,
                7,
                6,
                8,
                1,
                9
            ]
        },
        {
            "name": "DSRAlgorithm Path",
            "route_node_count": 9,
            "route": [
                0,
                4,
                2,
                3,
                7,
                6,
                8,
                1,
                9
            ]
        }
    ],
    "edges": [
        [
            0,
            4
        ],
        [
            1,
            8
        ],
        [
            1,
            9
        ],
        [
            2,
            3
        ],
        [
            2,
            4
        ],
        [
            3,
            7
        ],
        [
            5,
            8
        ],
        [
            5,
            9
        ],
        [
            6,
            7
        ],
        [
            6,
            8
        ]
    ]
}