{
    "total_node_number": 10,
    "probability_of_edge": 0.2,
    "time": {
        "request": 2999.75,
        "reply": 3000.0,
        "forwarding": 1001.75
    },
    "request_message_count": 19,
    "route": [
        {
            "name": "Shortest Path",
            "route_node_count": 5,
            "route": [
                0,
                5,
                8,
                3,
                9
            ]
        },
        {
            "name": "DSRAlgorithm Path",
            "route_node_count": 5,
            "route": [
                0,
                5,
                8,
                3,
                9
            ]
        }
    ],
    "edges": [
        [
            0,
            5
        ],
        [
            1,
            3
        ],
        [
            1,
            8
        ],
        [
            2,
            4
        ],
        [
            2,
            6
        ],
        [
            3,
            8
        ],
        [
            3,
            9
        ],
        [
            4,
            7
        ],
        [
            5,
            8
        ],
        [
            6,
            8
        ]
    ]
}