{
    "total_node_number": 10,
    "probability_of_edge": 0.2,
    "time": {
        "request": 1998.5,
        "reply": 2998.25,
        "forwarding": 1004.25
    },
    "request_message_count": 19,
    "route": [
        {
            "name": "Shortest Path",
            "route_node_count": 3,
            "route": [
                0,
                5,
                9
            ]
        },
        {
            "name": "DSRAlgorithm Path",
            "route_node_count": 3,
            "route": [
                0,
                5,
                9
            ]
        }
    ],
    "edges": [
        [
            0,
            1
        ],
        [
            0,
            5
        ],
        [
            0,
            7
        ],
        [
            1,
            3
        ],
        [
            2,
            5
        ],
        [
            3,
            6
        ],
        [
            3,
            8
        ],
        [
            4,
            7
        ],
        [
            5,
            6
        ],
        [
            5,
            9
        ]
    ]
}