{
    "total_node_number": 10,
    "probability_of_edge": 0.2,
    "time": {
        "request": 22642.0,
        "reply": 7993.0,
        "forwarding": 6498.5
    },
    "request_message_count": 19,
    "route": [
        {
            "name": "Shortest Path",
            "route_node_count": 9,
            "route": [
                0,
                7,
                4,
                8,
                1,
                3,
                5,
                2,
                9
            ]
        },
        {
            "name": "DSRAlgorithm Path",
            "route_node_count": 9,
            "route": [
                0,
                7,
                4,
                8,
                1,
                3,
                5,
                2,
                9
            ]
        }
    ],
    "edges": [
        [
            0,
            7
        ],
        [
            1,
            3
        ],
        [
            1,
            8
        ],
        [
            2,
            5
        ],
        [
            2,
            9
        ],
        [
            3,
            5
        ],
        [
            4,
            7
        ],
        [
            4,
            8
        ],
        [
            6,
            7
        ],
        [
            6,
            8
        ]
    ]
}