{
    "total_node_number": 10,
    "probability_of_edge": 0.2,
    "time": {
        "request": 2999.5,
        "reply": 2000.25,
        "forwarding": 1001.5
    },
    "request_message_count": 19,
    "route": [
        {
            "name": "Shortest Path",
            "route_node_count": 7,
            "route": [
                0,
                3,
                8,
                4,
                1,
                7,
                9
            ]
        },
        {
            "name": "DSRAlgorithm Path",
            "route_node_count": 7,
            "route": [
                0,
                3,
                8,
                4,
                1,
                7,
                9
            ]
        }
    ],
    "edges": [
        [
            0,
            2
        ],
        [
            0,
            3
        ],
        [
            1,
            4
        ],
        [
            1,
            7
        ],
        [
            3,
            5
        ],
        [
            3,
            8
        ],
        [
            4,
            8
        ],
        [
            5,
            8
        ],
        [
            6,
            7
        ],
        [
            7,
            9
        ]
    ]
}