{
    "total_node_number": 10,
    "probability_of_edge": 0.2,
    "time": {
        "request": 2999.5,
        "reply": 1999.5,
        "forwarding": 1001.0
    },
    "request_message_count": 17,
    "route": [
        {
            "name": "Shortest Path",
            "route_node_count": 3,
            "route": [
                0,
                8,
                9
            ]
        },
        {
            "name": "DSRAlgorithm Path",
            "route_node_count": 3,
            "route": [
                0,
                8,
                9
            ]
        }
    ],
    "edges": [
        [
            0,
            8
        ],
        [
            1,
            3
        ],
        [
            1,
            7
        ],
        [
            2,
            9
        ],
        [
            4,
            6
        ],
        [
            4,
            8
        ],
        [
            5,
            6
        ],
        [
            5,
            8
        ],
        [
            7,
            8
        ],
        [
            8,
            9
        ]
    ]
}