{
    "total_node_number": 10,
    "probability_of_edge": 0.2,
    "time": {
        "request": 4998.25,
        "reply": 1001.5,
        "forwarding": 2004.75
    },
    "request_message_count": 19,
    "route": [
        {
            "name": "Shortest Path",
            "route_node_count": 7,
            "route": [
                0,
                4,
                6,
                3,
                5,
                2,
                9
            ]
        },
        {
            "name": "DSRAlgorithm Path",
            "route_node_count": 7,
            "route": [
                0,
                4,
                6,
                3,
                5,
                2,
                9
            ]
        }
    ],
    "edges": [
        [
            0,
            4
        ],
        [
            1,
            4
        ],
        [
            2,
            5
        ],
        [
            2,
            9
        ],
        [
            3,
            5
        ],
        [
            3,
            6
        ],
        [
            3,
            8
        ],
        [
            4,
            6
        ],
        [
            5,
            7
        ],
        [
            6,
            8
        ]
    ]
}