{
    "total_node_number": 10,
    "probability_of_edge": 0.2,
    "time": {
        "request": 2001.75,
        "reply": 2000.25,
        "forwarding": 0.0
    },
    "request_message_count": 14,
    "route": [
        {
            "name": "Shortest Path",
            "route_node_count": 3,
            "route": [
                0,
                1,
                9
            ]
        },
        {
            "name": "DSRAlgorithm Path",
            "route_node_count": 3,
            "route": [
                0,
                1,
                9
            ]
        }
    ],
    "edges": [
        [
            0,
            1
        ],
        [
            0,
            6
        ],
        [
            1,
            9
        ],
        [
            2,
            6
        ],
        [
            2,
            9
        ],
        [
            3,
            7
        ],
        [
            4,
            5
        ],
        [
            4,
            9
        ],
        [
            6,
            7
        ],
        [
            7,
            8
        ]
    ]
}