{
    "total_node_number": 10,
    "probability_of_edge": 0.2,
    "time": {
        "request": 4000.0,
        "reply": 1000.25,
        "forwarding": 1000.25
    },
    "request_message_count": 19,
    "route": [
        {
            "name": "Shortest Path",
            "route_node_count": 7,
            "route": [
                0,
                3,
                8,
                7,
                2,
                4,
                9
            ]
        },
        {
            "name": "DSRAlgorithm Path",
            "route_node_count": 7,
            "route": [
                0,
                3,
                8,
                7,
                2,
                4,
                9
            ]
        }
    ],
    "edges": [
        [
            0,
            3
        ],
        [
            1,
            5
        ],
        [
            2,
            4
        ],
        [
            2,
            5
        ],
        [
            2,
            6
        ],
        [
            2,
            7
        ],
        [
            3,
            8
        ],
        [
            4,
            9
        ],
        [
            6,
            7
        ],
        [
            7,
            8
        ]
    ]
}