{
    "total_node_number": 10,
    "probability_of_edge": 0.2,
    "time": {
        "request": 4999.5,
        "reply": 2000.0,
        "forwarding": 2001.5
    },
    "request_message_count": 19,
    "route": [
        {
            "name": "Shortest Path",
            "route_node_count": 7,
            "route": [
                0,
                4,
                7,
                5,
                2,
                8,
                9
            ]
        },
        {
            "name": "DSRAlgorithm Path",
            "route_node_count": 7,
            "route": [
                0,
                4,
                7,
                5,
                2,
                8,
                9
            ]
        }
    ],
    "edges": [
        [
            0,
            4
        ],
        [
            1,
            6
        ],
        [
            1,
            8
        ],
        [
            2,
            5
        ],
        [
            2,
            6
        ],
        [
            2,
            8
        ],
        [
            3,
            4
        ],
        [
            4,
            7
        ],
        [
            5,
            7
        ],
        [
            8,
            9
        ]
    ]
}