{
    "total_node_number": 10,
    "probability_of_edge": 0.2,
    "time": {
        "request": 4985.0,
        "reply": 2000.0,
        "forwarding": 1991.25
    },
    "request_message_count": 19,
    "route": [
        {
            "name": "Shortest Path",
            "route_node_count": 9,
            "route": [
                0,
                5,
                4,
                3,
                8,
                7,
                1,
                2,
                9
            ]
        },
        {
            "name": "DSRAlgorithm Path",
            "route_node_count": 9,
            "route": [
                0,
                5,
                4,
                3,
                8,
                7,
                1,
                2,
                9
            ]
        }
    ],
    "edges": [
        [
            0,
            5
        ],
        [
            1,
            2
        ],
        [
            1,
            7
        ],
        [
            2,
            9
        ],
        [
            3,
            4
        ],
        [
            3,
            8
        ],
        [
            4,
            5
        ],
        [
            6,
            7
        ],
        [
            6,
            8
        ],
        [
            7,
            8
        ]
    ]
}