{
    "total_node_number": 10,
    "probability_of_edge": 0.2,
    "time": {
        "request": 2000.25,
        "reply": 1999.75,
        "forwarding": 1002.25
    },
    "request_message_count": 18,
    "route": [
        {
            "name": "Shortest Path",
            "route_node_count": 5,
            "route": [
                0,
                5,
                7,
                1,
                9
            ]
        },
        {
            "name": "DSRAlgorithm Path",
            "route_node_count": 5,
            "route": [
                0,
                5,
                7,
                1,
                9
            ]
        }
    ],
    "edges": [
        [
            0,
            5
        ],
        [
            1,
            2
        ],
        [
            1,
            6
        ],
        [
            1,
            7
        ],
        [
            1,
            9
        ],
        [
            2,
            3
        ],
        [
            2,
            4
        ],
        [
            2,
            8
        ],
        [
            3,
            9
        ],
        [
            5,
            7
        ]
    ]
}