{
    "total_node_number": 10,
    "probability_of_edge": 0.2,
    "time": {
        "request": 3997.25,
        "reply": 1000.0,
        "forwarding": 996.25
    },
    "request_message_count": 19,
    "route": [
        {
            "name": "Shortest Path",
            "route_node_count": 5,
            "route": [
                0,
                7,
                1,
                4,
                9
            ]
        },
        {
            "name": "DSRAlgorithm Path",
            "route_node_count": 5,
            "route": [
                0,
                7,
                1,
                4,
                9
            ]
        }
    ],
    "edges": [
        [
            0,
            2
        ],
        [
            0,
            7
        ],
        [
            1,
            4
        ],
        [
            1,
            5
        ],
        [
            1,
            7
        ],
        [
            2,
            3
        ],
        [
            2,
            5
        ],
        [
            2,
            8
        ],
        [
            4,
            9
        ],
        [
            5,
            6
        ]
    ]
}