{
    "total_node_number": 10,
    "probability_of_edge": 0.2,
    "time": {
        "request": 1998.5,
        "reply": 2000.25,
        "forwarding": 1000.5
    },
    "request_message_count": 18,
    "route": [
        {
            "name": "Shortest Path",
            "route_node_count": 5,
            "route": [
                0,
                4,
                5,
                2,
                9
            ]
        },
        {
            "name": "DSRAlgorithm Path",
            "route_node_count": 5,
            "route": [
                0,
                4,
                5,
                2,
                9
            ]
        }
    ],
    "edges": [
        [
            0,
            4
        ],
        [
            1,
            7
        ],
        [
            2,
            5
        ],
        [
            2,
            9
        ],
        [
            3,
            4
        ],
        [
            4,
            5
        ],
        [
            5,
            7
        ],
        [
            6,
            7
        ],
        [
            6,
            8
        ],
        [
            8,
            9
        ]
    ]
}