{
    "total_node_number": 10,
    "probability_of_edge": 0.2,
    "time": {
        "request": 1997.75,
        "reply": 2000.5,
        "forwarding": 0.0
    },
    "request_message_count": 17,
    "route": [
        {
            "name": "Shortest Path",
            "route_node_count": 3,
            "route": [
                0,
                1,
                9
            ]
        },
        {
            "name": "DSRAlgorithm Path",
            "route_node_count": 3,
            "route": [
                0,
                1,
                9
            ]
        }
    ],
    "edges": [
        [
            0,
            1
        ],
        [
            0,
            5
        ],
        [
            1,
            9
        ],
        [
            2,
            4
        ],
        [
            2,
            8
        ],
        [
            3,
            5
        ],
        [
            3,
            6
        ],
        [
            3,
            8
        ],
        [
            6,
            8
        ],
        [
            7,
            9
        ]
    ]
}