{
    "total_node_number": 10,
    "probability_of_edge": 0.2,
    "time": {
        "request": 2999.5,
        "reply": 1000.25,
        "forwarding": 1001.0
    },
    "request_message_count": 17,
    "route": [
        {
            "name": "Shortest Path",
            "route_node_count": 5,
            "route": [
                0,
                6,
                8,
                3,
                9
            ]
        },
        {
            "name": "DSRAlgorithm Path",
            "route_node_count": 5,
            "route": [
                0,
                6,
                8,
                3,
                9
            ]
        }
    ],
    "edges": [
        [
            0,
            6
        ],
        [
            1,
            5
        ],
        [
            2,
            9
        ],
        [
            3,
            4
        ],
        [
            3,
            5
        ],
        [
            3,
            8
        ],
        [
            3,
            9
        ],
        [
            4,
            5
        ],
        [
            5,
            7
        ],
        [
            6,
            8
        ]
    ]
}