{
    "total_node_number": 10,
    "probability_of_edge": 0.2,
    "time": {
        "request": 2001.0,
        "reply": 998.5,
        "forwarding": 1001.0
    },
    "request_message_count": 9,
    "route": [
        {
            "name": "Shortest Path",
            "route_node_count": 5,
            "route": [
                0,
                7,
                8,
                5,
                9
            ]
        },
        {
            "name": "DSRAlgorithm Path",
            "route_node_count": 5,
            "route": [
                0,
                7,
                8,
                5,
                9
            ]
        }
    ],
    "edges": [
        [
            0,
            7
        ],
        [
            1,
            2
        ],
        [
            1,
            4
        ],
        [
            1,
            6
        ],
        [
            2,
            6
        ],
        [
            3,
            7
        ],
        [
            5,
            8
        ],
        [
            5,
            9
        ],
        [
            6,
            9
        ],
        [
            7,
            8
        ]
    ]
}