{
    "total_node_number": 10,
    "probability_of_edge": 0.2,
    "time": {
        "request": 9965.75,
        "reply": 4003.0,
        "forwarding": 2973.5
    },
    "request_message_count": 19,
    "route": [
        {
            "name": "Shortest Path",
            "route_node_count": 7,
            "route": [
                0,
                3,
                5,
                7,
                4,
                1,
                9
            ]
        },
        {
            "name": "DSRAlgorithm Path",
            "route_node_count": 7,
            "route": [
                0,
                3,
                5,
                7,
                4,
                1,
                9
            ]
        }
    ],
    "edges": [
        [
            0,
            3
        ],
        [
            1,
            2
        ],
        [
            1,
            4
        ],
        [
            1,
            9
        ],
        [
            3,
            5
        ],
        [
            4,
            7
        ],
        [
            4,
            8
        ],
        [
            5,
            7
        ],
        [
            5,
            8
        ],
        [
            6,
            7
        ]
    ]
}