{
    "total_node_number": 10,
    "probability_of_edge": 0.2,
    "time": {
        "request": 3998.75,
        "reply": 1999.25,
        "forwarding": 1000.5
    },
    "request_message_count": 19,
    "route": [
        {
            "name": "Shortest Path",
            "route_node_count": 5,
            "route": [
                0,
                2,
                1,
                4,
                9
            ]
        },
        {
            "name": "DSRAlgorithm Path",
            "route_node_count": 5,
            "route": [
                0,
                2,
                5,
                4,
                9
            ]
        }
    ],
    "edges": [
        [
            0,
            2
        ],
        [
            1,
            2
        ],
        [
            1,
            4
        ],
        [
            2,
            5
        ],
        [
            2,
            7
        ],
        [
            3,
            6
        ],
        [
            4,
            5
        ],
        [
            4,
            8
        ],
        [
            4,
            9
        ],
        [
            5,
            6
        ]
    ]
}