{
    "total_node_number": 10,
    "probability_of_edge": 0.2,
    "time": {
        "request": 3999.5,
        "reply": 999.75,
        "forwarding": 1003.75
    },
    "request_message_count": 19,
    "route": [
        {
            "name": "Shortest Path",
            "route_node_count": 5,
            "route": [
                0,
                1,
                8,
                5,
                9
            ]
        },
        {
            "name": "DSRAlgorithm Path",
            "route_node_count": 5,
            "route": [
                0,
                2,
                8,
                5,
                9
            ]
        }
    ],
    "edges": [
        [
            0,
            1
        ],
        [
            0,
            2
        ],
        [
            0,
            3
        ],
        [
            1,
            7
        ],
        [
            1,
            8
        ],
        [
            2,
            6
        ],
        [
            2,
            8
        ],
        [
            3,
            4
        ],
        [
            5,
            8
        ],
        [
            5,
            9
        ]
    ]
}