{
    "total_node_number": 10,
    "probability_of_edge": 0.2,
    "time": {
        "request": 2000.5,
        "reply": 1999.25,
        "forwarding": 0.0
    },
    "request_message_count": 18,
    "route": [
        {
            "name": "Shortest Path",
            "route_node_count": 3,
            "route": [
                0,
                2,
                9
            ]
        },
        {
            "name": "DSRAlgorithm Path",
            "route_node_count": 3,
            "route": [
                0,
                2,
                9
            ]
        }
    ],
    "edges": [
        [
            0,
            2
        ],
        [
            0,
            6
        ],
        [
            1,
            3
        ],
        [
            1,
            6
        ],
        [
            2,
            8
        ],
        [
            2,
            9
        ],
        [
            4,
            6
        ],
        [
            4,
            7
        ],
        [
            5,
            8
        ],
        [
            7,
            9
        ]
    ]
}