{
    "total_node_number": 10,
    "probability_of_edge": 0.2,
    "time": {
        "request": 4000.0,
        "reply": 999.75,
        "forwarding": 999.5
    },
    "request_message_count": 19,
    "route": [
        {
            "name": "Shortest Path",
            "route_node_count": 5,
            "route": [
                0,
                4,
                8,
                1,
                9
            ]
        },
        {
            "name": "DSRAlgorithm Path",
            "route_node_count": 5,
            "route": [
                0,
                7,
                8,
                1,
                9
            ]
        }
    ],
    "edges": [
        [
            0,
            4
        ],
        [
            0,
            7
        ],
        [
            1,
            8
        ],
        [
            1,
            9
        ],
        [
            2,
            6
        ],
        [
            3,
            4
        ],
        [
            4,
            5
        ],
        [
            4,
            8
        ],
        [
            6,
            7
        ],
        [
            7,
            8
        ]
    ]
}