{
    "total_node_number": 10,
    "probability_of_edge": 0.2,
    "time": {
        "request": 3997.25,
        "reply": 2001.75,
        "forwarding": 2002.0
    },
    "request_message_count": 19,
    "route": [
        {
            "name": "Shortest Path",
            "route_node_count": 9,
            "route": [
                0,
                7,
                1,
                5,
                4,
                2,
                6,
                8,
                9
            ]
        },
        {
            "name": "DSRAlgorithm Path",
            "route_node_count": 9,
            "route": [
                0,
                7,
                1,
                5,
                4,
                2,
                6,
                8,
                9
            ]
        }
    ],
    "edges": [
        [
            0,
            3
        ],
        [
            0,
            7
        ],
        [
            1,
            5
        ],
        [
            1,
            7
        ],
        [
            2,
            4
        ],
        [
            2,
            6
        ],
        [
            3,
            7
        ],
        [
            4,
            5
        ],
        [
            6,
            8
        ],
        [
            8,
            9
        ]
    ]
}