{
    "total_node_number": 10,
    "probability_of_edge": 0.2,
    "time": {
        "request": 2967.0,
        "reply": 999.5,
        "forwarding": 1001.0
    },
    "request_message_count": 17,
    "route": [
        {
            "name": "Shortest Path",
            "route_node_count": 5,
            "route": [
                0,
                2,
                1,
                8,
                9
            ]
        },
        {
            "name": "DSRAlgorithm Path",
            "route_node_count": 5,
            "route": [
                0,
                5,
                1,
                8,
                9
            ]
        }
    ],
    "edges": [
        [
            0,
            2
        ],
        [
            0,
            5
        ],
        [
            1,
            2
        ],
        [
            1,
            5
        ],
        [
            1,
            6
        ],
        [
            1,
            8
        ],
        [
            2,
            3
        ],
        [
            2,
            4
        ],
        [
            7,
            9
        ],
        [
            8,
            9
        ]
    ]
}