{
    "total_node_number": 10,
    "probability_of_edge": 0.2,
    "time": {
        "request": 3996.5,
        "reply": 2000.25,
        "forwarding": 999.75
    },
    "request_message_count": 19,
    "route": [
        {
            "name": "Shortest Path",
            "route_node_count": 7,
            "route": [
                0,
                7,
                3,
                6,
                1,
                5,
                9
            ]
        },
        {
            "name": "DSRAlgorithm Path",
            "route_node_count": 7,
            "route": [
                0,
                7,
                3,
                6,
                1,
                5,
                9
            ]
        }
    ],
    "edges": [
        [
            0,
            7
        ],
        [
            1,
            4
        ],
        [
            1,
            5
        ],
        [
            1,
            6
        ],
        [
            1,
            8
        ],
        [
            2,
            6
        ],
        [
            3,
            6
        ],
        [
            3,
            7
        ],
        [
            5,
            9
        ],
        [
            6,
            8
        ]
    ]
}