{
    "total_node_number": 10,
    "probability_of_edge": 0.2,
    "time": {
        "request": 7317.5,
        "reply": 5624.25,
        "forwarding": 1001.75
    },
    "request_message_count": 19,
    "route": [
        {
            "name": "Shortest Path",
            "route_node_count": 3,
            "route": [
                0,
                5,
                9
            ]
        },
        {
            "name": "DSRAlgorithm Path",
            "route_node_count": 3,
            "route": [
                0,
                5,
                9
            ]
        }
    ],
    "edges": [
        [
            0,
            1
        ],
        [
            0,
            5
        ],
        [
            1,
            5
        ],
        [
            2,
            3
        ],
        [
            2,
            4
        ],
        [
            2,
            5
        ],
        [
            3,
            7
        ],
        [
            5,
            8
        ],
        [
            5,
            9
        ],
        [
            6,
            7
        ]
    ]
}