{
    "total_node_number": 10,
    "probability_of_edge": 0.2,
    "time": {
        "request": 1998.75,
        "reply": 2001.0,
        "forwarding": 1000.75
    },
    "request_message_count": 12,
    "route": [
        {
            "name": "Shortest Path",
            "route_node_count": 3,
            "route": [
                0,
                4,
                9
            ]
        },
        {
            "name": "DSRAlgorithm Path",
            "route_node_count": 3,
            "route": [
                0,
                4,
                9
            ]
        }
    ],
    "edges": [
        [
            0,
            4
        ],
        [
            0,
            7
        ],
        [
            1,
            2
        ],
        [
            1,
            9
        ],
        [
            2,
            4
        ],
        [
            3,
            9
        ],
        [
            4,
            6
        ],
        [
            4,
            9
        ],
        [
            5,
            9
        ],
        [
            8,
            9
        ]
    ]
}