{
    "total_node_number": 10,
    "probability_of_edge": 0.2,
    "time": {
        "request": 2997.0,
        "reply": 2001.0,
        "forwarding": 1002.75
    },
    "request_message_count": 15,
    "route": [
        {
            "name": "Shortest Path",
            "route_node_count": 5,
            "route": [
                0,
                1,
                4,
                7,
                9
            ]
        },
        {
            "name": "DSRAlgorithm Path",
            "route_node_count": 5,
            "route": [
                0,
                1,
                4,
                7,
                9
            ]
        }
    ],
    "edges": [
        [
            0,
            1
        ],
        [
            1,
            4
        ],
        [
            1,
            5
        ],
        [
            2,
            8
        ],
        [
            3,
            6
        ],
        [
            4,
            6
        ],
        [
            4,
            7
        ],
        [
            6,
            7
        ],
        [
            7,
            9
        ],
        [
            8,
            9
        ]
    ]
}