{
    "total_node_number": 10,
    "probability_of_edge": 0.2,
    "time": {
        "request": 4000.5,
        "reply": 1000.25,
        "forwarding": 1001.75
    },
    "request_message_count": 17,
    "route": [
        {
            "name": "Shortest Path",
            "route_node_count": 5,
            "route": [
                0,
                3,
                7,
                5,
                9
            ]
        },
        {
            "name": "DSRAlgorithm Path",
            "route_node_count": 5,
            "route": [
                0,
                3,
                7,
                5,
                9
            ]
        }
    ],
    "edges": [
        [
            0,
            2
        ],
        [
            0,
            3
        ],
        [
            0,
            4
        ],
        [
            1,
            9
        ],
        [
            2,
            6
        ],
        [
            3,
            7
        ],
        [
            5,
            7
        ],
        [
            5,
            8
        ],
        [
            5,
            9
        ],
        [
            7,
            8
        ]
    ]
}