{
    "total_node_number": 10,
    "probability_of_edge": 0.2,
    "time": {
        "request": 5001.25,
        "reply": 1000.0,
        "forwarding": 2001.5
    },
    "request_message_count": 19,
    "route": [
        {
            "name": "Shortest Path",
            "route_node_count": 7,
            "route": [
                0,
                1,
                6,
                3,
                7,
                5,
                9
            ]
        },
        {
            "name": "DSRAlgorithm Path",
            "route_node_count": 7,
            "route": [
                0,
                1,
                6,
                3,
                7,
                5,
                9
            ]
        }
    ],
    "edges": [
        [
            0,
            1
        ],
        [
            0,
            2
        ],
        [
            1,
            2
        ],
        [
            1,
            6
        ],
        [
            1,
            8
        ],
        [
            3,
            6
        ],
        [
            3,
            7
        ],
        [
            4,
            5
        ],
        [
            5,
            7
        ],
        [
            5,
            9
        ]
    ]
}