{
    "total_node_number": 10,
    "probability_of_edge": 0.2,
    "time": {
        "request": 1000.5,
        "reply": 2001.0,
        "forwarding": 971.75
    },
    "request_message_count": 19,
    "route": [
        {
            "name": "Shortest Path",
            "route_node_count": 3,
            "route": [
                0,
                6,
                9
            ]
        },
        {
            "name": "DSRAlgorithm Path",
            "route_node_count": 3,
            "route": [
                0,
                6,
                9
            ]
        }
    ],
    "edges": [
        [
            0,
            4
        ],
        [
            0,
            6
        ],
        [
            1,
            5
        ],
        [
            2,
            4
        ],
        [
            2,
            6
        ],
        [
            3,
            5
        ],
        [
            3,
            8
        ],
        [
            6,
            7
        ],
        [
            6,
            9
        ],
        [
            7,
            8
        ]
    ]
}