{
    "total_node_number": 10,
    "probability_of_edge": 0.2,
    "time": {
        "request": 9003.0,
        "reply": 5998.0,
        "forwarding": 3995.75
    },
    "request_message_count": 18,
    "route": [
        {
            "name": "Shortest Path",
            "route_node_count": 9,
            "route": [
                0,
                8,
                5,
                2,
                3,
                6,
                4,
                7,
                9
            ]
        },
        {
            "name": "DSRAlgorithm Path",
            "route_node_count": 9,
            "route": [
                0,
                8,
                5,
                2,
                3,
                6,
                4,
                7,
                9
            ]
        }
    ],
    "edges": [
        [
            0,
            8
        ],
        [
            1,
            7
        ],
        [
            1,
            9
        ],
        [
            2,
            3
        ],
        [
            2,
            5
        ],
        [
            3,
            6
        ],
        [
            4,
            6
        ],
        [
            4,
            7
        ],
        [
            5,
            8
        ],
        [
            7,
            9
        ]
    ]
}