{
    "total_node_number": 10,
    "probability_of_edge": 0.2,
    "time": {
        "request": 3983.0,
        "reply": 2000.25,
        "forwarding": 1001.0
    },
    "request_message_count": 19,
    "route": [
        {
            "name": "Shortest Path",
            "route_node_count": 5,
            "route": [
                0,
                8,
                4,
                2,
                9
            ]
        },
        {
            "name": "DSRAlgorithm Path",
            "route_node_count": 5,
            "route": [
                0,
                8,
                4,
                2,
                9
            ]
        }
    ],
    "edges": [
        [
            0,
            8
        ],
        [
            1,
            4
        ],
        [
            2,
            4
        ],
        [
            2,
            7
        ],
        [
            2,
            9
        ],
        [
            3,
            5
        ],
        [
            3,
            6
        ],
        [
            3,
            7
        ],
        [
            4,
            5
        ],
        [
            4,
            8
        ]
    ]
}