{
    "total_node_number": 10,
    "probability_of_edge": 0.2,
    "time": {
        "request": 4000.0,
        "reply": 2000.25,
        "forwarding": 999.5
    },
    "request_message_count": 18,
    "route": [
        {
            "name": "Shortest Path",
            "route_node_count": 7,
            "route": [
                0,
                7,
                3,
                1,
                4,
                8,
                9
            ]
        },
        {
            "name": "DSRAlgorithm Path",
            "route_node_count": 7,
            "route": [
                0,
                7,
                3,
                1,
                6,
                5,
                9
            ]
        }
    ],
    "edges": [
        [
            0,
            2
        ],
        [
            0,
            7
        ],
        [
            1,
            3
        ],
        [
            1,
            4
        ],
        [
            1,
            6
        ],
        [
            3,
            7
        ],
        [
            4,
            8
        ],
        [
            5,
            6
        ],
        [
            5,
            9
        ],
        [
            8,
            9
        ]
    ]
}