{
    "total_node_number": 10,
    "probability_of_edge": 0.2,
    "time": {
        "request": 2951.25,
        "reply": 1998.5,
        "forwarding": 1001.5
    },
    "request_message_count": 19,
    "route": [
        {
            "name": "Shortest Path",
            "route_node_count": 3,
            "route": [
                0,
                3,
                9
            ]
        },
        {
            "name": "DSRAlgorithm Path",
            "route_node_count": 3,
            "route": [
                0,
                3,
                9
            ]
        }
    ],
    "edges": [
        [
            0,
            3
        ],
        [
            1,
            5
        ],
        [
            2,
            3
        ],
        [
            3,
            6
        ],
        [
            3,
            9
        ],
        [
            4,
            6
        ],
        [
            4,
            7
        ],
        [
            4,
            8
        ],
        [
            5,
            7
        ],
        [
            5,
            8
        ]
    ]
}