{
    "total_node_number": 10,
    "probability_of_edge": 0.2,
    "time": {
        "request": 2997.5,
        "reply": 1999.75,
        "forwarding": 999.75
    },
    "request_message_count": 16,
    "route": [
        {
            "name": "Shortest Path",
            "route_node_count": 5,
            "route": [
                0,
                5,
                4,
                3,
                9
            ]
        },
        {
            "name": "DSRAlgorithm Path",
            "route_node_count": 5,
            "route": [
                0,
                5,
                4,
                3,
                9
            ]
        }
    ],
    "edges": [
        [
            0,
            2
        ],
        [
            0,
            5
        ],
        [
            1,
            9
        ],
        [
            2,
            8
        ],
        [
            3,
            4
        ],
        [
            3,
            6
        ],
        [
            3,
            7
        ],
        [
            3,
            9
        ],
        [
            4,
            5
        ],
        [
            7,
            9
        ]
    ]
}