{
    "total_node_number": 10,
    "probability_of_edge": 0.2,
    "time": {
        "request": 4001.5,
        "reply": 999.75,
        "forwarding": 999.75
    },
    "request_message_count": 17,
    "route": [
        {
            "name": "Shortest Path",
            "route_node_count": 7,
            "route": [
                0,
                5,
                6,
                8,
                1,
                7,
                9
            ]
        },
        {
            "name": "DSRAlgorithm Path",
            "route_node_count": 7,
            "route": [
                0,
                5,
                6,
                8,
                1,
                7,
                9
            ]
        }
    ],
    "edges": [
        [
            0,
            5
        ],
        [
            1,
            7
        ],
        [
            1,
            8
        ],
        [
            2,
            9
        ],
        [
            3,
            4
        ],
        [
            3,
            6
        ],
        [
            4,
            6
        ],
        [
            5,
            6
        ],
        [
            6,
            8
        ],
        [
            7,
            9
        ]
    ]
}