{
    "total_node_number": 10,
    "probability_of_edge": 0.2,
    "time": {
        "request": 4998.5,
        "reply": 2000.25,
        "forwarding": 2000.0
    },
    "request_message_count": 19,
    "route": [
        {
            "name": "Shortest Path",
            "route_node_count": 9,
            "route": [
                0,
                4,
                6,
                7,
                3,
                5,
                2,
                8,
                9
            ]
        },
        {
            "name": "DSRAlgorithm Path",
            "route_node_count": 9,
            "route": [
                0,
                4,
                6,
                7,
                3,
                5,
                2,
                8,
                9
            ]
        }
    ],
    "edges": [
        [
            0,
            4
        ],
        [
            1,
            4
        ],
        [
            1,
            6
        ],
        [
            2,
            5
        ],
        [
            2,
            8
        ],
        [
            3,
            5
        ],
        [
            3,
            7
        ],
        [
            4,
            6
        ],
        [
            6,
            7
        ],
        [
            8,
            9
        ]
    ]
}