{
    "total_node_number": 10,
    "probability_of_edge": 0.2,
    "time": {
        "request": 3003.25,
        "reply": 2998.5,
        "forwarding": 1998.0
    },
    "request_message_count": 18,
    "route": [
        {
            "name": "Shortest Path",
            "route_node_count": 9,
            "route": [
                0,
                6,
                8,
                2,
                3,
                1,
                5,
                7,
                9
            ]
        },
        {
            "name": "DSRAlgorithm Path",
            "route_node_count": 9,
            "route": [
                0,
                6,
                8,
                2,
                3,
                1,
                5,
                7,
                9
            ]
        }
    ],
    "edges": [
        [
            0,
            6
        ],
        [
            1,
            3
        ],
        [
            1,
            5
        ],
        [
            2,
            3
        ],
        [
            2,
            8
        ],
        [
            4,
            7
        ],
        [
            4,
            9
        ],
        [
            5,
            7
        ],
        [
            6,
            8
        ],
        [
            7,
            9
        ]
    ]
}