{
    "total_node_number": 10,
    "probability_of_edge": 0.2,
    "time": {
        "request": 3001.0,
        "reply": 2000.0,
        "forwarding": 1001.75
    },
    "request_message_count": 18,
    "route": [
        {
            "name": "Shortest Path",
            "route_node_count": 7,
            "route": [
                0,
                3,
                6,
                5,
                4,
                8,
                9
            ]
        },
        {
            "name": "DSRAlgorithm Path",
            "route_node_count": 7,
            "route": [
                0,
                3,
                6,
                5,
                4,
                8,
                9
            ]
        }
    ],
    "edges": [
        [
            0,
            3
        ],
        [
            1,
            8
        ],
        [
            1,
            9
        ],
        [
            2,
            3
        ],
        [
            2,
            7
        ],
        [
            3,
            6
        ],
        [
            4,
            5
        ],
        [
            4,
            8
        ],
        [
            5,
            6
        ],
        [
            8,
            9
        ]
    ]
}