{
    "total_node_number": 10,
    "probability_of_edge": 0.2,
    "time": {
        "request": 1997.75,
        "reply": 3000.75,
        "forwarding": 998.25
    },
    "request_message_count": 18,
    "route": [
        {
            "name": "Shortest Path",
            "route_node_count": 5,
            "route": [
                0,
                5,
                7,
                8,
                9
            ]
        },
        {
            "name": "DSRAlgorithm Path",
            "route_node_count": 5,
            "route": [
                0,
                5,
                7,
                8,
                9
            ]
        }
    ],
    "edges": [
        [
            0,
            5
        ],
        [
            1,
            3
        ],
        [
            1,
            6
        ],
        [
            2,
            3
        ],
        [
            2,
            7
        ],
        [
            3,
            9
        ],
        [
            4,
            8
        ],
        [
            5,
            7
        ],
        [
            7,
            8
        ],
        [
            8,
            9
        ]
    ]
}