{
    "total_node_number": 10,
    "probability_of_edge": 0.2,
    "time": {
        "request": 3997.75,
        "reply": 1000.0,
        "forwarding": 1003.0
    },
    "request_message_count": 19,
    "route": [
        {
            "name": "Shortest Path",
            "route_node_count": 5,
            "route": [
                0,
                7,
                5,
                4,
                9
            ]
        },
        {
            "name": "DSRAlgorithm Path",
            "route_node_count": 5,
            "route": [
                0,
                7,
                5,
                4,
                9
            ]
        }
    ],
    "edges": [
        [
            0,
            7
        ],
        [
            1,
            2
        ],
        [
            2,
            4
        ],
        [
            2,
            5
        ],
        [
            2,
            8
        ],
        [
            3,
            6
        ],
        [
            4,
            5
        ],
        [
            4,
            9
        ],
        [
            5,
            7
        ],
        [
            6,
            7
        ]
    ]
}