{
    "total_node_number": 10,
    "probability_of_edge": 0.2,
    "time": {
        "request": 4250.75,
        "reply": 1997.5,
        "forwarding": 1992.75
    },
    "request_message_count": 18,
    "route": [
        {
            "name": "Shortest Path",
            "route_node_count": 7,
            "route": [
                0,
                4,
                8,
                7,
                3,
                1,
                9
            ]
        },
        {
            "name": "DSRAlgorithm Path",
            "route_node_count": 7,
            "route": [
                0,
                4,
                8,
                7,
                3,
                1,
                9
            ]
        }
    ],
    "edges": [
        [
            0,
            4
        ],
        [
            1,
            3
        ],
        [
            1,
            9
        ],
        [
            2,
            3
        ],
        [
            2,
            6
        ],
        [
            3,
            7
        ],
        [
            4,
            5
        ],
        [
            4,
            8
        ],
        [
            6,
            9
        ],
        [
            7,
            8
        ]
    ]
}