{
    "total_node_number": 10,
    "probability_of_edge": 0.2,
    "time": {
        "request": 5999.25,
        "reply": 4002.0,
        "forwarding": 3002.25
    },
    "request_message_count": 18,
    "route": [
        {
            "name": "Shortest Path",
            "route_node_count": 9,
            "route": [
                0,
                1,
                5,
                7,
                4,
                8,
                3,
                2,
                9
            ]
        },
        {
            "name": "DSRAlgorithm Path",
            "route_node_count": 9,
            "route": [
                0,
                1,
                5,
                7,
                4,
                8,
                3,
                2,
                9
            ]
        }
    ],
    "edges": [
        [
            0,
            1
        ],
        [
            1,
            5
        ],
        [
            2,
            3
        ],
        [
            2,
            6
        ],
        [
            2,
            9
        ],
        [
            3,
            8
        ],
        [
            4,
            7
        ],
        [
            4,
            8
        ],
        [
            5,
            7
        ],
        [
            6,
            9
        ]
    ]
}