{
    "total_node_number": 10,
    "probability_of_edge": 0.2,
    "time": {
        "request": 7002.5,
        "reply": 2998.25,
        "forwarding": 3285.0
    },
    "request_message_count": 19,
    "route": [
        {
            "name": "Shortest Path",
            "route_node_count": 9,
            "route": [
                0,
                1,
                5,
                3,
                8,
                6,
                7,
                4,
                9
            ]
        },
        {
            "name": "DSRAlgorithm Path",
            "route_node_count": 9,
            "route": [
                0,
                1,
                5,
                3,
                8,
                6,
                7,
                4,
                9
            ]
        }
    ],
    "edges": [
        [
            0,
            1
        ],
        [
            1,
            5
        ],
        [
            2,
            3
        ],
        [
            2,
            5
        ],
        [
            3,
            5
        ],
        [
            3,
            8
        ],
        [
            4,
            7
        ],
        [
            4,
            9
        ],
        [
            6,
            7
        ],
        [
            6,
            8
        ]
    ]
}