{
    "total_node_number": 10,
    "probability_of_edge": 0.2,
    "time": {
        "request": 10985.0,
        "reply": 4004.75,
        "forwarding": 4999.75
    },
    "request_message_count": 19,
    "route": [
        {
            "name": "Shortest Path",
            "route_node_count": 9,
            "route": [
                0,
                8,
                1,
                4,
                3,
                5,
                6,
                2,
                9
            ]
        },
        {
            "name": "DSRAlgorithm Path",
            "route_node_count": 9,
            "route": [
                0,
                8,
                1,
                4,
                7,
                5,
                6,
                2,
                9
            ]
        }
    ],
    "edges": [
        [
            0,
            8
        ],
        [
            1,
            4
        ],
        [
            1,
            8
        ],
        [
            2,
            6
        ],
        [
            2,
            9
        ],
        [
            3,
            4
        ],
        [
            3,
            5
        ],
        [
            4,
            7
        ],
        [
            5,
            6
        ],
        [
            5,
            7
        ]
    ]
}