{
    "total_node_number": 10,
    "probability_of_edge": 0.2,
    "time": {
        "request": 4998.25,
        "reply": 1001.0,
        "forwarding": 1000.5
    },
    "request_message_count": 19,
    "route": [
        {
            "name": "Shortest Path",
            "route_node_count": 7,
            "route": [
                0,
                6,
                1,
                4,
                7,
                5,
                9
            ]
        },
        {
            "name": "DSRAlgorithm Path",
            "route_node_count": 7,
            "route": [
                0,
                6,
                1,
                4,
                7,
                5,
                9
            ]
        }
    ],
    "edges": [
        [
            0,
            6
        ],
        [
            0,
            8
        ],
        [
            1,
            4
        ],
        [
            1,
            6
        ],
        [
            2,
            3
        ],
        [
            2,
            4
        ],
        [
            2,
            8
        ],
        [
            4,
            7
        ],
        [
            5,
            7
        ],
        [
            5,
            9
        ]
    ]
}