{
    "total_node_number": 10,
    "probability_of_edge": 0.2,
    "time": {
        "request": 2999.25,
        "reply": 1000.5,
        "forwarding": 1002.5
    },
    "request_message_count": 15,
    "route": [
        {
            "name": "Shortest Path",
            "route_node_count": 5,
            "route": [
                0,
                8,
                1,
                7,
                9
            ]
        },
        {
            "name": "DSRAlgorithm Path",
            "route_node_count": 5,
            "route": [
                0,
                8,
                1,
                7,
                9
            ]
        }
    ],
    "edges": [
        [
            0,
            8
        ],
        [
            1,
            4
        ],
        [
            1,
            7
        ],
        [
            1,
            8
        ],
        [
            2,
            6
        ],
        [
            3,
            4
        ],
        [
            3,
            7
        ],
        [
            5,
            8
        ],
        [
            6,
            9
        ],
        [
            7,
            9
        ]
    ]
}