{
    "total_node_number": 10,
    "probability_of_edge": 0.2,
    "time": {
        "request": 10997.75,
        "reply": 5998.25,
        "forwarding": 2968.25
    },
    "request_message_count": 18,
    "route": [
        {
            "name": "Shortest Path",
            "route_node_count": 7,
            "route": [
                0,
                4,
                6,
                5,
                3,
                2,
                9
            ]
        },
        {
            "name": "DSRAlgorithm Path",
            "route_node_count": 7,
            "route": [
                0,
                4,
                6,
                5,
                3,
                8,
                9
            ]
        }
    ],
    "edges": [
        [
            0,
            4
        ],
        [
            1,
            2
        ],
        [
            2,
            3
        ],
        [
            2,
            9
        ],
        [
            3,
            5
        ],
        [
            3,
            8
        ],
        [
            4,
            6
        ],
        [
            5,
            6
        ],
        [
            5,
            7
        ],
        [
            8,
            9
        ]
    ]
}