{
    "total_node_number": 10,
    "probability_of_edge": 0.2,
    "time": {
        "request": 4000.5,
        "reply": 1999.75,
        "forwarding": 2000.0
    },
    "request_message_count": 18,
    "route": [
        {
            "name": "Shortest Path",
            "route_node_count": 7,
            "route": [
                0,
                1,
                8,
                6,
                4,
                3,
                9
            ]
        },
        {
            "name": "DSRAlgorithm Path",
            "route_node_count": 7,
            "route": [
                0,
                1,
                8,
                6,
                4,
                3,
                9
            ]
        }
    ],
    "edges": [
        [
            0,
            1
        ],
        [
            1,
            8
        ],
        [
            2,
            8
        ],
        [
            3,
            4
        ],
        [
            3,
            5
        ],
        [
            3,
            9
        ],
        [
            4,
            6
        ],
        [
            5,
            7
        ],
        [
            5,
            9
        ],
        [
            6,
            8
        ]
    ]
}