{
    "total_node_number": 10,
    "probability_of_edge": 0.2,
    "time": {
        "request": 2999.75,
        "reply": 2000.25,
        "forwarding": 1001.0
    },
    "request_message_count": 16,
    "route": [
        {
            "name": "Shortest Path",
            "route_node_count": 3,
            "route": [
                0,
                1,
                9
            ]
        },
        {
            "name": "DSRAlgorithm Path",
            "route_node_count": 3,
            "route": [
                0,
                1,
                9
            ]
        }
    ],
    "edges": [
        [
            0,
            1
        ],
        [
            0,
            6
        ],
        [
            1,
            2
        ],
        [
            1,
            3
        ],
        [
            1,
            4
        ],
        [
            1,
            8
        ],
        [
            1,
            9
        ],
        [
            5,
            9
        ],
        [
            6,
            7
        ],
        [
            6,
            9
        ]
    ]
}