{
    "total_node_number": 10,
    "probability_of_edge": 0.2,
    "time": {
        "request": 4000.25,
        "reply": 999.75,
        "forwarding": 1002.25
    },
    "request_message_count": 17,
    "route": [
        {
            "name": "Shortest Path",
            "route_node_count": 7,
            "route": [
                0,
                5,
                7,
                8,
                6,
                2,
                9
            ]
        },
        {
            "name": "DSRAlgorithm Path",
            "route_node_count": 7,
            "route": [
                0,
                5,
                7,
                8,
                6,
                2,
                9
            ]
        }
    ],
    "edges": [
        [
            0,
            5
        ],
        [
            1,
            9
        ],
        [
            2,
            6
        ],
        [
            2,
            9
        ],
        [
            3,
            6
        ],
        [
            3,
            8
        ],
        [
            4,
            7
        ],
        [
            5,
            7
        ],
        [
            6,
            8
        ],
        [
            7,
            8
        ]
    ]
}