{
    "total_node_number": 10,
    "probability_of_edge": 0.2,
    "time": {
        "request": 1999.5,
        "reply": 3000.75,
        "forwarding": 1000.75
    },
    "request_message_count": 17,
    "route": [
        {
            "name": "Shortest Path",
            "route_node_count": 3,
            "route": [
                0,
                7,
                9
            ]
        },
        {
            "name": "DSRAlgorithm Path",
            "route_node_count": 3,
            "route": [
                0,
                7,
                9
            ]
        }
    ],
    "edges": [
        [
            0,
            7
        ],
        [
            0,
            8
        ],
        [
            1,
            9
        ],
        [
            2,
            6
        ],
        [
            3,
            5
        ],
        [
            3,
            6
        ],
        [
            3,
            8
        ],
        [
            4,
            6
        ],
        [
            4,
            7
        ],
        [
            7,
            9
        ]
    ]
}