{
    "total_node_number": 10,
    "probability_of_edge": 0.2,
    "time": {
        "request": 3999.75,
        "reply": 1999.75,
        "forwarding": 999.75
    },
    "request_message_count": 19,
    "route": [
        {
            "name": "Shortest Path",
            "route_node_count": 7,
            "route": [
                0,
                6,
                1,
                3,
                2,
                5,
                9
            ]
        },
        {
            "name": "DSRAlgorithm Path",
            "route_node_count": 7,
            "route": [
                0,
                6,
                1,
                3,
                2,
                5,
                9
            ]
        }
    ],
    "edges": [
        [
            0,
            6
        ],
        [
            1,
            3
        ],
        [
            1,
            6
        ],
        [
            2,
            3
        ],
        [
            2,
            4
        ],
        [
            2,
            5
        ],
        [
            4,
            5
        ],
        [
            4,
            8
        ],
        [
            5,
            9
        ],
        [
            6,
            7
        ]
    ]
}