{
    "total_node_number": 10,
    "probability_of_edge": 0.2,
    "time": {
        "request": 3997.75,
        "reply": 1000.5,
        "forwarding": 998.5
    },
    "request_message_count": 19,
    "route": [
        {
            "name": "Shortest Path",
            "route_node_count": 7,
            "route": [
                0,
                7,
                2,
                4,
                6,
                1,
                9
            ]
        },
        {
            "name": "DSRAlgorithm Path",
            "route_node_count": 7,
            "route": [
                0,
                7,
                2,
                4,
                6,
                1,
                9
            ]
        }
    ],
    "edges": [
        [
            0,
            7
        ],
        [
            1,
            6
        ],
        [
            1,
            9
        ],
        [
            2,
            4
        ],
        [
            2,
            7
        ],
        [
            2,
            8
        ],
        [
            3,
            6
        ],
        [
            3,
            8
        ],
        [
            4,
            5
        ],
        [
            4,
            6
        ]
    ]
}