{
    "total_node_number": 10,
    "probability_of_edge": 0.2,
    "time": {
        "request": 5000.25,
        "reply": 1999.75,
        "forwarding": 2001.25
    },
    "request_message_count": 19,
    "route": [
        {
            "name": "Shortest Path",
            "route_node_count": 9,
            "route": [
                0,
                6,
                3,
                8,
                1,
                2,
                4,
                7,
                9
            ]
        },
        {
            "name": "DSRAlgorithm Path",
            "route_node_count": 9,
            "route": [
                0,
                6,
                3,
                8,
                1,
                2,
                4,
                7,
                9
            ]
        }
    ],
    "edges": [
        [
            0,
            6
        ],
        [
            1,
            2
        ],
        [
            1,
            8
        ],
        [
            2,
            4
        ],
        [
            3,
            5
        ],
        [
            3,
            6
        ],
        [
            3,
            8
        ],
        [
            4,
            7
        ],
        [
            5,
            8
        ],
        [
            7,
            9
        ]
    ]
}