{
    "total_node_number": 40,
    "probability_of_edge": 0.15,
    "time": {
        "request": 24853.0,
        "reply": 11999.75,
        "forwarding": 1027.25
    },
    "request_message_count": 209,
    "route": [
        {
            "name": "Shortest Path",
            "route_node_count": 4,
            "route": [
                0,
                30,
                3,
                39
            ]
        },
        {
            "name": "DSRAlgorithm Path",
            "route_node_count": 4,
            "route": [
                0,
                16,
                18,
                39
            ]
        }
    ],
    "edges": [
        [
            0,
            1
        ],
        [
            0,
            9
        ],
        [
            0,
            12
        ],
        [
            0,
            16
        ],
        [
            0,
            23
        ],
        [
            0,
            30
        ],
        [
            1,
            4
        ],
        [
            1,
            11
        ],
        [
            1,
            27
        ],
        [
            2,
            6
        ],
        [
            2,
            12
        ],
        [
            2,
            20
        ],
        [
            2,
            36
        ],
        [
            3,
            4
        ],
        [
            3,
            21
        ],
        [
            3,
            30
        ],
        [
            3,
            31
        ],
        [
            3,
            34
        ],
        [
            3,
            37
        ],
        [
            3,
            39
        ],
        [
            4,
            7
        ],
        [
            4,
            11
        ],
        [
            4,
            15
        ],
        [
            4,
            19
        ],
        [
            4,
            24
        ],
        [
            4,
            39
        ],
        [
            5,
            6
        ],
        [
            5,
            12
        ],
        [
            5,
            25
        ],
        [
            5,
            29
        ],
        [
            5,
            32
        ],
        [
            5,
            34
        ],
        [
            5,
            36
        ],
        [
            5,
            37
        ],
        [
            6,
            13
        ],
        [
            6,
            18
        ],
        [
            6,
            21
        ],
        [
            6,
            28
        ],
        [
            6,
            33
        ],
        [
            7,
            28
        ],
        [
            7,
            31
        ],
        [
            7,
            34
        ],
        [
            7,
            39
        ],
        [
            8,
            12
        ],
        [
            8,
            13
        ],
        [
            8,
            18
        ],
        [
            8,
            20
        ],
        [
            8,
            22
        ],
        [
            8,
            23
        ],
        [
            8,
            26
        ],
        [
            8,
            30
        ],
        [
            9,
            14
        ],
        [
            9,
            19
        ],
        [
            9,
            25
        ],
        [
            9,
            35
        ],
        [
            10,
            16
        ],
        [
            10,
            19
        ],
        [
            10,
            28
        ],
        [
            10,
            30
        ],
        [
            11,
            12
        ],
        [
            11,
            29
        ],
        [
            11,
            34
        ],
        [
            11,
            35
        ],
        [
            12,
            30
        ],
        [
            12,
            34
        ],
        [
            13,
            20
        ],
        [
            13,
            31
        ],
        [
            13,
            33
        ],
        [
            13,
            36
        ],
        [
            13,
            37
        ],
        [
            14,
            30
        ],
        [
            15,
            22
        ],
        [
            16,
            18
        ],
        [
            16,
            21
        ],
        [
            16,
            22
        ],
        [
            16,
            34
        ],
        [
            17,
            23
        ],
        [
            17,
            26
        ],
        [
            17,
            32
        ],
        [
            18,
            31
        ],
        [
            18,
            34
        ],
        [
            18,
            39
        ],
        [
            19,
            28
        ],
        [
            20,
            30
        ],
        [
            20,
            37
        ],
        [
            21,
            25
        ],
        [
            21,
            29
        ],
        [
            21,
            33
        ],
        [
            21,
            38
        ],
        [
            22,
            26
        ],
        [
            22,
            34
        ],
        [
            23,
            34
        ],
        [
            24,
            26
        ],
        [
            25,
            26
        ],
        [
            25,
            29
        ],
        [
            25,
            32
        ],
        [
            25,
            35
        ],
        [
            27,
            32
        ],
        [
            28,
            31
        ],
        [
            29,
            32
        ],
        [
            29,
            33
        ],
        [
            30,
            34
        ],
        [
            30,
            36
        ],
        [
            31,
            38
        ],
        [
            32,
            34
        ],
        [
            32,
            39
        ],
        [
            34,
            37
        ]
    ]
}