{
    "total_node_number": 30,
    "probability_of_edge": 0.2,
    "time": {
        "request": 22970.25,
        "reply": 6000.75,
        "forwarding": 999.75
    },
    "request_message_count": 170,
    "route": [
        {
            "name": "Shortest Path",
            "route_node_count": 3,
            "route": [
                0,
                22,
                29
            ]
        },
        {
            "name": "DSRAlgorithm Path",
            "route_node_count": 3,
            "route": [
                0,
                22,
                29
            ]
        }
    ],
    "edges": [
        [
            0,
            5
        ],
        [
            0,
            15
        ],
        [
            0,
            17
        ],
        [
            0,
            21
        ],
        [
            0,
            22
        ],
        [
            0,
            24
        ],
        [
            0,
            25
        ],
        [
            1,
            2
        ],
        [
            1,
            3
        ],
        [
            1,
            17
        ],
        [
            1,
            19
        ],
        [
            1,
            24
        ],
        [
            2,
            11
        ],
        [
            2,
            27
        ],
        [
            3,
            13
        ],
        [
            3,
            21
        ],
        [
            3,
            27
        ],
        [
            4,
            5
        ],
        [
            4,
            9
        ],
        [
            4,
            12
        ],
        [
            4,
            15
        ],
        [
            4,
            20
        ],
        [
            4,
            24
        ],
        [
            4,
            28
        ],
        [
            4,
            29
        ],
        [
            5,
            10
        ],
        [
            5,
            11
        ],
        [
            5,
            12
        ],
        [
            5,
            19
        ],
        [
            5,
            23
        ],
        [
            6,
            7
        ],
        [
            6,
            11
        ],
        [
            6,
            19
        ],
        [
            6,
            24
        ],
        [
            6,
            25
        ],
        [
            7,
            10
        ],
        [
            7,
            13
        ],
        [
            7,
            15
        ],
        [
            7,
            19
        ],
        [
            7,
            20
        ],
        [
            7,
            23
        ],
        [
            7,
            28
        ],
        [
            8,
            10
        ],
        [
            8,
            14
        ],
        [
            8,
            18
        ],
        [
            8,
            27
        ],
        [
            9,
            10
        ],
        [
            9,
            11
        ],
        [
            9,
            16
        ],
        [
            9,
            20
        ],
        [
            9,
            21
        ],
        [
            9,
            28
        ],
        [
            10,
            17
        ],
        [
            10,
            18
        ],
        [
            10,
            24
        ],
        [
            10,
            27
        ],
        [
            11,
            17
        ],
        [
            11,
            18
        ],
        [
            11,
            21
        ],
        [
            12,
            14
        ],
        [
            12,
            17
        ],
        [
            12,
            27
        ],
        [
            13,
            23
        ],
        [
            13,
            26
        ],
        [
            13,
            28
        ],
        [
            14,
            18
        ],
        [
            15,
            16
        ],
        [
            15,
            21
        ],
        [
            15,
            25
        ],
        [
            16,
            22
        ],
        [
            16,
            27
        ],
        [
            17,
            18
        ],
        [
            17,
            21
        ],
        [
            17,
            22
        ],
        [
            17,
            28
        ],
        [
            18,
            21
        ],
        [
            18,
            27
        ],
        [
            18,
            28
        ],
        [
            19,
            23
        ],
        [
            20,
            28
        ],
        [
            22,
            23
        ],
        [
            22,
            27
        ],
        [
            22,
            29
        ],
        [
            23,
            26
        ],
        [
            24,
            26
        ],
        [
            24,
            28
        ]
    ]
}