{
    "total_node_number": 40,
    "probability_of_edge": 0.1,
    "time": {
        "request": 16999.5,
        "reply": 18000.0,
        "forwarding": 1001.25
    },
    "request_message_count": 198,
    "route": [
        {
            "name": "Shortest Path",
            "route_node_count": 4,
            "route": [
                0,
                35,
                9,
                39
            ]
        },
        {
            "name": "DSRAlgorithm Path",
            "route_node_count": 4,
            "route": [
                0,
                35,
                9,
                39
            ]
        }
    ],
    "edges": [
        [
            0,
            7
        ],
        [
            0,
            23
        ],
        [
            0,
            35
        ],
        [
            1,
            2
        ],
        [
            1,
            10
        ],
        [
            1,
            20
        ],
        [
            1,
            25
        ],
        [
            1,
            28
        ],
        [
            1,
            38
        ],
        [
            2,
            12
        ],
        [
            2,
            17
        ],
        [
            2,
            20
        ],
        [
            2,
            21
        ],
        [
            2,
            25
        ],
        [
            2,
            35
        ],
        [
            3,
            6
        ],
        [
            3,
            14
        ],
        [
            3,
            35
        ],
        [
            4,
            11
        ],
        [
            4,
            13
        ],
        [
            4,
            15
        ],
        [
            4,
            19
        ],
        [
            4,
            20
        ],
        [
            4,
            25
        ],
        [
            4,
            31
        ],
        [
            4,
            33
        ],
        [
            5,
            12
        ],
        [
            5,
            30
        ],
        [
            6,
            13
        ],
        [
            6,
            21
        ],
        [
            6,
            22
        ],
        [
            6,
            26
        ],
        [
            6,
            33
        ],
        [
            6,
            34
        ],
        [
            7,
            18
        ],
        [
            7,
            20
        ],
        [
            8,
            12
        ],
        [
            8,
            17
        ],
        [
            8,
            21
        ],
        [
            8,
            23
        ],
        [
            8,
            26
        ],
        [
            8,
            36
        ],
        [
            9,
            14
        ],
        [
            9,
            16
        ],
        [
            9,
            34
        ],
        [
            9,
            35
        ],
        [
            9,
            39
        ],
        [
            10,
            11
        ],
        [
            10,
            18
        ],
        [
            10,
            20
        ],
        [
            10,
            27
        ],
        [
            11,
            39
        ],
        [
            12,
            13
        ],
        [
            12,
            25
        ],
        [
            12,
            39
        ],
        [
            13,
            24
        ],
        [
            13,
            29
        ],
        [
            13,
            32
        ],
        [
            14,
            20
        ],
        [
            14,
            26
        ],
        [
            14,
            27
        ],
        [
            14,
            32
        ],
        [
            14,
            38
        ],
        [
            15,
            24
        ],
        [
            15,
            27
        ],
        [
            15,
            30
        ],
        [
            15,
            31
        ],
        [
            16,
            23
        ],
        [
            16,
            32
        ],
        [
            16,
            37
        ],
        [
            17,
            18
        ],
        [
            18,
            31
        ],
        [
            19,
            21
        ],
        [
            19,
            25
        ],
        [
            19,
            26
        ],
        [
            19,
            27
        ],
        [
            20,
            23
        ],
        [
            20,
            28
        ],
        [
            21,
            36
        ],
        [
            22,
            24
        ],
        [
            22,
            37
        ],
        [
            23,
            27
        ],
        [
            23,
            33
        ],
        [
            24,
            29
        ],
        [
            24,
            31
        ],
        [
            25,
            28
        ],
        [
            26,
            27
        ],
        [
            27,
            29
        ],
        [
            28,
            31
        ],
        [
            29,
            35
        ],
        [
            29,
            36
        ],
        [
            29,
            39
        ],
        [
            32,
            33
        ],
        [
            32,
            36
        ],
        [
            32,
            37
        ],
        [
            33,
            38
        ],
        [
            34,
            35
        ],
        [
            34,
            36
        ],
        [
            34,
            37
        ],
        [
            34,
            38
        ],
        [
            35,
            37
        ]
    ]
}