{
    "total_node_number": 40,
    "probability_of_edge": 0.1,
    "time": {
        "request": 5998.0,
        "reply": 22000.5,
        "forwarding": 0.0
    },
    "request_message_count": 157,
    "route": [
        {
            "name": "Shortest Path",
            "route_node_count": 3,
            "route": [
                0,
                5,
                39
            ]
        },
        {
            "name": "DSRAlgorithm Path",
            "route_node_count": 3,
            "route": [
                0,
                5,
                39
            ]
        }
    ],
    "edges": [
        [
            0,
            5
        ],
        [
            0,
            7
        ],
        [
            0,
            12
        ],
        [
            0,
            21
        ],
        [
            0,
            25
        ],
        [
            0,
            28
        ],
        [
            1,
            15
        ],
        [
            1,
            25
        ],
        [
            1,
            31
        ],
        [
            1,
            35
        ],
        [
            2,
            4
        ],
        [
            2,
            17
        ],
        [
            2,
            25
        ],
        [
            3,
            7
        ],
        [
            3,
            12
        ],
        [
            3,
            13
        ],
        [
            3,
            21
        ],
        [
            3,
            23
        ],
        [
            3,
            35
        ],
        [
            4,
            18
        ],
        [
            4,
            29
        ],
        [
            4,
            38
        ],
        [
            5,
            39
        ],
        [
            6,
            8
        ],
        [
            6,
            9
        ],
        [
            6,
            35
        ],
        [
            7,
            10
        ],
        [
            7,
            39
        ],
        [
            8,
            29
        ],
        [
            9,
            12
        ],
        [
            9,
            15
        ],
        [
            9,
            24
        ],
        [
            9,
            37
        ],
        [
            10,
            14
        ],
        [
            10,
            26
        ],
        [
            10,
            28
        ],
        [
            10,
            30
        ],
        [
            11,
            18
        ],
        [
            11,
            29
        ],
        [
            11,
            31
        ],
        [
            12,
            22
        ],
        [
            12,
            26
        ],
        [
            12,
            39
        ],
        [
            13,
            16
        ],
        [
            14,
            28
        ],
        [
            14,
            36
        ],
        [
            15,
            17
        ],
        [
            15,
            21
        ],
        [
            16,
            27
        ],
        [
            16,
            37
        ],
        [
            16,
            38
        ],
        [
            17,
            27
        ],
        [
            17,
            29
        ],
        [
            18,
            23
        ],
        [
            18,
            34
        ],
        [
            18,
            38
        ],
        [
            19,
            34
        ],
        [
            19,
            39
        ],
        [
            20,
            34
        ],
        [
            20,
            38
        ],
        [
            21,
            26
        ],
        [
            22,
            34
        ],
        [
            23,
            36
        ],
        [
            23,
            38
        ],
        [
            25,
            27
        ],
        [
            25,
            32
        ],
        [
            25,
            38
        ],
        [
            26,
            36
        ],
        [
            27,
            29
        ],
        [
            28,
            33
        ],
        [
            28,
            34
        ],
        [
            29,
            32
        ],
        [
            30,
            31
        ],
        [
            30,
            33
        ],
        [
            30,
            39
        ],
        [
            31,
            33
        ],
        [
            31,
            34
        ],
        [
            32,
            36
        ],
        [
            32,
            37
        ],
        [
            32,
            38
        ],
        [
            34,
            35
        ]
    ]
}