{
    "total_node_number": 40,
    "probability_of_edge": 0.1,
    "time": {
        "request": 7000.5,
        "reply": 19695.0,
        "forwarding": 4000.5
    },
    "request_message_count": 163,
    "route": [
        {
            "name": "Shortest Path",
            "route_node_count": 3,
            "route": [
                0,
                2,
                39
            ]
        },
        {
            "name": "DSRAlgorithm Path",
            "route_node_count": 3,
            "route": [
                0,
                2,
                39
            ]
        }
    ],
    "edges": [
        [
            0,
            2
        ],
        [
            0,
            15
        ],
        [
            0,
            16
        ],
        [
            1,
            14
        ],
        [
            1,
            16
        ],
        [
            1,
            17
        ],
        [
            1,
            18
        ],
        [
            1,
            20
        ],
        [
            1,
            21
        ],
        [
            1,
            22
        ],
        [
            1,
            25
        ],
        [
            1,
            37
        ],
        [
            1,
            38
        ],
        [
            2,
            6
        ],
        [
            2,
            34
        ],
        [
            2,
            38
        ],
        [
            2,
            39
        ],
        [
            3,
            11
        ],
        [
            3,
            18
        ],
        [
            3,
            24
        ],
        [
            3,
            37
        ],
        [
            4,
            12
        ],
        [
            4,
            19
        ],
        [
            4,
            28
        ],
        [
            4,
            29
        ],
        [
            4,
            39
        ],
        [
            5,
            18
        ],
        [
            5,
            23
        ],
        [
            5,
            27
        ],
        [
            6,
            13
        ],
        [
            6,
            39
        ],
        [
            7,
            8
        ],
        [
            7,
            19
        ],
        [
            7,
            25
        ],
        [
            7,
            32
        ],
        [
            8,
            25
        ],
        [
            8,
            37
        ],
        [
            8,
            39
        ],
        [
            9,
            13
        ],
        [
            9,
            16
        ],
        [
            10,
            11
        ],
        [
            11,
            13
        ],
        [
            11,
            27
        ],
        [
            11,
            33
        ],
        [
            12,
            16
        ],
        [
            12,
            17
        ],
        [
            12,
            21
        ],
        [
            12,
            22
        ],
        [
            12,
            24
        ],
        [
            12,
            30
        ],
        [
            13,
            31
        ],
        [
            15,
            16
        ],
        [
            15,
            21
        ],
        [
            16,
            23
        ],
        [
            16,
            35
        ],
        [
            17,
            21
        ],
        [
            17,
            29
        ],
        [
            17,
            30
        ],
        [
            17,
            36
        ],
        [
            18,
            22
        ],
        [
            19,
            26
        ],
        [
            19,
            30
        ],
        [
            20,
            24
        ],
        [
            21,
            22
        ],
        [
            21,
            23
        ],
        [
            21,
            30
        ],
        [
            21,
            32
        ],
        [
            21,
            34
        ],
        [
            22,
            25
        ],
        [
            22,
            28
        ],
        [
            24,
            35
        ],
        [
            24,
            38
        ],
        [
            26,
            33
        ],
        [
            26,
            35
        ],
        [
            28,
            35
        ],
        [
            29,
            31
        ],
        [
            29,
            33
        ],
        [
            29,
            36
        ],
        [
            30,
            32
        ],
        [
            31,
            37
        ],
        [
            31,
            39
        ],
        [
            32,
            33
        ],
        [
            35,
            38
        ],
        [
            36,
            37
        ]
    ]
}