{
    "total_node_number": 40,
    "probability_of_edge": 0.1,
    "time": {
        "request": 27000.75,
        "reply": 4000.5,
        "forwarding": 1000.0
    },
    "request_message_count": 152,
    "route": [
        {
            "name": "Shortest Path",
            "route_node_count": 5,
            "route": [
                0,
                20,
                7,
                33,
                39
            ]
        },
        {
            "name": "DSRAlgorithm Path",
            "route_node_count": 5,
            "route": [
                0,
                20,
                7,
                33,
                39
            ]
        }
    ],
    "edges": [
        [
            0,
            19
        ],
        [
            0,
            20
        ],
        [
            0,
            22
        ],
        [
            0,
            32
        ],
        [
            1,
            4
        ],
        [
            1,
            9
        ],
        [
            1,
            17
        ],
        [
            1,
            21
        ],
        [
            1,
            25
        ],
        [
            2,
            4
        ],
        [
            2,
            39
        ],
        [
            3,
            14
        ],
        [
            3,
            18
        ],
        [
            4,
            15
        ],
        [
            4,
            18
        ],
        [
            4,
            27
        ],
        [
            5,
            6
        ],
        [
            5,
            13
        ],
        [
            5,
            14
        ],
        [
            5,
            16
        ],
        [
            5,
            29
        ],
        [
            6,
            13
        ],
        [
            6,
            15
        ],
        [
            6,
            34
        ],
        [
            7,
            20
        ],
        [
            7,
            33
        ],
        [
            7,
            38
        ],
        [
            8,
            13
        ],
        [
            10,
            24
        ],
        [
            11,
            18
        ],
        [
            11,
            26
        ],
        [
            11,
            36
        ],
        [
            12,
            24
        ],
        [
            12,
            26
        ],
        [
            13,
            23
        ],
        [
            13,
            35
        ],
        [
            13,
            36
        ],
        [
            13,
            37
        ],
        [
            14,
            16
        ],
        [
            14,
            36
        ],
        [
            15,
            17
        ],
        [
            15,
            21
        ],
        [
            15,
            23
        ],
        [
            15,
            33
        ],
        [
            15,
            37
        ],
        [
            16,
            24
        ],
        [
            16,
            33
        ],
        [
            17,
            21
        ],
        [
            17,
            22
        ],
        [
            17,
            33
        ],
        [
            17,
            36
        ],
        [
            18,
            25
        ],
        [
            18,
            35
        ],
        [
            19,
            23
        ],
        [
            19,
            25
        ],
        [
            20,
            21
        ],
        [
            20,
            28
        ],
        [
            20,
            29
        ],
        [
            20,
            31
        ],
        [
            20,
            35
        ],
        [
            22,
            23
        ],
        [
            22,
            31
        ],
        [
            22,
            34
        ],
        [
            23,
            35
        ],
        [
            24,
            32
        ],
        [
            25,
            26
        ],
        [
            25,
            36
        ],
        [
            26,
            35
        ],
        [
            27,
            32
        ],
        [
            28,
            38
        ],
        [
            29,
            34
        ],
        [
            29,
            35
        ],
        [
            30,
            37
        ],
        [
            31,
            32
        ],
        [
            33,
            39
        ],
        [
            34,
            35
        ],
        [
            34,
            38
        ]
    ]
}