{
    "total_node_number": 40,
    "probability_of_edge": 0.1,
    "time": {
        "request": 13999.5,
        "reply": 19999.75,
        "forwarding": 1000.75
    },
    "request_message_count": 190,
    "route": [
        {
            "name": "Shortest Path",
            "route_node_count": 4,
            "route": [
                0,
                24,
                2,
                39
            ]
        },
        {
            "name": "DSRAlgorithm Path",
            "route_node_count": 5,
            "route": [
                0,
                22,
                37,
                3,
                39
            ]
        }
    ],
    "edges": [
        [
            0,
            22
        ],
        [
            0,
            24
        ],
        [
            1,
            2
        ],
        [
            1,
            15
        ],
        [
            1,
            24
        ],
        [
            2,
            4
        ],
        [
            2,
            14
        ],
        [
            2,
            24
        ],
        [
            2,
            39
        ],
        [
            3,
            13
        ],
        [
            3,
            15
        ],
        [
            3,
            17
        ],
        [
            3,
            23
        ],
        [
            3,
            30
        ],
        [
            3,
            35
        ],
        [
            3,
            37
        ],
        [
            3,
            39
        ],
        [
            4,
            7
        ],
        [
            4,
            20
        ],
        [
            4,
            31
        ],
        [
            4,
            33
        ],
        [
            5,
            10
        ],
        [
            6,
            8
        ],
        [
            6,
            11
        ],
        [
            6,
            15
        ],
        [
            6,
            17
        ],
        [
            6,
            25
        ],
        [
            6,
            26
        ],
        [
            6,
            32
        ],
        [
            6,
            36
        ],
        [
            6,
            39
        ],
        [
            7,
            11
        ],
        [
            7,
            14
        ],
        [
            7,
            15
        ],
        [
            7,
            24
        ],
        [
            7,
            37
        ],
        [
            8,
            19
        ],
        [
            8,
            24
        ],
        [
            8,
            35
        ],
        [
            9,
            21
        ],
        [
            9,
            33
        ],
        [
            9,
            38
        ],
        [
            10,
            31
        ],
        [
            11,
            17
        ],
        [
            11,
            28
        ],
        [
            11,
            38
        ],
        [
            12,
            15
        ],
        [
            12,
            16
        ],
        [
            12,
            31
        ],
        [
            12,
            35
        ],
        [
            13,
            22
        ],
        [
            13,
            23
        ],
        [
            13,
            26
        ],
        [
            13,
            28
        ],
        [
            13,
            31
        ],
        [
            14,
            15
        ],
        [
            14,
            35
        ],
        [
            14,
            37
        ],
        [
            15,
            19
        ],
        [
            15,
            25
        ],
        [
            15,
            29
        ],
        [
            15,
            34
        ],
        [
            15,
            39
        ],
        [
            16,
            19
        ],
        [
            16,
            28
        ],
        [
            16,
            31
        ],
        [
            16,
            34
        ],
        [
            17,
            21
        ],
        [
            18,
            26
        ],
        [
            18,
            36
        ],
        [
            19,
            36
        ],
        [
            19,
            37
        ],
        [
            20,
            24
        ],
        [
            20,
            34
        ],
        [
            21,
            22
        ],
        [
            21,
            25
        ],
        [
            21,
            36
        ],
        [
            22,
            31
        ],
        [
            22,
            36
        ],
        [
            22,
            37
        ],
        [
            23,
            24
        ],
        [
            23,
            27
        ],
        [
            23,
            38
        ],
        [
            24,
            25
        ],
        [
            24,
            32
        ],
        [
            24,
            36
        ],
        [
            25,
            26
        ],
        [
            25,
            37
        ],
        [
            25,
            38
        ],
        [
            26,
            29
        ],
        [
            27,
            38
        ],
        [
            28,
            36
        ],
        [
            31,
            33
        ],
        [
            33,
            37
        ],
        [
            33,
            38
        ],
        [
            34,
            35
        ],
        [
            35,
            37
        ]
    ]
}