{
    "total_node_number": 40,
    "probability_of_edge": 0.15,
    "time": {
        "request": 13000.25,
        "reply": 21999.5,
        "forwarding": 1001.0
    },
    "request_message_count": 194,
    "route": [
        {
            "name": "Shortest Path",
            "route_node_count": 5,
            "route": [
                0,
                14,
                1,
                30,
                39
            ]
        },
        {
            "name": "DSRAlgorithm Path",
            "route_node_count": 5,
            "route": [
                0,
                14,
                16,
                28,
                39
            ]
        }
    ],
    "edges": [
        [
            0,
            14
        ],
        [
            1,
            9
        ],
        [
            1,
            13
        ],
        [
            1,
            14
        ],
        [
            1,
            30
        ],
        [
            1,
            36
        ],
        [
            2,
            9
        ],
        [
            2,
            14
        ],
        [
            2,
            18
        ],
        [
            2,
            19
        ],
        [
            2,
            23
        ],
        [
            2,
            29
        ],
        [
            3,
            10
        ],
        [
            3,
            11
        ],
        [
            3,
            38
        ],
        [
            4,
            7
        ],
        [
            4,
            9
        ],
        [
            4,
            25
        ],
        [
            4,
            27
        ],
        [
            4,
            29
        ],
        [
            4,
            39
        ],
        [
            5,
            10
        ],
        [
            5,
            17
        ],
        [
            5,
            30
        ],
        [
            5,
            32
        ],
        [
            5,
            35
        ],
        [
            6,
            10
        ],
        [
            6,
            19
        ],
        [
            6,
            21
        ],
        [
            6,
            23
        ],
        [
            6,
            35
        ],
        [
            6,
            37
        ],
        [
            6,
            39
        ],
        [
            7,
            9
        ],
        [
            7,
            13
        ],
        [
            7,
            22
        ],
        [
            7,
            31
        ],
        [
            7,
            36
        ],
        [
            8,
            13
        ],
        [
            8,
            22
        ],
        [
            8,
            32
        ],
        [
            9,
            13
        ],
        [
            9,
            21
        ],
        [
            9,
            22
        ],
        [
            10,
            12
        ],
        [
            10,
            18
        ],
        [
            10,
            19
        ],
        [
            10,
            38
        ],
        [
            11,
            26
        ],
        [
            11,
            27
        ],
        [
            12,
            13
        ],
        [
            12,
            26
        ],
        [
            13,
            31
        ],
        [
            13,
            37
        ],
        [
            14,
            16
        ],
        [
            14,
            31
        ],
        [
            15,
            25
        ],
        [
            15,
            28
        ],
        [
            15,
            36
        ],
        [
            15,
            38
        ],
        [
            16,
            18
        ],
        [
            16,
            21
        ],
        [
            16,
            26
        ],
        [
            16,
            28
        ],
        [
            16,
            32
        ],
        [
            17,
            24
        ],
        [
            17,
            26
        ],
        [
            17,
            27
        ],
        [
            17,
            34
        ],
        [
            17,
            35
        ],
        [
            18,
            31
        ],
        [
            18,
            39
        ],
        [
            19,
            26
        ],
        [
            19,
            36
        ],
        [
            20,
            22
        ],
        [
            20,
            23
        ],
        [
            20,
            32
        ],
        [
            20,
            33
        ],
        [
            21,
            25
        ],
        [
            21,
            34
        ],
        [
            21,
            39
        ],
        [
            22,
            29
        ],
        [
            22,
            37
        ],
        [
            23,
            27
        ],
        [
            24,
            34
        ],
        [
            25,
            28
        ],
        [
            26,
            27
        ],
        [
            26,
            28
        ],
        [
            26,
            29
        ],
        [
            26,
            31
        ],
        [
            27,
            38
        ],
        [
            27,
            39
        ],
        [
            28,
            39
        ],
        [
            30,
            33
        ],
        [
            30,
            35
        ],
        [
            30,
            39
        ],
        [
            31,
            33
        ],
        [
            33,
            35
        ],
        [
            35,
            36
        ],
        [
            35,
            37
        ],
        [
            37,
            39
        ]
    ]
}