{
    "total_node_number": 40,
    "probability_of_edge": 0.1,
    "time": {
        "request": 999.5,
        "reply": 5000.5,
        "forwarding": 9999.75
    },
    "request_message_count": 154,
    "route": [
        {
            "name": "Shortest Path",
            "route_node_count": 2,
            "route": [
                0,
                39
            ]
        },
        {
            "name": "DSRAlgorithm Path",
            "route_node_count": 2,
            "route": [
                0,
                39
            ]
        }
    ],
    "edges": [
        [
            0,
            3
        ],
        [
            0,
            13
        ],
        [
            0,
            18
        ],
        [
            0,
            20
        ],
        [
            0,
            23
        ],
        [
            0,
            29
        ],
        [
            0,
            39
        ],
        [
            1,
            4
        ],
        [
            1,
            17
        ],
        [
            1,
            34
        ],
        [
            2,
            5
        ],
        [
            2,
            6
        ],
        [
            2,
            11
        ],
        [
            2,
            19
        ],
        [
            2,
            33
        ],
        [
            3,
            6
        ],
        [
            3,
            12
        ],
        [
            3,
            14
        ],
        [
            4,
            5
        ],
        [
            4,
            23
        ],
        [
            4,
            28
        ],
        [
            4,
            37
        ],
        [
            5,
            10
        ],
        [
            5,
            28
        ],
        [
            5,
            33
        ],
        [
            5,
            34
        ],
        [
            5,
            36
        ],
        [
            6,
            30
        ],
        [
            7,
            21
        ],
        [
            7,
            35
        ],
        [
            7,
            38
        ],
        [
            7,
            39
        ],
        [
            8,
            38
        ],
        [
            9,
            19
        ],
        [
            9,
            20
        ],
        [
            9,
            21
        ],
        [
            10,
            12
        ],
        [
            10,
            24
        ],
        [
            10,
            28
        ],
        [
            11,
            17
        ],
        [
            11,
            24
        ],
        [
            11,
            25
        ],
        [
            11,
            33
        ],
        [
            11,
            34
        ],
        [
            12,
            34
        ],
        [
            13,
            18
        ],
        [
            13,
            23
        ],
        [
            13,
            24
        ],
        [
            14,
            19
        ],
        [
            15,
            19
        ],
        [
            15,
            31
        ],
        [
            15,
            37
        ],
        [
            16,
            17
        ],
        [
            16,
            18
        ],
        [
            16,
            22
        ],
        [
            17,
            24
        ],
        [
            18,
            24
        ],
        [
            19,
            31
        ],
        [
            19,
            35
        ],
        [
            19,
            36
        ],
        [
            19,
            38
        ],
        [
            20,
            23
        ],
        [
            20,
            24
        ],
        [
            20,
            28
        ],
        [
            21,
            23
        ],
        [
            22,
            25
        ],
        [
            22,
            26
        ],
        [
            23,
            34
        ],
        [
            24,
            28
        ],
        [
            24,
            36
        ],
        [
            25,
            32
        ],
        [
            25,
            39
        ],
        [
            27,
            38
        ],
        [
            28,
            29
        ],
        [
            28,
            37
        ],
        [
            31,
            32
        ],
        [
            32,
            36
        ],
        [
            34,
            38
        ],
        [
            37,
            39
        ]
    ]
}