{
    "total_node_number": 40,
    "probability_of_edge": 0.1,
    "time": {
        "request": 1000.5,
        "reply": 4998.25,
        "forwarding": 11000.5
    },
    "request_message_count": 162,
    "route": [
        {
            "name": "Shortest Path",
            "route_node_count": 2,
            "route": [
                0,
                39
            ]
        },
        {
            "name": "DSRAlgorithm Path",
            "route_node_count": 2,
            "route": [
                0,
                39
            ]
        }
    ],
    "edges": [
        [
            0,
            13
        ],
        [
            0,
            29
        ],
        [
            0,
            36
        ],
        [
            0,
            38
        ],
        [
            0,
            39
        ],
        [
            1,
            20
        ],
        [
            1,
            22
        ],
        [
            2,
            15
        ],
        [
            2,
            19
        ],
        [
            3,
            7
        ],
        [
            3,
            15
        ],
        [
            3,
            24
        ],
        [
            3,
            26
        ],
        [
            3,
            35
        ],
        [
            4,
            14
        ],
        [
            4,
            22
        ],
        [
            4,
            29
        ],
        [
            4,
            37
        ],
        [
            4,
            39
        ],
        [
            5,
            9
        ],
        [
            5,
            14
        ],
        [
            5,
            16
        ],
        [
            5,
            21
        ],
        [
            5,
            22
        ],
        [
            6,
            30
        ],
        [
            6,
            31
        ],
        [
            7,
            11
        ],
        [
            7,
            14
        ],
        [
            7,
            16
        ],
        [
            7,
            36
        ],
        [
            8,
            26
        ],
        [
            9,
            12
        ],
        [
            9,
            13
        ],
        [
            9,
            25
        ],
        [
            9,
            34
        ],
        [
            9,
            38
        ],
        [
            10,
            35
        ],
        [
            10,
            38
        ],
        [
            11,
            31
        ],
        [
            11,
            32
        ],
        [
            11,
            35
        ],
        [
            12,
            18
        ],
        [
            12,
            26
        ],
        [
            12,
            30
        ],
        [
            13,
            16
        ],
        [
            13,
            30
        ],
        [
            13,
            34
        ],
        [
            15,
            28
        ],
        [
            15,
            39
        ],
        [
            16,
            20
        ],
        [
            16,
            32
        ],
        [
            16,
            35
        ],
        [
            17,
            19
        ],
        [
            17,
            20
        ],
        [
            17,
            29
        ],
        [
            18,
            20
        ],
        [
            19,
            23
        ],
        [
            20,
            21
        ],
        [
            20,
            36
        ],
        [
            20,
            37
        ],
        [
            21,
            26
        ],
        [
            21,
            31
        ],
        [
            23,
            25
        ],
        [
            23,
            32
        ],
        [
            23,
            36
        ],
        [
            24,
            30
        ],
        [
            24,
            35
        ],
        [
            26,
            27
        ],
        [
            26,
            32
        ],
        [
            26,
            38
        ],
        [
            27,
            30
        ],
        [
            27,
            34
        ],
        [
            28,
            29
        ],
        [
            28,
            38
        ],
        [
            29,
            35
        ],
        [
            29,
            36
        ],
        [
            29,
            39
        ],
        [
            31,
            32
        ],
        [
            31,
            33
        ],
        [
            32,
            36
        ],
        [
            33,
            36
        ],
        [
            36,
            38
        ],
        [
            37,
            38
        ]
    ]
}