{
    "total_node_number": 40,
    "probability_of_edge": 0.1,
    "time": {
        "request": 3000.5,
        "reply": 24000.25,
        "forwarding": 4997.5
    },
    "request_message_count": 165,
    "route": [
        {
            "name": "Shortest Path",
            "route_node_count": 3,
            "route": [
                0,
                28,
                39
            ]
        },
        {
            "name": "DSRAlgorithm Path",
            "route_node_count": 3,
            "route": [
                0,
                28,
                39
            ]
        }
    ],
    "edges": [
        [
            0,
            19
        ],
        [
            0,
            25
        ],
        [
            0,
            28
        ],
        [
            1,
            4
        ],
        [
            1,
            7
        ],
        [
            1,
            14
        ],
        [
            1,
            15
        ],
        [
            1,
            18
        ],
        [
            1,
            30
        ],
        [
            1,
            37
        ],
        [
            2,
            4
        ],
        [
            2,
            7
        ],
        [
            2,
            14
        ],
        [
            2,
            32
        ],
        [
            3,
            23
        ],
        [
            3,
            34
        ],
        [
            4,
            11
        ],
        [
            4,
            18
        ],
        [
            4,
            30
        ],
        [
            4,
            39
        ],
        [
            5,
            8
        ],
        [
            5,
            18
        ],
        [
            5,
            19
        ],
        [
            5,
            31
        ],
        [
            5,
            33
        ],
        [
            5,
            34
        ],
        [
            5,
            38
        ],
        [
            6,
            28
        ],
        [
            6,
            30
        ],
        [
            7,
            12
        ],
        [
            7,
            16
        ],
        [
            7,
            19
        ],
        [
            7,
            32
        ],
        [
            8,
            15
        ],
        [
            9,
            14
        ],
        [
            9,
            27
        ],
        [
            9,
            38
        ],
        [
            10,
            20
        ],
        [
            10,
            21
        ],
        [
            10,
            33
        ],
        [
            11,
            16
        ],
        [
            11,
            17
        ],
        [
            11,
            24
        ],
        [
            11,
            28
        ],
        [
            11,
            38
        ],
        [
            12,
            30
        ],
        [
            12,
            39
        ],
        [
            13,
            31
        ],
        [
            13,
            34
        ],
        [
            13,
            38
        ],
        [
            14,
            15
        ],
        [
            14,
            17
        ],
        [
            14,
            18
        ],
        [
            14,
            24
        ],
        [
            14,
            30
        ],
        [
            14,
            37
        ],
        [
            14,
            39
        ],
        [
            15,
            32
        ],
        [
            15,
            34
        ],
        [
            15,
            36
        ],
        [
            16,
            22
        ],
        [
            16,
            29
        ],
        [
            16,
            35
        ],
        [
            16,
            38
        ],
        [
            17,
            34
        ],
        [
            17,
            39
        ],
        [
            18,
            21
        ],
        [
            18,
            31
        ],
        [
            18,
            32
        ],
        [
            19,
            27
        ],
        [
            19,
            35
        ],
        [
            19,
            36
        ],
        [
            20,
            37
        ],
        [
            20,
            39
        ],
        [
            21,
            24
        ],
        [
            21,
            33
        ],
        [
            21,
            34
        ],
        [
            21,
            35
        ],
        [
            22,
            29
        ],
        [
            23,
            35
        ],
        [
            24,
            26
        ],
        [
            24,
            32
        ],
        [
            24,
            37
        ],
        [
            26,
            39
        ],
        [
            28,
            30
        ],
        [
            28,
            39
        ]
    ]
}