{
    "total_node_number": 30,
    "probability_of_edge": 0.2,
    "time": {
        "request": 16000.25,
        "reply": 13000.5,
        "forwarding": 1000.25
    },
    "request_message_count": 174,
    "route": [
        {
            "name": "Shortest Path",
            "route_node_count": 3,
            "route": [
                0,
                4,
                29
            ]
        },
        {
            "name": "DSRAlgorithm Path",
            "route_node_count": 3,
            "route": [
                0,
                4,
                29
            ]
        }
    ],
    "edges": [
        [
            0,
            1
        ],
        [
            0,
            2
        ],
        [
            0,
            4
        ],
        [
            0,
            7
        ],
        [
            0,
            12
        ],
        [
            0,
            16
        ],
        [
            0,
            17
        ],
        [
            0,
            20
        ],
        [
            0,
            23
        ],
        [
            0,
            26
        ],
        [
            1,
            11
        ],
        [
            1,
            14
        ],
        [
            1,
            16
        ],
        [
            1,
            18
        ],
        [
            1,
            24
        ],
        [
            1,
            25
        ],
        [
            2,
            6
        ],
        [
            2,
            17
        ],
        [
            3,
            13
        ],
        [
            3,
            15
        ],
        [
            3,
            17
        ],
        [
            3,
            20
        ],
        [
            3,
            25
        ],
        [
            4,
            6
        ],
        [
            4,
            15
        ],
        [
            4,
            18
        ],
        [
            4,
            24
        ],
        [
            4,
            26
        ],
        [
            4,
            29
        ],
        [
            5,
            6
        ],
        [
            5,
            7
        ],
        [
            5,
            13
        ],
        [
            5,
            22
        ],
        [
            5,
            23
        ],
        [
            6,
            8
        ],
        [
            6,
            9
        ],
        [
            6,
            12
        ],
        [
            6,
            13
        ],
        [
            6,
            17
        ],
        [
            6,
            22
        ],
        [
            6,
            25
        ],
        [
            6,
            29
        ],
        [
            7,
            14
        ],
        [
            7,
            23
        ],
        [
            8,
            12
        ],
        [
            8,
            13
        ],
        [
            8,
            14
        ],
        [
            8,
            15
        ],
        [
            8,
            17
        ],
        [
            8,
            18
        ],
        [
            8,
            24
        ],
        [
            8,
            26
        ],
        [
            9,
            14
        ],
        [
            9,
            18
        ],
        [
            9,
            23
        ],
        [
            9,
            25
        ],
        [
            10,
            22
        ],
        [
            11,
            17
        ],
        [
            11,
            19
        ],
        [
            11,
            21
        ],
        [
            11,
            22
        ],
        [
            12,
            13
        ],
        [
            12,
            14
        ],
        [
            12,
            20
        ],
        [
            12,
            25
        ],
        [
            13,
            18
        ],
        [
            13,
            24
        ],
        [
            14,
            19
        ],
        [
            14,
            22
        ],
        [
            14,
            29
        ],
        [
            15,
            17
        ],
        [
            15,
            22
        ],
        [
            15,
            25
        ],
        [
            15,
            27
        ],
        [
            15,
            29
        ],
        [
            16,
            27
        ],
        [
            17,
            25
        ],
        [
            17,
            26
        ],
        [
            17,
            29
        ],
        [
            18,
            22
        ],
        [
            18,
            23
        ],
        [
            19,
            20
        ],
        [
            19,
            22
        ],
        [
            21,
            25
        ],
        [
            21,
            27
        ],
        [
            23,
            26
        ],
        [
            23,
            28
        ],
        [
            24,
            29
        ],
        [
            25,
            28
        ],
        [
            27,
            28
        ]
    ]
}