{
    "total_node_number": 30,
    "probability_of_edge": 0.2,
    "time": {
        "request": 4940.25,
        "reply": 21998.75,
        "forwarding": 2001.0
    },
    "request_message_count": 158,
    "route": [
        {
            "name": "Shortest Path",
            "route_node_count": 3,
            "route": [
                0,
                1,
                29
            ]
        },
        {
            "name": "DSRAlgorithm Path",
            "route_node_count": 3,
            "route": [
                0,
                1,
                29
            ]
        }
    ],
    "edges": [
        [
            0,
            1
        ],
        [
            0,
            6
        ],
        [
            0,
            8
        ],
        [
            0,
            28
        ],
        [
            1,
            19
        ],
        [
            1,
            28
        ],
        [
            1,
            29
        ],
        [
            2,
            7
        ],
        [
            2,
            8
        ],
        [
            2,
            19
        ],
        [
            3,
            8
        ],
        [
            3,
            9
        ],
        [
            3,
            10
        ],
        [
            3,
            15
        ],
        [
            3,
            21
        ],
        [
            3,
            22
        ],
        [
            3,
            25
        ],
        [
            3,
            28
        ],
        [
            4,
            7
        ],
        [
            4,
            11
        ],
        [
            4,
            16
        ],
        [
            4,
            21
        ],
        [
            4,
            22
        ],
        [
            4,
            25
        ],
        [
            4,
            29
        ],
        [
            5,
            10
        ],
        [
            5,
            16
        ],
        [
            5,
            17
        ],
        [
            5,
            19
        ],
        [
            5,
            23
        ],
        [
            5,
            28
        ],
        [
            6,
            8
        ],
        [
            6,
            9
        ],
        [
            6,
            21
        ],
        [
            6,
            24
        ],
        [
            6,
            27
        ],
        [
            6,
            29
        ],
        [
            7,
            8
        ],
        [
            7,
            21
        ],
        [
            7,
            22
        ],
        [
            7,
            25
        ],
        [
            7,
            28
        ],
        [
            8,
            14
        ],
        [
            8,
            18
        ],
        [
            8,
            19
        ],
        [
            8,
            21
        ],
        [
            8,
            28
        ],
        [
            10,
            18
        ],
        [
            10,
            22
        ],
        [
            10,
            25
        ],
        [
            11,
            16
        ],
        [
            11,
            17
        ],
        [
            12,
            17
        ],
        [
            12,
            20
        ],
        [
            12,
            21
        ],
        [
            12,
            29
        ],
        [
            13,
            14
        ],
        [
            13,
            15
        ],
        [
            13,
            16
        ],
        [
            13,
            19
        ],
        [
            13,
            24
        ],
        [
            13,
            27
        ],
        [
            13,
            28
        ],
        [
            13,
            29
        ],
        [
            14,
            15
        ],
        [
            14,
            22
        ],
        [
            15,
            21
        ],
        [
            16,
            21
        ],
        [
            16,
            23
        ],
        [
            16,
            24
        ],
        [
            17,
            20
        ],
        [
            17,
            24
        ],
        [
            17,
            27
        ],
        [
            18,
            19
        ],
        [
            18,
            20
        ],
        [
            18,
            22
        ],
        [
            19,
            28
        ],
        [
            21,
            23
        ],
        [
            21,
            29
        ],
        [
            23,
            26
        ],
        [
            23,
            29
        ],
        [
            25,
            29
        ],
        [
            26,
            28
        ]
    ]
}