{
    "total_node_number": 30,
    "probability_of_edge": 0.2,
    "time": {
        "request": 12000.0,
        "reply": 15000.0,
        "forwarding": 0.0
    },
    "request_message_count": 160,
    "route": [
        {
            "name": "Shortest Path",
            "route_node_count": 3,
            "route": [
                0,
                6,
                29
            ]
        },
        {
            "name": "DSRAlgorithm Path",
            "route_node_count": 3,
            "route": [
                0,
                6,
                29
            ]
        }
    ],
    "edges": [
        [
            0,
            3
        ],
        [
            0,
            6
        ],
        [
            0,
            9
        ],
        [
            0,
            13
        ],
        [
            0,
            15
        ],
        [
            0,
            17
        ],
        [
            0,
            22
        ],
        [
            1,
            4
        ],
        [
            1,
            5
        ],
        [
            1,
            7
        ],
        [
            1,
            10
        ],
        [
            1,
            12
        ],
        [
            1,
            15
        ],
        [
            1,
            18
        ],
        [
            1,
            19
        ],
        [
            1,
            21
        ],
        [
            1,
            25
        ],
        [
            2,
            3
        ],
        [
            2,
            9
        ],
        [
            2,
            14
        ],
        [
            2,
            18
        ],
        [
            2,
            20
        ],
        [
            2,
            24
        ],
        [
            3,
            6
        ],
        [
            3,
            26
        ],
        [
            3,
            28
        ],
        [
            4,
            28
        ],
        [
            5,
            10
        ],
        [
            5,
            15
        ],
        [
            5,
            16
        ],
        [
            5,
            17
        ],
        [
            5,
            22
        ],
        [
            5,
            26
        ],
        [
            5,
            27
        ],
        [
            6,
            9
        ],
        [
            6,
            11
        ],
        [
            6,
            19
        ],
        [
            6,
            24
        ],
        [
            6,
            26
        ],
        [
            6,
            29
        ],
        [
            7,
            9
        ],
        [
            7,
            20
        ],
        [
            7,
            24
        ],
        [
            8,
            16
        ],
        [
            8,
            23
        ],
        [
            9,
            18
        ],
        [
            9,
            19
        ],
        [
            9,
            22
        ],
        [
            9,
            27
        ],
        [
            9,
            28
        ],
        [
            10,
            12
        ],
        [
            10,
            24
        ],
        [
            10,
            25
        ],
        [
            11,
            14
        ],
        [
            11,
            24
        ],
        [
            11,
            25
        ],
        [
            11,
            27
        ],
        [
            12,
            14
        ],
        [
            12,
            18
        ],
        [
            13,
            20
        ],
        [
            13,
            23
        ],
        [
            13,
            29
        ],
        [
            14,
            15
        ],
        [
            14,
            18
        ],
        [
            14,
            19
        ],
        [
            15,
            19
        ],
        [
            15,
            24
        ],
        [
            15,
            25
        ],
        [
            15,
            28
        ],
        [
            16,
            17
        ],
        [
            16,
            23
        ],
        [
            16,
            24
        ],
        [
            16,
            29
        ],
        [
            17,
            26
        ],
        [
            18,
            19
        ],
        [
            18,
            20
        ],
        [
            19,
            22
        ],
        [
            22,
            24
        ],
        [
            25,
            29
        ],
        [
            26,
            27
        ],
        [
            26,
            28
        ],
        [
            26,
            29
        ],
        [
            27,
            29
        ]
    ]
}