{
    "total_node_number": 40,
    "probability_of_edge": 0.15,
    "time": {
        "request": 13998.25,
        "reply": 21999.75,
        "forwarding": 1000.25
    },
    "request_message_count": 215,
    "route": [
        {
            "name": "Shortest Path",
            "route_node_count": 4,
            "route": [
                0,
                2,
                3,
                39
            ]
        },
        {
            "name": "DSRAlgorithm Path",
            "route_node_count": 4,
            "route": [
                0,
                27,
                28,
                39
            ]
        }
    ],
    "edges": [
        [
            0,
            2
        ],
        [
            0,
            27
        ],
        [
            1,
            4
        ],
        [
            1,
            5
        ],
        [
            1,
            16
        ],
        [
            1,
            20
        ],
        [
            1,
            21
        ],
        [
            1,
            29
        ],
        [
            1,
            32
        ],
        [
            1,
            35
        ],
        [
            1,
            37
        ],
        [
            1,
            38
        ],
        [
            2,
            3
        ],
        [
            2,
            4
        ],
        [
            2,
            5
        ],
        [
            2,
            17
        ],
        [
            2,
            23
        ],
        [
            2,
            31
        ],
        [
            3,
            25
        ],
        [
            3,
            31
        ],
        [
            3,
            34
        ],
        [
            3,
            36
        ],
        [
            3,
            39
        ],
        [
            4,
            13
        ],
        [
            4,
            19
        ],
        [
            4,
            25
        ],
        [
            4,
            33
        ],
        [
            4,
            36
        ],
        [
            5,
            6
        ],
        [
            5,
            9
        ],
        [
            5,
            26
        ],
        [
            5,
            33
        ],
        [
            5,
            36
        ],
        [
            5,
            37
        ],
        [
            6,
            13
        ],
        [
            6,
            15
        ],
        [
            6,
            17
        ],
        [
            6,
            24
        ],
        [
            6,
            32
        ],
        [
            7,
            8
        ],
        [
            7,
            38
        ],
        [
            8,
            15
        ],
        [
            8,
            17
        ],
        [
            9,
            11
        ],
        [
            9,
            12
        ],
        [
            9,
            29
        ],
        [
            9,
            38
        ],
        [
            10,
            24
        ],
        [
            10,
            30
        ],
        [
            11,
            23
        ],
        [
            11,
            30
        ],
        [
            11,
            35
        ],
        [
            12,
            19
        ],
        [
            12,
            29
        ],
        [
            12,
            32
        ],
        [
            13,
            15
        ],
        [
            13,
            35
        ],
        [
            13,
            37
        ],
        [
            13,
            38
        ],
        [
            14,
            22
        ],
        [
            14,
            36
        ],
        [
            14,
            37
        ],
        [
            15,
            23
        ],
        [
            15,
            34
        ],
        [
            15,
            35
        ],
        [
            16,
            37
        ],
        [
            17,
            20
        ],
        [
            17,
            25
        ],
        [
            17,
            36
        ],
        [
            18,
            26
        ],
        [
            18,
            39
        ],
        [
            19,
            25
        ],
        [
            19,
            26
        ],
        [
            19,
            29
        ],
        [
            19,
            30
        ],
        [
            19,
            35
        ],
        [
            19,
            37
        ],
        [
            20,
            24
        ],
        [
            20,
            26
        ],
        [
            20,
            34
        ],
        [
            21,
            25
        ],
        [
            21,
            28
        ],
        [
            21,
            35
        ],
        [
            23,
            32
        ],
        [
            23,
            36
        ],
        [
            23,
            38
        ],
        [
            24,
            35
        ],
        [
            25,
            31
        ],
        [
            25,
            33
        ],
        [
            26,
            33
        ],
        [
            26,
            36
        ],
        [
            27,
            28
        ],
        [
            27,
            29
        ],
        [
            27,
            38
        ],
        [
            28,
            31
        ],
        [
            28,
            33
        ],
        [
            28,
            38
        ],
        [
            28,
            39
        ],
        [
            29,
            35
        ],
        [
            30,
            32
        ],
        [
            30,
            34
        ],
        [
            30,
            35
        ],
        [
            31,
            34
        ],
        [
            31,
            37
        ],
        [
            32,
            35
        ],
        [
            34,
            35
        ],
        [
            34,
            36
        ],
        [
            35,
            36
        ],
        [
            37,
            38
        ]
    ]
}