{
    "total_node_number": 40,
    "probability_of_edge": 0.15,
    "time": {
        "request": 27995.25,
        "reply": 10999.5,
        "forwarding": 1001.5
    },
    "request_message_count": 224,
    "route": [
        {
            "name": "Shortest Path",
            "route_node_count": 4,
            "route": [
                0,
                6,
                1,
                39
            ]
        },
        {
            "name": "DSRAlgorithm Path",
            "route_node_count": 4,
            "route": [
                0,
                7,
                14,
                39
            ]
        }
    ],
    "edges": [
        [
            0,
            3
        ],
        [
            0,
            5
        ],
        [
            0,
            6
        ],
        [
            0,
            7
        ],
        [
            0,
            8
        ],
        [
            0,
            22
        ],
        [
            0,
            28
        ],
        [
            0,
            30
        ],
        [
            0,
            33
        ],
        [
            1,
            6
        ],
        [
            1,
            19
        ],
        [
            1,
            32
        ],
        [
            1,
            39
        ],
        [
            2,
            11
        ],
        [
            2,
            15
        ],
        [
            2,
            25
        ],
        [
            2,
            35
        ],
        [
            2,
            38
        ],
        [
            3,
            4
        ],
        [
            3,
            7
        ],
        [
            3,
            12
        ],
        [
            3,
            16
        ],
        [
            3,
            21
        ],
        [
            3,
            26
        ],
        [
            3,
            29
        ],
        [
            4,
            11
        ],
        [
            4,
            22
        ],
        [
            4,
            35
        ],
        [
            4,
            38
        ],
        [
            5,
            8
        ],
        [
            5,
            17
        ],
        [
            5,
            29
        ],
        [
            5,
            34
        ],
        [
            6,
            11
        ],
        [
            6,
            26
        ],
        [
            7,
            14
        ],
        [
            7,
            17
        ],
        [
            7,
            18
        ],
        [
            7,
            20
        ],
        [
            7,
            22
        ],
        [
            7,
            23
        ],
        [
            7,
            33
        ],
        [
            8,
            12
        ],
        [
            8,
            18
        ],
        [
            9,
            23
        ],
        [
            9,
            30
        ],
        [
            9,
            32
        ],
        [
            9,
            33
        ],
        [
            10,
            13
        ],
        [
            10,
            15
        ],
        [
            10,
            19
        ],
        [
            10,
            21
        ],
        [
            10,
            22
        ],
        [
            11,
            13
        ],
        [
            11,
            38
        ],
        [
            11,
            39
        ],
        [
            12,
            13
        ],
        [
            12,
            14
        ],
        [
            12,
            19
        ],
        [
            12,
            28
        ],
        [
            12,
            34
        ],
        [
            13,
            18
        ],
        [
            13,
            29
        ],
        [
            13,
            31
        ],
        [
            13,
            37
        ],
        [
            14,
            20
        ],
        [
            14,
            26
        ],
        [
            14,
            30
        ],
        [
            14,
            36
        ],
        [
            14,
            39
        ],
        [
            15,
            17
        ],
        [
            15,
            18
        ],
        [
            15,
            19
        ],
        [
            15,
            20
        ],
        [
            15,
            28
        ],
        [
            15,
            30
        ],
        [
            15,
            31
        ],
        [
            16,
            20
        ],
        [
            16,
            24
        ],
        [
            16,
            26
        ],
        [
            16,
            29
        ],
        [
            16,
            33
        ],
        [
            16,
            34
        ],
        [
            17,
            26
        ],
        [
            17,
            38
        ],
        [
            18,
            37
        ],
        [
            19,
            28
        ],
        [
            19,
            36
        ],
        [
            20,
            24
        ],
        [
            20,
            25
        ],
        [
            20,
            34
        ],
        [
            20,
            38
        ],
        [
            21,
            22
        ],
        [
            21,
            26
        ],
        [
            21,
            30
        ],
        [
            22,
            27
        ],
        [
            22,
            33
        ],
        [
            23,
            25
        ],
        [
            23,
            37
        ],
        [
            24,
            29
        ],
        [
            24,
            34
        ],
        [
            24,
            38
        ],
        [
            24,
            39
        ],
        [
            25,
            39
        ],
        [
            26,
            28
        ],
        [
            26,
            34
        ],
        [
            26,
            35
        ],
        [
            27,
            28
        ],
        [
            28,
            37
        ],
        [
            29,
            33
        ],
        [
            29,
            36
        ],
        [
            30,
            37
        ],
        [
            32,
            36
        ],
        [
            35,
            38
        ],
        [
            37,
            39
        ]
    ]
}