{
    "total_node_number": 40,
    "probability_of_edge": 0.1,
    "time": {
        "request": 4999.75,
        "reply": 22999.75,
        "forwarding": 2000.75
    },
    "request_message_count": 163,
    "route": [
        {
            "name": "Shortest Path",
            "route_node_count": 3,
            "route": [
                0,
                25,
                39
            ]
        },
        {
            "name": "DSRAlgorithm Path",
            "route_node_count": 3,
            "route": [
                0,
                25,
                39
            ]
        }
    ],
    "edges": [
        [
            0,
            25
        ],
        [
            0,
            26
        ],
        [
            0,
            27
        ],
        [
            0,
            33
        ],
        [
            0,
            37
        ],
        [
            1,
            5
        ],
        [
            1,
            14
        ],
        [
            1,
            17
        ],
        [
            1,
            28
        ],
        [
            1,
            35
        ],
        [
            1,
            37
        ],
        [
            2,
            22
        ],
        [
            2,
            24
        ],
        [
            2,
            33
        ],
        [
            2,
            39
        ],
        [
            3,
            19
        ],
        [
            3,
            20
        ],
        [
            3,
            23
        ],
        [
            3,
            26
        ],
        [
            3,
            36
        ],
        [
            4,
            11
        ],
        [
            4,
            14
        ],
        [
            4,
            18
        ],
        [
            4,
            31
        ],
        [
            4,
            32
        ],
        [
            4,
            35
        ],
        [
            5,
            23
        ],
        [
            6,
            32
        ],
        [
            7,
            16
        ],
        [
            7,
            28
        ],
        [
            7,
            30
        ],
        [
            8,
            18
        ],
        [
            8,
            29
        ],
        [
            8,
            33
        ],
        [
            8,
            34
        ],
        [
            9,
            20
        ],
        [
            9,
            37
        ],
        [
            10,
            22
        ],
        [
            10,
            33
        ],
        [
            11,
            17
        ],
        [
            11,
            18
        ],
        [
            11,
            30
        ],
        [
            12,
            16
        ],
        [
            12,
            34
        ],
        [
            12,
            38
        ],
        [
            13,
            14
        ],
        [
            13,
            19
        ],
        [
            13,
            23
        ],
        [
            13,
            37
        ],
        [
            14,
            23
        ],
        [
            14,
            30
        ],
        [
            14,
            32
        ],
        [
            14,
            39
        ],
        [
            15,
            34
        ],
        [
            16,
            35
        ],
        [
            16,
            39
        ],
        [
            17,
            19
        ],
        [
            18,
            20
        ],
        [
            18,
            27
        ],
        [
            19,
            23
        ],
        [
            19,
            26
        ],
        [
            19,
            29
        ],
        [
            20,
            36
        ],
        [
            21,
            28
        ],
        [
            21,
            37
        ],
        [
            21,
            38
        ],
        [
            22,
            23
        ],
        [
            22,
            24
        ],
        [
            22,
            31
        ],
        [
            22,
            37
        ],
        [
            23,
            30
        ],
        [
            23,
            31
        ],
        [
            23,
            35
        ],
        [
            23,
            36
        ],
        [
            24,
            32
        ],
        [
            25,
            28
        ],
        [
            25,
            37
        ],
        [
            25,
            39
        ],
        [
            26,
            37
        ],
        [
            28,
            35
        ],
        [
            31,
            37
        ],
        [
            32,
            33
        ],
        [
            32,
            38
        ],
        [
            36,
            39
        ]
    ]
}