{
    "total_node_number": 40,
    "probability_of_edge": 0.1,
    "time": {
        "request": 9995.0,
        "reply": 17997.25,
        "forwarding": 970.5
    },
    "request_message_count": 159,
    "route": [
        {
            "name": "Shortest Path",
            "route_node_count": 4,
            "route": [
                0,
                29,
                27,
                39
            ]
        },
        {
            "name": "DSRAlgorithm Path",
            "route_node_count": 4,
            "route": [
                0,
                35,
                17,
                39
            ]
        }
    ],
    "edges": [
        [
            0,
            12
        ],
        [
            0,
            29
        ],
        [
            0,
            35
        ],
        [
            0,
            37
        ],
        [
            1,
            7
        ],
        [
            1,
            29
        ],
        [
            1,
            36
        ],
        [
            2,
            14
        ],
        [
            2,
            17
        ],
        [
            3,
            5
        ],
        [
            3,
            9
        ],
        [
            3,
            22
        ],
        [
            3,
            25
        ],
        [
            4,
            20
        ],
        [
            4,
            21
        ],
        [
            4,
            32
        ],
        [
            5,
            22
        ],
        [
            5,
            24
        ],
        [
            5,
            36
        ],
        [
            6,
            12
        ],
        [
            6,
            27
        ],
        [
            6,
            29
        ],
        [
            7,
            31
        ],
        [
            7,
            32
        ],
        [
            7,
            34
        ],
        [
            8,
            10
        ],
        [
            8,
            17
        ],
        [
            8,
            31
        ],
        [
            8,
            38
        ],
        [
            9,
            14
        ],
        [
            9,
            18
        ],
        [
            9,
            28
        ],
        [
            9,
            32
        ],
        [
            9,
            37
        ],
        [
            11,
            22
        ],
        [
            11,
            30
        ],
        [
            11,
            37
        ],
        [
            11,
            39
        ],
        [
            12,
            15
        ],
        [
            12,
            23
        ],
        [
            13,
            21
        ],
        [
            13,
            27
        ],
        [
            13,
            37
        ],
        [
            13,
            38
        ],
        [
            14,
            23
        ],
        [
            14,
            27
        ],
        [
            16,
            25
        ],
        [
            16,
            26
        ],
        [
            16,
            39
        ],
        [
            17,
            19
        ],
        [
            17,
            20
        ],
        [
            17,
            35
        ],
        [
            17,
            39
        ],
        [
            18,
            23
        ],
        [
            18,
            28
        ],
        [
            18,
            32
        ],
        [
            20,
            27
        ],
        [
            20,
            30
        ],
        [
            20,
            32
        ],
        [
            21,
            32
        ],
        [
            23,
            24
        ],
        [
            23,
            37
        ],
        [
            23,
            38
        ],
        [
            24,
            33
        ],
        [
            24,
            36
        ],
        [
            25,
            39
        ],
        [
            26,
            27
        ],
        [
            26,
            29
        ],
        [
            26,
            31
        ],
        [
            26,
            34
        ],
        [
            27,
            29
        ],
        [
            27,
            30
        ],
        [
            27,
            39
        ],
        [
            29,
            32
        ],
        [
            29,
            36
        ],
        [
            30,
            38
        ],
        [
            31,
            36
        ],
        [
            31,
            37
        ],
        [
            32,
            34
        ],
        [
            32,
            35
        ],
        [
            33,
            34
        ],
        [
            33,
            39
        ],
        [
            38,
            39
        ]
    ]
}