{
    "total_node_number": 40,
    "probability_of_edge": 0.15,
    "time": {
        "request": 7999.5,
        "reply": 25001.5,
        "forwarding": 0.0
    },
    "request_message_count": 187,
    "route": [
        {
            "name": "Shortest Path",
            "route_node_count": 3,
            "route": [
                0,
                11,
                39
            ]
        },
        {
            "name": "DSRAlgorithm Path",
            "route_node_count": 3,
            "route": [
                0,
                11,
                39
            ]
        }
    ],
    "edges": [
        [
            0,
            10
        ],
        [
            0,
            11
        ],
        [
            0,
            20
        ],
        [
            0,
            24
        ],
        [
            0,
            36
        ],
        [
            1,
            2
        ],
        [
            1,
            10
        ],
        [
            1,
            14
        ],
        [
            1,
            27
        ],
        [
            1,
            36
        ],
        [
            2,
            4
        ],
        [
            2,
            13
        ],
        [
            2,
            15
        ],
        [
            2,
            21
        ],
        [
            3,
            13
        ],
        [
            3,
            28
        ],
        [
            3,
            34
        ],
        [
            4,
            13
        ],
        [
            4,
            19
        ],
        [
            4,
            21
        ],
        [
            4,
            35
        ],
        [
            4,
            36
        ],
        [
            4,
            38
        ],
        [
            5,
            18
        ],
        [
            5,
            20
        ],
        [
            5,
            26
        ],
        [
            5,
            28
        ],
        [
            5,
            32
        ],
        [
            5,
            33
        ],
        [
            6,
            9
        ],
        [
            6,
            11
        ],
        [
            6,
            18
        ],
        [
            6,
            26
        ],
        [
            6,
            32
        ],
        [
            7,
            24
        ],
        [
            7,
            26
        ],
        [
            7,
            30
        ],
        [
            7,
            37
        ],
        [
            8,
            11
        ],
        [
            8,
            14
        ],
        [
            8,
            22
        ],
        [
            8,
            23
        ],
        [
            8,
            28
        ],
        [
            10,
            14
        ],
        [
            10,
            15
        ],
        [
            10,
            19
        ],
        [
            11,
            21
        ],
        [
            11,
            24
        ],
        [
            11,
            27
        ],
        [
            11,
            31
        ],
        [
            11,
            35
        ],
        [
            11,
            39
        ],
        [
            12,
            27
        ],
        [
            12,
            31
        ],
        [
            12,
            38
        ],
        [
            12,
            39
        ],
        [
            13,
            15
        ],
        [
            13,
            24
        ],
        [
            13,
            30
        ],
        [
            13,
            33
        ],
        [
            13,
            35
        ],
        [
            15,
            22
        ],
        [
            15,
            24
        ],
        [
            15,
            27
        ],
        [
            16,
            25
        ],
        [
            16,
            33
        ],
        [
            17,
            18
        ],
        [
            17,
            35
        ],
        [
            18,
            24
        ],
        [
            19,
            28
        ],
        [
            19,
            29
        ],
        [
            20,
            34
        ],
        [
            21,
            29
        ],
        [
            21,
            32
        ],
        [
            22,
            26
        ],
        [
            22,
            28
        ],
        [
            22,
            33
        ],
        [
            22,
            38
        ],
        [
            23,
            26
        ],
        [
            23,
            36
        ],
        [
            23,
            38
        ],
        [
            24,
            25
        ],
        [
            25,
            28
        ],
        [
            25,
            30
        ],
        [
            25,
            31
        ],
        [
            25,
            36
        ],
        [
            26,
            27
        ],
        [
            26,
            37
        ],
        [
            26,
            38
        ],
        [
            29,
            30
        ],
        [
            30,
            37
        ],
        [
            31,
            36
        ],
        [
            31,
            38
        ],
        [
            32,
            38
        ],
        [
            38,
            39
        ]
    ]
}