{
    "total_node_number": 40,
    "probability_of_edge": 0.15,
    "time": {
        "request": 38999.75,
        "reply": 4000.5,
        "forwarding": 999.75
    },
    "request_message_count": 242,
    "route": [
        {
            "name": "Shortest Path",
            "route_node_count": 4,
            "route": [
                0,
                22,
                37,
                39
            ]
        },
        {
            "name": "DSRAlgorithm Path",
            "route_node_count": 4,
            "route": [
                0,
                4,
                38,
                39
            ]
        }
    ],
    "edges": [
        [
            0,
            4
        ],
        [
            0,
            5
        ],
        [
            0,
            9
        ],
        [
            0,
            12
        ],
        [
            0,
            21
        ],
        [
            0,
            22
        ],
        [
            0,
            24
        ],
        [
            0,
            27
        ],
        [
            0,
            28
        ],
        [
            0,
            33
        ],
        [
            1,
            2
        ],
        [
            1,
            14
        ],
        [
            1,
            29
        ],
        [
            1,
            33
        ],
        [
            1,
            34
        ],
        [
            1,
            38
        ],
        [
            2,
            4
        ],
        [
            2,
            5
        ],
        [
            2,
            8
        ],
        [
            2,
            23
        ],
        [
            2,
            25
        ],
        [
            3,
            11
        ],
        [
            3,
            12
        ],
        [
            3,
            17
        ],
        [
            3,
            23
        ],
        [
            3,
            27
        ],
        [
            3,
            29
        ],
        [
            3,
            32
        ],
        [
            3,
            33
        ],
        [
            3,
            34
        ],
        [
            4,
            12
        ],
        [
            4,
            20
        ],
        [
            4,
            38
        ],
        [
            5,
            8
        ],
        [
            5,
            9
        ],
        [
            5,
            13
        ],
        [
            5,
            26
        ],
        [
            5,
            34
        ],
        [
            6,
            7
        ],
        [
            6,
            19
        ],
        [
            6,
            24
        ],
        [
            6,
            31
        ],
        [
            6,
            32
        ],
        [
            7,
            10
        ],
        [
            7,
            13
        ],
        [
            7,
            16
        ],
        [
            7,
            18
        ],
        [
            7,
            27
        ],
        [
            8,
            11
        ],
        [
            8,
            13
        ],
        [
            8,
            14
        ],
        [
            8,
            15
        ],
        [
            8,
            19
        ],
        [
            8,
            22
        ],
        [
            8,
            30
        ],
        [
            9,
            16
        ],
        [
            9,
            24
        ],
        [
            10,
            18
        ],
        [
            10,
            21
        ],
        [
            10,
            30
        ],
        [
            11,
            20
        ],
        [
            11,
            21
        ],
        [
            11,
            31
        ],
        [
            11,
            32
        ],
        [
            11,
            38
        ],
        [
            12,
            20
        ],
        [
            12,
            21
        ],
        [
            12,
            29
        ],
        [
            12,
            31
        ],
        [
            12,
            38
        ],
        [
            13,
            14
        ],
        [
            13,
            15
        ],
        [
            13,
            35
        ],
        [
            13,
            36
        ],
        [
            14,
            21
        ],
        [
            14,
            22
        ],
        [
            14,
            29
        ],
        [
            14,
            30
        ],
        [
            14,
            38
        ],
        [
            15,
            24
        ],
        [
            15,
            26
        ],
        [
            15,
            31
        ],
        [
            15,
            34
        ],
        [
            16,
            20
        ],
        [
            16,
            38
        ],
        [
            17,
            25
        ],
        [
            17,
            39
        ],
        [
            19,
            21
        ],
        [
            19,
            28
        ],
        [
            19,
            29
        ],
        [
            19,
            38
        ],
        [
            20,
            36
        ],
        [
            21,
            23
        ],
        [
            21,
            29
        ],
        [
            21,
            35
        ],
        [
            22,
            24
        ],
        [
            22,
            32
        ],
        [
            22,
            35
        ],
        [
            22,
            37
        ],
        [
            23,
            29
        ],
        [
            23,
            34
        ],
        [
            23,
            37
        ],
        [
            24,
            33
        ],
        [
            25,
            31
        ],
        [
            25,
            32
        ],
        [
            25,
            39
        ],
        [
            26,
            33
        ],
        [
            26,
            36
        ],
        [
            27,
            34
        ],
        [
            28,
            35
        ],
        [
            28,
            36
        ],
        [
            29,
            35
        ],
        [
            29,
            38
        ],
        [
            30,
            33
        ],
        [
            31,
            33
        ],
        [
            32,
            34
        ],
        [
            32,
            35
        ],
        [
            32,
            37
        ],
        [
            33,
            37
        ],
        [
            35,
            36
        ],
        [
            35,
            38
        ],
        [
            37,
            39
        ],
        [
            38,
            39
        ]
    ]
}