{
    "total_node_number": 40,
    "probability_of_edge": 0.1,
    "time": {
        "request": 32000.5,
        "reply": 2998.25,
        "forwarding": 1002.25
    },
    "request_message_count": 165,
    "route": [
        {
            "name": "Shortest Path",
            "route_node_count": 5,
            "route": [
                0,
                33,
                9,
                6,
                39
            ]
        },
        {
            "name": "DSRAlgorithm Path",
            "route_node_count": 5,
            "route": [
                0,
                33,
                9,
                6,
                39
            ]
        }
    ],
    "edges": [
        [
            0,
            17
        ],
        [
            0,
            22
        ],
        [
            0,
            33
        ],
        [
            0,
            36
        ],
        [
            1,
            16
        ],
        [
            1,
            19
        ],
        [
            1,
            24
        ],
        [
            1,
            27
        ],
        [
            2,
            28
        ],
        [
            3,
            6
        ],
        [
            3,
            10
        ],
        [
            3,
            18
        ],
        [
            3,
            20
        ],
        [
            3,
            21
        ],
        [
            3,
            25
        ],
        [
            4,
            25
        ],
        [
            4,
            37
        ],
        [
            5,
            36
        ],
        [
            6,
            9
        ],
        [
            6,
            12
        ],
        [
            6,
            19
        ],
        [
            6,
            32
        ],
        [
            6,
            39
        ],
        [
            7,
            20
        ],
        [
            7,
            32
        ],
        [
            7,
            38
        ],
        [
            8,
            20
        ],
        [
            8,
            21
        ],
        [
            8,
            32
        ],
        [
            8,
            37
        ],
        [
            9,
            11
        ],
        [
            9,
            14
        ],
        [
            9,
            19
        ],
        [
            9,
            28
        ],
        [
            9,
            29
        ],
        [
            9,
            33
        ],
        [
            9,
            38
        ],
        [
            11,
            13
        ],
        [
            11,
            17
        ],
        [
            11,
            19
        ],
        [
            11,
            20
        ],
        [
            11,
            31
        ],
        [
            12,
            16
        ],
        [
            12,
            18
        ],
        [
            12,
            26
        ],
        [
            12,
            37
        ],
        [
            13,
            27
        ],
        [
            13,
            32
        ],
        [
            13,
            33
        ],
        [
            14,
            18
        ],
        [
            14,
            33
        ],
        [
            15,
            20
        ],
        [
            15,
            29
        ],
        [
            16,
            22
        ],
        [
            16,
            23
        ],
        [
            16,
            28
        ],
        [
            16,
            30
        ],
        [
            17,
            30
        ],
        [
            17,
            31
        ],
        [
            18,
            19
        ],
        [
            18,
            30
        ],
        [
            19,
            24
        ],
        [
            19,
            30
        ],
        [
            19,
            31
        ],
        [
            20,
            27
        ],
        [
            20,
            35
        ],
        [
            20,
            36
        ],
        [
            21,
            22
        ],
        [
            21,
            28
        ],
        [
            21,
            34
        ],
        [
            22,
            24
        ],
        [
            22,
            36
        ],
        [
            24,
            25
        ],
        [
            24,
            36
        ],
        [
            25,
            26
        ],
        [
            25,
            30
        ],
        [
            25,
            35
        ],
        [
            25,
            37
        ],
        [
            26,
            35
        ],
        [
            27,
            32
        ],
        [
            30,
            32
        ],
        [
            31,
            38
        ],
        [
            35,
            38
        ]
    ]
}