{
    "total_node_number": 40,
    "probability_of_edge": 0.1,
    "time": {
        "request": 16999.25,
        "reply": 15000.75,
        "forwarding": 999.75
    },
    "request_message_count": 172,
    "route": [
        {
            "name": "Shortest Path",
            "route_node_count": 4,
            "route": [
                0,
                19,
                23,
                39
            ]
        },
        {
            "name": "DSRAlgorithm Path",
            "route_node_count": 4,
            "route": [
                0,
                19,
                23,
                39
            ]
        }
    ],
    "edges": [
        [
            0,
            6
        ],
        [
            0,
            19
        ],
        [
            0,
            21
        ],
        [
            0,
            38
        ],
        [
            1,
            9
        ],
        [
            1,
            27
        ],
        [
            1,
            28
        ],
        [
            1,
            34
        ],
        [
            2,
            3
        ],
        [
            2,
            21
        ],
        [
            2,
            30
        ],
        [
            2,
            38
        ],
        [
            3,
            22
        ],
        [
            4,
            9
        ],
        [
            4,
            19
        ],
        [
            4,
            33
        ],
        [
            5,
            9
        ],
        [
            5,
            30
        ],
        [
            5,
            36
        ],
        [
            6,
            8
        ],
        [
            6,
            19
        ],
        [
            6,
            30
        ],
        [
            6,
            31
        ],
        [
            7,
            12
        ],
        [
            7,
            16
        ],
        [
            7,
            21
        ],
        [
            7,
            28
        ],
        [
            7,
            34
        ],
        [
            7,
            38
        ],
        [
            8,
            34
        ],
        [
            8,
            35
        ],
        [
            9,
            27
        ],
        [
            9,
            28
        ],
        [
            9,
            33
        ],
        [
            10,
            12
        ],
        [
            10,
            15
        ],
        [
            10,
            19
        ],
        [
            10,
            23
        ],
        [
            10,
            28
        ],
        [
            10,
            29
        ],
        [
            10,
            30
        ],
        [
            11,
            37
        ],
        [
            12,
            16
        ],
        [
            12,
            18
        ],
        [
            12,
            20
        ],
        [
            12,
            38
        ],
        [
            13,
            17
        ],
        [
            13,
            25
        ],
        [
            13,
            27
        ],
        [
            13,
            36
        ],
        [
            14,
            24
        ],
        [
            14,
            26
        ],
        [
            15,
            19
        ],
        [
            15,
            25
        ],
        [
            15,
            32
        ],
        [
            16,
            26
        ],
        [
            16,
            30
        ],
        [
            16,
            37
        ],
        [
            16,
            38
        ],
        [
            17,
            18
        ],
        [
            18,
            36
        ],
        [
            19,
            23
        ],
        [
            19,
            27
        ],
        [
            20,
            22
        ],
        [
            21,
            29
        ],
        [
            21,
            30
        ],
        [
            21,
            36
        ],
        [
            22,
            31
        ],
        [
            22,
            37
        ],
        [
            23,
            25
        ],
        [
            23,
            39
        ],
        [
            24,
            29
        ],
        [
            24,
            37
        ],
        [
            25,
            30
        ],
        [
            26,
            32
        ],
        [
            26,
            36
        ],
        [
            27,
            29
        ],
        [
            28,
            36
        ],
        [
            28,
            39
        ],
        [
            29,
            30
        ],
        [
            29,
            32
        ],
        [
            29,
            37
        ],
        [
            30,
            33
        ],
        [
            34,
            35
        ],
        [
            35,
            37
        ],
        [
            36,
            37
        ],
        [
            36,
            38
        ]
    ]
}