{
    "total_node_number": 40,
    "probability_of_edge": 0.15,
    "time": {
        "request": 39068.75,
        "reply": 14196.25,
        "forwarding": 1001.0
    },
    "request_message_count": 221,
    "route": [
        {
            "name": "Shortest Path",
            "route_node_count": 3,
            "route": [
                0,
                16,
                39
            ]
        },
        {
            "name": "DSRAlgorithm Path",
            "route_node_count": 4,
            "route": [
                0,
                31,
                37,
                39
            ]
        }
    ],
    "edges": [
        [
            0,
            10
        ],
        [
            0,
            16
        ],
        [
            0,
            30
        ],
        [
            0,
            31
        ],
        [
            0,
            32
        ],
        [
            1,
            2
        ],
        [
            1,
            30
        ],
        [
            1,
            35
        ],
        [
            2,
            13
        ],
        [
            2,
            21
        ],
        [
            2,
            35
        ],
        [
            2,
            37
        ],
        [
            3,
            4
        ],
        [
            3,
            9
        ],
        [
            3,
            16
        ],
        [
            3,
            18
        ],
        [
            3,
            20
        ],
        [
            3,
            34
        ],
        [
            4,
            5
        ],
        [
            4,
            15
        ],
        [
            4,
            21
        ],
        [
            4,
            32
        ],
        [
            5,
            8
        ],
        [
            5,
            13
        ],
        [
            5,
            15
        ],
        [
            5,
            17
        ],
        [
            5,
            20
        ],
        [
            5,
            28
        ],
        [
            5,
            29
        ],
        [
            6,
            14
        ],
        [
            6,
            20
        ],
        [
            6,
            37
        ],
        [
            6,
            39
        ],
        [
            7,
            16
        ],
        [
            7,
            33
        ],
        [
            7,
            39
        ],
        [
            8,
            19
        ],
        [
            8,
            20
        ],
        [
            8,
            27
        ],
        [
            8,
            34
        ],
        [
            8,
            37
        ],
        [
            9,
            12
        ],
        [
            9,
            19
        ],
        [
            9,
            30
        ],
        [
            9,
            33
        ],
        [
            10,
            16
        ],
        [
            10,
            17
        ],
        [
            10,
            24
        ],
        [
            10,
            25
        ],
        [
            10,
            27
        ],
        [
            10,
            33
        ],
        [
            10,
            36
        ],
        [
            11,
            28
        ],
        [
            11,
            32
        ],
        [
            11,
            33
        ],
        [
            12,
            21
        ],
        [
            12,
            24
        ],
        [
            12,
            28
        ],
        [
            12,
            36
        ],
        [
            13,
            15
        ],
        [
            13,
            19
        ],
        [
            13,
            21
        ],
        [
            13,
            30
        ],
        [
            13,
            33
        ],
        [
            14,
            15
        ],
        [
            14,
            24
        ],
        [
            14,
            32
        ],
        [
            14,
            34
        ],
        [
            15,
            26
        ],
        [
            16,
            33
        ],
        [
            16,
            36
        ],
        [
            16,
            37
        ],
        [
            16,
            39
        ],
        [
            17,
            19
        ],
        [
            17,
            22
        ],
        [
            17,
            24
        ],
        [
            17,
            25
        ],
        [
            17,
            27
        ],
        [
            17,
            33
        ],
        [
            17,
            35
        ],
        [
            17,
            38
        ],
        [
            18,
            34
        ],
        [
            19,
            21
        ],
        [
            19,
            37
        ],
        [
            20,
            25
        ],
        [
            20,
            26
        ],
        [
            20,
            28
        ],
        [
            20,
            35
        ],
        [
            20,
            36
        ],
        [
            21,
            29
        ],
        [
            21,
            35
        ],
        [
            22,
            33
        ],
        [
            23,
            28
        ],
        [
            23,
            39
        ],
        [
            24,
            25
        ],
        [
            24,
            26
        ],
        [
            24,
            29
        ],
        [
            24,
            32
        ],
        [
            25,
            27
        ],
        [
            25,
            29
        ],
        [
            26,
            35
        ],
        [
            26,
            36
        ],
        [
            27,
            32
        ],
        [
            27,
            34
        ],
        [
            27,
            35
        ],
        [
            27,
            37
        ],
        [
            28,
            36
        ],
        [
            29,
            31
        ],
        [
            29,
            34
        ],
        [
            31,
            36
        ],
        [
            31,
            37
        ],
        [
            37,
            38
        ],
        [
            37,
            39
        ]
    ]
}