{
    "total_node_number": 40,
    "probability_of_edge": 0.1,
    "time": {
        "request": 27999.0,
        "reply": 3000.5,
        "forwarding": 2000.0
    },
    "request_message_count": 162,
    "route": [
        {
            "name": "Shortest Path",
            "route_node_count": 6,
            "route": [
                0,
                31,
                15,
                16,
                18,
                39
            ]
        },
        {
            "name": "DSRAlgorithm Path",
            "route_node_count": 6,
            "route": [
                0,
                31,
                15,
                28,
                13,
                39
            ]
        }
    ],
    "edges": [
        [
            0,
            9
        ],
        [
            0,
            31
        ],
        [
            0,
            33
        ],
        [
            1,
            10
        ],
        [
            1,
            24
        ],
        [
            1,
            31
        ],
        [
            1,
            35
        ],
        [
            2,
            7
        ],
        [
            2,
            8
        ],
        [
            2,
            20
        ],
        [
            2,
            24
        ],
        [
            2,
            26
        ],
        [
            2,
            30
        ],
        [
            3,
            5
        ],
        [
            3,
            17
        ],
        [
            3,
            28
        ],
        [
            3,
            33
        ],
        [
            4,
            10
        ],
        [
            5,
            7
        ],
        [
            5,
            13
        ],
        [
            6,
            12
        ],
        [
            6,
            23
        ],
        [
            6,
            34
        ],
        [
            7,
            23
        ],
        [
            7,
            25
        ],
        [
            7,
            26
        ],
        [
            7,
            34
        ],
        [
            8,
            11
        ],
        [
            8,
            12
        ],
        [
            8,
            17
        ],
        [
            8,
            28
        ],
        [
            9,
            17
        ],
        [
            10,
            11
        ],
        [
            10,
            28
        ],
        [
            10,
            36
        ],
        [
            11,
            19
        ],
        [
            11,
            22
        ],
        [
            11,
            28
        ],
        [
            11,
            29
        ],
        [
            11,
            32
        ],
        [
            12,
            18
        ],
        [
            12,
            35
        ],
        [
            13,
            28
        ],
        [
            13,
            29
        ],
        [
            13,
            32
        ],
        [
            13,
            39
        ],
        [
            14,
            28
        ],
        [
            15,
            16
        ],
        [
            15,
            19
        ],
        [
            15,
            20
        ],
        [
            15,
            25
        ],
        [
            15,
            28
        ],
        [
            15,
            31
        ],
        [
            15,
            33
        ],
        [
            15,
            34
        ],
        [
            16,
            18
        ],
        [
            16,
            36
        ],
        [
            17,
            20
        ],
        [
            17,
            24
        ],
        [
            18,
            22
        ],
        [
            18,
            29
        ],
        [
            18,
            39
        ],
        [
            19,
            27
        ],
        [
            19,
            34
        ],
        [
            20,
            21
        ],
        [
            20,
            27
        ],
        [
            21,
            30
        ],
        [
            22,
            30
        ],
        [
            22,
            38
        ],
        [
            23,
            28
        ],
        [
            23,
            38
        ],
        [
            24,
            26
        ],
        [
            24,
            28
        ],
        [
            24,
            31
        ],
        [
            25,
            29
        ],
        [
            25,
            33
        ],
        [
            29,
            34
        ],
        [
            29,
            38
        ],
        [
            31,
            33
        ],
        [
            32,
            36
        ],
        [
            33,
            35
        ],
        [
            35,
            37
        ]
    ]
}