{
    "total_node_number": 40,
    "probability_of_edge": 0.1,
    "time": {
        "request": 30000.75,
        "reply": 3000.25,
        "forwarding": 1997.5
    },
    "request_message_count": 166,
    "route": [
        {
            "name": "Shortest Path",
            "route_node_count": 6,
            "route": [
                0,
                12,
                26,
                6,
                9,
                39
            ]
        },
        {
            "name": "DSRAlgorithm Path",
            "route_node_count": 6,
            "route": [
                0,
                12,
                31,
                11,
                28,
                39
            ]
        }
    ],
    "edges": [
        [
            0,
            1
        ],
        [
            0,
            12
        ],
        [
            0,
            20
        ],
        [
            0,
            29
        ],
        [
            1,
            4
        ],
        [
            1,
            27
        ],
        [
            1,
            37
        ],
        [
            2,
            5
        ],
        [
            2,
            14
        ],
        [
            2,
            15
        ],
        [
            2,
            23
        ],
        [
            3,
            4
        ],
        [
            3,
            8
        ],
        [
            3,
            18
        ],
        [
            3,
            26
        ],
        [
            3,
            33
        ],
        [
            3,
            38
        ],
        [
            4,
            19
        ],
        [
            4,
            24
        ],
        [
            4,
            37
        ],
        [
            5,
            11
        ],
        [
            5,
            19
        ],
        [
            5,
            22
        ],
        [
            5,
            23
        ],
        [
            6,
            9
        ],
        [
            6,
            17
        ],
        [
            6,
            26
        ],
        [
            6,
            28
        ],
        [
            7,
            9
        ],
        [
            7,
            23
        ],
        [
            7,
            31
        ],
        [
            7,
            36
        ],
        [
            7,
            37
        ],
        [
            8,
            21
        ],
        [
            8,
            23
        ],
        [
            8,
            29
        ],
        [
            8,
            31
        ],
        [
            9,
            22
        ],
        [
            9,
            39
        ],
        [
            10,
            12
        ],
        [
            10,
            21
        ],
        [
            10,
            30
        ],
        [
            11,
            16
        ],
        [
            11,
            21
        ],
        [
            11,
            28
        ],
        [
            11,
            31
        ],
        [
            11,
            33
        ],
        [
            12,
            19
        ],
        [
            12,
            21
        ],
        [
            12,
            26
        ],
        [
            12,
            31
        ],
        [
            13,
            31
        ],
        [
            14,
            35
        ],
        [
            15,
            18
        ],
        [
            16,
            19
        ],
        [
            16,
            23
        ],
        [
            16,
            28
        ],
        [
            16,
            35
        ],
        [
            17,
            27
        ],
        [
            18,
            30
        ],
        [
            19,
            20
        ],
        [
            19,
            32
        ],
        [
            19,
            34
        ],
        [
            19,
            37
        ],
        [
            20,
            30
        ],
        [
            20,
            37
        ],
        [
            21,
            34
        ],
        [
            21,
            37
        ],
        [
            22,
            33
        ],
        [
            23,
            27
        ],
        [
            23,
            37
        ],
        [
            25,
            33
        ],
        [
            26,
            27
        ],
        [
            26,
            32
        ],
        [
            27,
            32
        ],
        [
            27,
            35
        ],
        [
            27,
            37
        ],
        [
            28,
            39
        ],
        [
            29,
            36
        ],
        [
            30,
            33
        ],
        [
            30,
            37
        ],
        [
            32,
            33
        ],
        [
            32,
            34
        ],
        [
            32,
            36
        ]
    ]
}