{
    "total_node_number": 40,
    "probability_of_edge": 0.1,
    "time": {
        "request": 30000.5,
        "reply": 1999.25,
        "forwarding": 1022.0
    },
    "request_message_count": 174,
    "route": [
        {
            "name": "Shortest Path",
            "route_node_count": 5,
            "route": [
                0,
                14,
                8,
                15,
                39
            ]
        },
        {
            "name": "DSRAlgorithm Path",
            "route_node_count": 5,
            "route": [
                0,
                14,
                8,
                15,
                39
            ]
        }
    ],
    "edges": [
        [
            0,
            10
        ],
        [
            0,
            14
        ],
        [
            1,
            17
        ],
        [
            1,
            27
        ],
        [
            2,
            8
        ],
        [
            2,
            10
        ],
        [
            2,
            23
        ],
        [
            2,
            30
        ],
        [
            2,
            35
        ],
        [
            2,
            37
        ],
        [
            3,
            5
        ],
        [
            3,
            9
        ],
        [
            3,
            10
        ],
        [
            3,
            11
        ],
        [
            3,
            14
        ],
        [
            3,
            19
        ],
        [
            3,
            20
        ],
        [
            3,
            25
        ],
        [
            3,
            38
        ],
        [
            4,
            6
        ],
        [
            4,
            20
        ],
        [
            4,
            26
        ],
        [
            5,
            6
        ],
        [
            5,
            7
        ],
        [
            5,
            8
        ],
        [
            5,
            13
        ],
        [
            5,
            21
        ],
        [
            5,
            31
        ],
        [
            6,
            16
        ],
        [
            6,
            32
        ],
        [
            7,
            8
        ],
        [
            7,
            12
        ],
        [
            7,
            13
        ],
        [
            7,
            16
        ],
        [
            7,
            31
        ],
        [
            8,
            12
        ],
        [
            8,
            14
        ],
        [
            8,
            15
        ],
        [
            8,
            26
        ],
        [
            9,
            26
        ],
        [
            11,
            25
        ],
        [
            11,
            29
        ],
        [
            11,
            33
        ],
        [
            12,
            14
        ],
        [
            12,
            15
        ],
        [
            12,
            30
        ],
        [
            13,
            15
        ],
        [
            13,
            27
        ],
        [
            13,
            30
        ],
        [
            13,
            36
        ],
        [
            14,
            29
        ],
        [
            15,
            18
        ],
        [
            15,
            39
        ],
        [
            16,
            20
        ],
        [
            17,
            18
        ],
        [
            17,
            21
        ],
        [
            17,
            32
        ],
        [
            17,
            37
        ],
        [
            18,
            26
        ],
        [
            18,
            31
        ],
        [
            19,
            20
        ],
        [
            19,
            21
        ],
        [
            19,
            23
        ],
        [
            20,
            21
        ],
        [
            20,
            28
        ],
        [
            21,
            22
        ],
        [
            21,
            29
        ],
        [
            22,
            30
        ],
        [
            22,
            32
        ],
        [
            22,
            39
        ],
        [
            23,
            24
        ],
        [
            23,
            26
        ],
        [
            23,
            32
        ],
        [
            23,
            34
        ],
        [
            24,
            29
        ],
        [
            26,
            27
        ],
        [
            26,
            32
        ],
        [
            27,
            33
        ],
        [
            27,
            36
        ],
        [
            27,
            37
        ],
        [
            28,
            30
        ],
        [
            28,
            37
        ],
        [
            29,
            30
        ],
        [
            29,
            34
        ],
        [
            29,
            36
        ],
        [
            31,
            33
        ],
        [
            31,
            35
        ],
        [
            37,
            38
        ]
    ]
}