{
    "total_node_number": 30,
    "probability_of_edge": 0.2,
    "time": {
        "request": 6999.75,
        "reply": 23002.25,
        "forwarding": 0.0
    },
    "request_message_count": 166,
    "route": [
        {
            "name": "Shortest Path",
            "route_node_count": 3,
            "route": [
                0,
                19,
                29
            ]
        },
        {
            "name": "DSRAlgorithm Path",
            "route_node_count": 3,
            "route": [
                0,
                26,
                29
            ]
        }
    ],
    "edges": [
        [
            0,
            6
        ],
        [
            0,
            7
        ],
        [
            0,
            12
        ],
        [
            0,
            19
        ],
        [
            0,
            20
        ],
        [
            0,
            26
        ],
        [
            0,
            27
        ],
        [
            1,
            3
        ],
        [
            1,
            7
        ],
        [
            1,
            8
        ],
        [
            1,
            23
        ],
        [
            1,
            27
        ],
        [
            2,
            7
        ],
        [
            2,
            11
        ],
        [
            2,
            18
        ],
        [
            2,
            23
        ],
        [
            3,
            6
        ],
        [
            3,
            11
        ],
        [
            3,
            18
        ],
        [
            3,
            20
        ],
        [
            4,
            10
        ],
        [
            4,
            16
        ],
        [
            4,
            25
        ],
        [
            4,
            28
        ],
        [
            4,
            29
        ],
        [
            5,
            8
        ],
        [
            5,
            12
        ],
        [
            5,
            13
        ],
        [
            5,
            16
        ],
        [
            5,
            27
        ],
        [
            6,
            12
        ],
        [
            6,
            13
        ],
        [
            6,
            17
        ],
        [
            6,
            21
        ],
        [
            6,
            26
        ],
        [
            7,
            8
        ],
        [
            7,
            16
        ],
        [
            7,
            18
        ],
        [
            7,
            20
        ],
        [
            7,
            21
        ],
        [
            8,
            10
        ],
        [
            8,
            11
        ],
        [
            8,
            15
        ],
        [
            8,
            16
        ],
        [
            8,
            18
        ],
        [
            8,
            20
        ],
        [
            8,
            24
        ],
        [
            9,
            15
        ],
        [
            9,
            23
        ],
        [
            9,
            26
        ],
        [
            10,
            12
        ],
        [
            10,
            15
        ],
        [
            10,
            22
        ],
        [
            11,
            14
        ],
        [
            11,
            18
        ],
        [
            11,
            24
        ],
        [
            11,
            25
        ],
        [
            11,
            29
        ],
        [
            12,
            27
        ],
        [
            13,
            15
        ],
        [
            13,
            25
        ],
        [
            13,
            29
        ],
        [
            14,
            20
        ],
        [
            14,
            21
        ],
        [
            14,
            24
        ],
        [
            14,
            27
        ],
        [
            15,
            16
        ],
        [
            15,
            18
        ],
        [
            15,
            29
        ],
        [
            17,
            18
        ],
        [
            17,
            19
        ],
        [
            17,
            25
        ],
        [
            17,
            27
        ],
        [
            18,
            20
        ],
        [
            18,
            27
        ],
        [
            19,
            25
        ],
        [
            19,
            29
        ],
        [
            20,
            21
        ],
        [
            20,
            22
        ],
        [
            20,
            27
        ],
        [
            21,
            25
        ],
        [
            21,
            28
        ],
        [
            22,
            27
        ],
        [
            23,
            24
        ],
        [
            25,
            28
        ],
        [
            26,
            29
        ]
    ]
}