{
    "total_node_number": 40,
    "probability_of_edge": 0.15,
    "time": {
        "request": 12999.25,
        "reply": 28996.5,
        "forwarding": 0.0
    },
    "request_message_count": 233,
    "route": [
        {
            "name": "Shortest Path",
            "route_node_count": 3,
            "route": [
                0,
                9,
                39
            ]
        },
        {
            "name": "DSRAlgorithm Path",
            "route_node_count": 3,
            "route": [
                0,
                16,
                39
            ]
        }
    ],
    "edges": [
        [
            0,
            3
        ],
        [
            0,
            9
        ],
        [
            0,
            10
        ],
        [
            0,
            16
        ],
        [
            0,
            28
        ],
        [
            0,
            30
        ],
        [
            0,
            38
        ],
        [
            1,
            14
        ],
        [
            1,
            20
        ],
        [
            1,
            21
        ],
        [
            1,
            27
        ],
        [
            1,
            32
        ],
        [
            2,
            4
        ],
        [
            2,
            7
        ],
        [
            2,
            15
        ],
        [
            2,
            23
        ],
        [
            2,
            36
        ],
        [
            3,
            5
        ],
        [
            3,
            10
        ],
        [
            3,
            17
        ],
        [
            3,
            26
        ],
        [
            3,
            29
        ],
        [
            3,
            30
        ],
        [
            3,
            36
        ],
        [
            4,
            8
        ],
        [
            4,
            15
        ],
        [
            4,
            20
        ],
        [
            4,
            22
        ],
        [
            4,
            23
        ],
        [
            4,
            24
        ],
        [
            4,
            29
        ],
        [
            4,
            39
        ],
        [
            5,
            6
        ],
        [
            5,
            7
        ],
        [
            5,
            9
        ],
        [
            5,
            10
        ],
        [
            5,
            11
        ],
        [
            5,
            34
        ],
        [
            5,
            36
        ],
        [
            5,
            38
        ],
        [
            6,
            11
        ],
        [
            6,
            13
        ],
        [
            6,
            14
        ],
        [
            6,
            19
        ],
        [
            6,
            26
        ],
        [
            6,
            33
        ],
        [
            6,
            36
        ],
        [
            7,
            11
        ],
        [
            7,
            19
        ],
        [
            7,
            37
        ],
        [
            8,
            15
        ],
        [
            8,
            17
        ],
        [
            8,
            23
        ],
        [
            8,
            34
        ],
        [
            9,
            13
        ],
        [
            9,
            15
        ],
        [
            9,
            18
        ],
        [
            9,
            20
        ],
        [
            9,
            22
        ],
        [
            9,
            33
        ],
        [
            9,
            34
        ],
        [
            9,
            37
        ],
        [
            9,
            39
        ],
        [
            10,
            28
        ],
        [
            10,
            35
        ],
        [
            10,
            36
        ],
        [
            11,
            35
        ],
        [
            11,
            39
        ],
        [
            12,
            26
        ],
        [
            12,
            34
        ],
        [
            13,
            15
        ],
        [
            13,
            29
        ],
        [
            13,
            37
        ],
        [
            14,
            27
        ],
        [
            14,
            30
        ],
        [
            14,
            33
        ],
        [
            15,
            17
        ],
        [
            15,
            25
        ],
        [
            15,
            27
        ],
        [
            15,
            28
        ],
        [
            15,
            31
        ],
        [
            15,
            34
        ],
        [
            16,
            19
        ],
        [
            16,
            25
        ],
        [
            16,
            27
        ],
        [
            16,
            30
        ],
        [
            16,
            33
        ],
        [
            16,
            35
        ],
        [
            16,
            39
        ],
        [
            17,
            22
        ],
        [
            17,
            26
        ],
        [
            17,
            31
        ],
        [
            18,
            27
        ],
        [
            18,
            39
        ],
        [
            19,
            34
        ],
        [
            20,
            21
        ],
        [
            20,
            23
        ],
        [
            20,
            30
        ],
        [
            21,
            26
        ],
        [
            21,
            27
        ],
        [
            21,
            34
        ],
        [
            22,
            28
        ],
        [
            22,
            32
        ],
        [
            22,
            36
        ],
        [
            23,
            26
        ],
        [
            23,
            31
        ],
        [
            23,
            33
        ],
        [
            23,
            39
        ],
        [
            24,
            34
        ],
        [
            26,
            39
        ],
        [
            27,
            30
        ],
        [
            27,
            38
        ],
        [
            28,
            35
        ],
        [
            29,
            38
        ],
        [
            29,
            39
        ],
        [
            30,
            34
        ],
        [
            32,
            35
        ],
        [
            33,
            35
        ],
        [
            35,
            38
        ],
        [
            36,
            37
        ],
        [
            36,
            39
        ]
    ]
}