{
    "total_node_number": 40,
    "probability_of_edge": 0.1,
    "time": {
        "request": 11001.25,
        "reply": 19999.25,
        "forwarding": 1003.0
    },
    "request_message_count": 166,
    "route": [
        {
            "name": "Shortest Path",
            "route_node_count": 4,
            "route": [
                0,
                18,
                21,
                39
            ]
        },
        {
            "name": "DSRAlgorithm Path",
            "route_node_count": 4,
            "route": [
                0,
                18,
                21,
                39
            ]
        }
    ],
    "edges": [
        [
            0,
            1
        ],
        [
            0,
            18
        ],
        [
            1,
            7
        ],
        [
            1,
            11
        ],
        [
            1,
            32
        ],
        [
            1,
            34
        ],
        [
            2,
            15
        ],
        [
            2,
            16
        ],
        [
            2,
            35
        ],
        [
            3,
            4
        ],
        [
            3,
            22
        ],
        [
            3,
            25
        ],
        [
            3,
            27
        ],
        [
            3,
            35
        ],
        [
            4,
            26
        ],
        [
            4,
            33
        ],
        [
            4,
            35
        ],
        [
            5,
            10
        ],
        [
            5,
            12
        ],
        [
            5,
            25
        ],
        [
            5,
            28
        ],
        [
            5,
            36
        ],
        [
            6,
            15
        ],
        [
            7,
            9
        ],
        [
            7,
            24
        ],
        [
            8,
            16
        ],
        [
            8,
            23
        ],
        [
            8,
            25
        ],
        [
            8,
            29
        ],
        [
            8,
            32
        ],
        [
            8,
            34
        ],
        [
            9,
            16
        ],
        [
            9,
            24
        ],
        [
            10,
            21
        ],
        [
            10,
            23
        ],
        [
            10,
            32
        ],
        [
            10,
            33
        ],
        [
            11,
            22
        ],
        [
            11,
            36
        ],
        [
            12,
            29
        ],
        [
            12,
            33
        ],
        [
            13,
            21
        ],
        [
            13,
            22
        ],
        [
            13,
            25
        ],
        [
            13,
            28
        ],
        [
            13,
            31
        ],
        [
            13,
            34
        ],
        [
            14,
            24
        ],
        [
            14,
            25
        ],
        [
            14,
            32
        ],
        [
            15,
            19
        ],
        [
            15,
            25
        ],
        [
            15,
            30
        ],
        [
            16,
            24
        ],
        [
            16,
            25
        ],
        [
            16,
            27
        ],
        [
            16,
            29
        ],
        [
            17,
            28
        ],
        [
            17,
            33
        ],
        [
            17,
            35
        ],
        [
            17,
            36
        ],
        [
            17,
            39
        ],
        [
            18,
            21
        ],
        [
            18,
            33
        ],
        [
            19,
            30
        ],
        [
            19,
            33
        ],
        [
            20,
            32
        ],
        [
            21,
            22
        ],
        [
            21,
            35
        ],
        [
            21,
            38
        ],
        [
            21,
            39
        ],
        [
            22,
            26
        ],
        [
            22,
            27
        ],
        [
            24,
            28
        ],
        [
            25,
            29
        ],
        [
            26,
            34
        ],
        [
            26,
            37
        ],
        [
            28,
            31
        ],
        [
            28,
            36
        ],
        [
            29,
            31
        ],
        [
            29,
            38
        ],
        [
            31,
            38
        ],
        [
            34,
            36
        ],
        [
            35,
            37
        ]
    ]
}