{
    "total_node_number": 40,
    "probability_of_edge": 0.15,
    "time": {
        "request": 21977.5,
        "reply": 15998.5,
        "forwarding": 1000.25
    },
    "request_message_count": 213,
    "route": [
        {
            "name": "Shortest Path",
            "route_node_count": 4,
            "route": [
                0,
                1,
                23,
                39
            ]
        },
        {
            "name": "DSRAlgorithm Path",
            "route_node_count": 4,
            "route": [
                0,
                2,
                28,
                39
            ]
        }
    ],
    "edges": [
        [
            0,
            1
        ],
        [
            0,
            2
        ],
        [
            0,
            10
        ],
        [
            0,
            15
        ],
        [
            0,
            36
        ],
        [
            1,
            6
        ],
        [
            1,
            11
        ],
        [
            1,
            14
        ],
        [
            1,
            23
        ],
        [
            1,
            30
        ],
        [
            1,
            32
        ],
        [
            1,
            35
        ],
        [
            1,
            36
        ],
        [
            1,
            38
        ],
        [
            2,
            6
        ],
        [
            2,
            8
        ],
        [
            2,
            17
        ],
        [
            2,
            28
        ],
        [
            2,
            32
        ],
        [
            2,
            36
        ],
        [
            3,
            5
        ],
        [
            3,
            8
        ],
        [
            3,
            28
        ],
        [
            3,
            33
        ],
        [
            3,
            35
        ],
        [
            3,
            38
        ],
        [
            4,
            6
        ],
        [
            4,
            15
        ],
        [
            4,
            17
        ],
        [
            4,
            35
        ],
        [
            5,
            16
        ],
        [
            5,
            25
        ],
        [
            5,
            27
        ],
        [
            5,
            33
        ],
        [
            6,
            8
        ],
        [
            6,
            10
        ],
        [
            6,
            19
        ],
        [
            6,
            26
        ],
        [
            6,
            28
        ],
        [
            6,
            35
        ],
        [
            7,
            17
        ],
        [
            7,
            21
        ],
        [
            7,
            23
        ],
        [
            7,
            25
        ],
        [
            7,
            28
        ],
        [
            7,
            35
        ],
        [
            8,
            10
        ],
        [
            8,
            12
        ],
        [
            8,
            19
        ],
        [
            8,
            25
        ],
        [
            8,
            27
        ],
        [
            8,
            32
        ],
        [
            9,
            10
        ],
        [
            9,
            22
        ],
        [
            10,
            18
        ],
        [
            10,
            24
        ],
        [
            11,
            15
        ],
        [
            11,
            16
        ],
        [
            11,
            21
        ],
        [
            11,
            24
        ],
        [
            11,
            26
        ],
        [
            11,
            29
        ],
        [
            12,
            21
        ],
        [
            12,
            31
        ],
        [
            13,
            17
        ],
        [
            13,
            19
        ],
        [
            13,
            39
        ],
        [
            14,
            18
        ],
        [
            15,
            26
        ],
        [
            15,
            31
        ],
        [
            15,
            35
        ],
        [
            16,
            23
        ],
        [
            16,
            25
        ],
        [
            16,
            36
        ],
        [
            17,
            29
        ],
        [
            17,
            30
        ],
        [
            18,
            27
        ],
        [
            18,
            30
        ],
        [
            18,
            34
        ],
        [
            18,
            37
        ],
        [
            19,
            24
        ],
        [
            19,
            38
        ],
        [
            19,
            39
        ],
        [
            20,
            21
        ],
        [
            20,
            22
        ],
        [
            20,
            39
        ],
        [
            21,
            24
        ],
        [
            21,
            27
        ],
        [
            21,
            31
        ],
        [
            21,
            39
        ],
        [
            22,
            26
        ],
        [
            22,
            31
        ],
        [
            23,
            33
        ],
        [
            23,
            39
        ],
        [
            24,
            25
        ],
        [
            24,
            34
        ],
        [
            25,
            30
        ],
        [
            25,
            36
        ],
        [
            26,
            31
        ],
        [
            26,
            33
        ],
        [
            28,
            29
        ],
        [
            28,
            30
        ],
        [
            28,
            39
        ],
        [
            29,
            32
        ],
        [
            29,
            38
        ],
        [
            29,
            39
        ],
        [
            34,
            36
        ],
        [
            34,
            37
        ],
        [
            35,
            37
        ],
        [
            36,
            38
        ]
    ]
}