{
    "total_node_number": 40,
    "probability_of_edge": 0.1,
    "time": {
        "request": 7999.75,
        "reply": 23000.0,
        "forwarding": 1000.5
    },
    "request_message_count": 169,
    "route": [
        {
            "name": "Shortest Path",
            "route_node_count": 4,
            "route": [
                0,
                24,
                6,
                39
            ]
        },
        {
            "name": "DSRAlgorithm Path",
            "route_node_count": 4,
            "route": [
                0,
                24,
                6,
                39
            ]
        }
    ],
    "edges": [
        [
            0,
            24
        ],
        [
            0,
            36
        ],
        [
            1,
            10
        ],
        [
            1,
            26
        ],
        [
            1,
            31
        ],
        [
            2,
            4
        ],
        [
            2,
            18
        ],
        [
            2,
            22
        ],
        [
            2,
            29
        ],
        [
            3,
            5
        ],
        [
            3,
            7
        ],
        [
            3,
            9
        ],
        [
            3,
            11
        ],
        [
            3,
            17
        ],
        [
            3,
            21
        ],
        [
            3,
            32
        ],
        [
            3,
            37
        ],
        [
            3,
            38
        ],
        [
            4,
            21
        ],
        [
            4,
            24
        ],
        [
            4,
            27
        ],
        [
            4,
            36
        ],
        [
            5,
            32
        ],
        [
            5,
            37
        ],
        [
            5,
            39
        ],
        [
            6,
            24
        ],
        [
            6,
            39
        ],
        [
            8,
            11
        ],
        [
            8,
            12
        ],
        [
            8,
            27
        ],
        [
            8,
            31
        ],
        [
            9,
            11
        ],
        [
            9,
            15
        ],
        [
            9,
            19
        ],
        [
            9,
            29
        ],
        [
            9,
            38
        ],
        [
            9,
            39
        ],
        [
            10,
            19
        ],
        [
            10,
            34
        ],
        [
            10,
            37
        ],
        [
            10,
            38
        ],
        [
            10,
            39
        ],
        [
            11,
            21
        ],
        [
            11,
            29
        ],
        [
            11,
            32
        ],
        [
            11,
            33
        ],
        [
            11,
            36
        ],
        [
            11,
            38
        ],
        [
            12,
            19
        ],
        [
            12,
            29
        ],
        [
            12,
            31
        ],
        [
            13,
            26
        ],
        [
            13,
            29
        ],
        [
            14,
            20
        ],
        [
            14,
            22
        ],
        [
            14,
            23
        ],
        [
            14,
            24
        ],
        [
            14,
            25
        ],
        [
            14,
            33
        ],
        [
            14,
            36
        ],
        [
            15,
            20
        ],
        [
            16,
            31
        ],
        [
            17,
            19
        ],
        [
            17,
            24
        ],
        [
            17,
            25
        ],
        [
            18,
            20
        ],
        [
            18,
            23
        ],
        [
            19,
            26
        ],
        [
            20,
            30
        ],
        [
            20,
            38
        ],
        [
            21,
            26
        ],
        [
            21,
            28
        ],
        [
            21,
            34
        ],
        [
            22,
            23
        ],
        [
            22,
            37
        ],
        [
            22,
            39
        ],
        [
            23,
            27
        ],
        [
            23,
            38
        ],
        [
            24,
            30
        ],
        [
            24,
            32
        ],
        [
            24,
            33
        ],
        [
            26,
            27
        ],
        [
            26,
            38
        ],
        [
            26,
            39
        ],
        [
            27,
            28
        ],
        [
            28,
            35
        ],
        [
            31,
            37
        ],
        [
            31,
            39
        ]
    ]
}