{
    "total_node_number": 30,
    "probability_of_edge": 0.2,
    "time": {
        "request": 14000.0,
        "reply": 11999.75,
        "forwarding": 1000.75
    },
    "request_message_count": 157,
    "route": [
        {
            "name": "Shortest Path",
            "route_node_count": 4,
            "route": [
                0,
                4,
                8,
                29
            ]
        },
        {
            "name": "DSRAlgorithm Path",
            "route_node_count": 4,
            "route": [
                0,
                19,
                8,
                29
            ]
        }
    ],
    "edges": [
        [
            0,
            4
        ],
        [
            0,
            12
        ],
        [
            0,
            14
        ],
        [
            0,
            18
        ],
        [
            0,
            19
        ],
        [
            1,
            4
        ],
        [
            1,
            21
        ],
        [
            1,
            23
        ],
        [
            1,
            26
        ],
        [
            2,
            3
        ],
        [
            2,
            6
        ],
        [
            2,
            16
        ],
        [
            2,
            28
        ],
        [
            3,
            9
        ],
        [
            3,
            27
        ],
        [
            3,
            28
        ],
        [
            4,
            8
        ],
        [
            4,
            10
        ],
        [
            4,
            12
        ],
        [
            4,
            16
        ],
        [
            4,
            25
        ],
        [
            4,
            26
        ],
        [
            5,
            10
        ],
        [
            5,
            17
        ],
        [
            5,
            25
        ],
        [
            5,
            28
        ],
        [
            5,
            29
        ],
        [
            6,
            7
        ],
        [
            6,
            8
        ],
        [
            6,
            10
        ],
        [
            6,
            24
        ],
        [
            7,
            14
        ],
        [
            7,
            18
        ],
        [
            7,
            20
        ],
        [
            7,
            21
        ],
        [
            7,
            23
        ],
        [
            8,
            11
        ],
        [
            8,
            13
        ],
        [
            8,
            18
        ],
        [
            8,
            19
        ],
        [
            8,
            20
        ],
        [
            8,
            21
        ],
        [
            8,
            23
        ],
        [
            8,
            25
        ],
        [
            8,
            29
        ],
        [
            9,
            13
        ],
        [
            9,
            19
        ],
        [
            9,
            22
        ],
        [
            10,
            13
        ],
        [
            10,
            21
        ],
        [
            10,
            22
        ],
        [
            11,
            16
        ],
        [
            11,
            18
        ],
        [
            12,
            20
        ],
        [
            12,
            22
        ],
        [
            12,
            25
        ],
        [
            13,
            14
        ],
        [
            13,
            18
        ],
        [
            13,
            19
        ],
        [
            13,
            25
        ],
        [
            13,
            26
        ],
        [
            13,
            28
        ],
        [
            14,
            16
        ],
        [
            14,
            21
        ],
        [
            15,
            17
        ],
        [
            15,
            20
        ],
        [
            15,
            24
        ],
        [
            15,
            25
        ],
        [
            16,
            17
        ],
        [
            16,
            20
        ],
        [
            18,
            21
        ],
        [
            18,
            22
        ],
        [
            18,
            24
        ],
        [
            20,
            21
        ],
        [
            20,
            25
        ],
        [
            20,
            28
        ],
        [
            22,
            23
        ],
        [
            23,
            24
        ],
        [
            23,
            26
        ],
        [
            25,
            29
        ]
    ]
}