{
    "total_node_number": 30,
    "probability_of_edge": 0.2,
    "time": {
        "request": 22989.75,
        "reply": 14000.5,
        "forwarding": 0.0
    },
    "request_message_count": 168,
    "route": [
        {
            "name": "Shortest Path",
            "route_node_count": 3,
            "route": [
                0,
                16,
                29
            ]
        },
        {
            "name": "DSRAlgorithm Path",
            "route_node_count": 3,
            "route": [
                0,
                17,
                29
            ]
        }
    ],
    "edges": [
        [
            0,
            7
        ],
        [
            0,
            10
        ],
        [
            0,
            12
        ],
        [
            0,
            16
        ],
        [
            0,
            17
        ],
        [
            0,
            27
        ],
        [
            1,
            20
        ],
        [
            1,
            26
        ],
        [
            1,
            27
        ],
        [
            1,
            28
        ],
        [
            1,
            29
        ],
        [
            2,
            12
        ],
        [
            2,
            15
        ],
        [
            2,
            24
        ],
        [
            2,
            25
        ],
        [
            2,
            28
        ],
        [
            3,
            4
        ],
        [
            3,
            28
        ],
        [
            4,
            6
        ],
        [
            4,
            20
        ],
        [
            4,
            26
        ],
        [
            4,
            27
        ],
        [
            5,
            10
        ],
        [
            5,
            11
        ],
        [
            5,
            14
        ],
        [
            6,
            11
        ],
        [
            6,
            19
        ],
        [
            6,
            26
        ],
        [
            7,
            8
        ],
        [
            7,
            11
        ],
        [
            7,
            15
        ],
        [
            7,
            18
        ],
        [
            7,
            19
        ],
        [
            7,
            27
        ],
        [
            8,
            11
        ],
        [
            8,
            13
        ],
        [
            8,
            17
        ],
        [
            9,
            10
        ],
        [
            9,
            14
        ],
        [
            9,
            16
        ],
        [
            9,
            23
        ],
        [
            10,
            16
        ],
        [
            10,
            17
        ],
        [
            10,
            18
        ],
        [
            10,
            20
        ],
        [
            10,
            24
        ],
        [
            10,
            25
        ],
        [
            10,
            26
        ],
        [
            10,
            28
        ],
        [
            11,
            16
        ],
        [
            12,
            18
        ],
        [
            12,
            21
        ],
        [
            12,
            27
        ],
        [
            12,
            28
        ],
        [
            13,
            15
        ],
        [
            13,
            16
        ],
        [
            13,
            23
        ],
        [
            13,
            25
        ],
        [
            13,
            26
        ],
        [
            14,
            18
        ],
        [
            14,
            19
        ],
        [
            14,
            20
        ],
        [
            14,
            21
        ],
        [
            14,
            22
        ],
        [
            14,
            26
        ],
        [
            14,
            28
        ],
        [
            15,
            18
        ],
        [
            15,
            21
        ],
        [
            15,
            22
        ],
        [
            15,
            23
        ],
        [
            16,
            28
        ],
        [
            16,
            29
        ],
        [
            17,
            21
        ],
        [
            17,
            29
        ],
        [
            19,
            24
        ],
        [
            19,
            28
        ],
        [
            19,
            29
        ],
        [
            20,
            22
        ],
        [
            20,
            24
        ],
        [
            21,
            23
        ],
        [
            21,
            27
        ],
        [
            22,
            28
        ],
        [
            24,
            28
        ],
        [
            24,
            29
        ],
        [
            25,
            26
        ],
        [
            26,
            28
        ],
        [
            28,
            29
        ]
    ]
}