{
    "total_node_number": 40,
    "probability_of_edge": 0.1,
    "time": {
        "request": 1990.75,
        "reply": 6999.75,
        "forwarding": 13000.5
    },
    "request_message_count": 166,
    "route": [
        {
            "name": "Shortest Path",
            "route_node_count": 2,
            "route": [
                0,
                39
            ]
        },
        {
            "name": "DSRAlgorithm Path",
            "route_node_count": 2,
            "route": [
                0,
                39
            ]
        }
    ],
    "edges": [
        [
            0,
            7
        ],
        [
            0,
            22
        ],
        [
            0,
            24
        ],
        [
            0,
            29
        ],
        [
            0,
            38
        ],
        [
            0,
            39
        ],
        [
            1,
            7
        ],
        [
            1,
            8
        ],
        [
            1,
            18
        ],
        [
            1,
            19
        ],
        [
            2,
            3
        ],
        [
            2,
            10
        ],
        [
            2,
            21
        ],
        [
            2,
            23
        ],
        [
            2,
            38
        ],
        [
            3,
            9
        ],
        [
            3,
            10
        ],
        [
            3,
            13
        ],
        [
            3,
            19
        ],
        [
            3,
            28
        ],
        [
            3,
            31
        ],
        [
            3,
            32
        ],
        [
            3,
            34
        ],
        [
            4,
            13
        ],
        [
            4,
            19
        ],
        [
            4,
            23
        ],
        [
            4,
            32
        ],
        [
            5,
            6
        ],
        [
            5,
            21
        ],
        [
            5,
            22
        ],
        [
            5,
            24
        ],
        [
            5,
            28
        ],
        [
            5,
            31
        ],
        [
            6,
            7
        ],
        [
            6,
            14
        ],
        [
            6,
            17
        ],
        [
            6,
            18
        ],
        [
            6,
            23
        ],
        [
            6,
            28
        ],
        [
            6,
            29
        ],
        [
            7,
            16
        ],
        [
            7,
            33
        ],
        [
            7,
            36
        ],
        [
            8,
            25
        ],
        [
            8,
            36
        ],
        [
            8,
            37
        ],
        [
            10,
            23
        ],
        [
            11,
            19
        ],
        [
            11,
            21
        ],
        [
            12,
            35
        ],
        [
            12,
            37
        ],
        [
            12,
            39
        ],
        [
            13,
            24
        ],
        [
            13,
            29
        ],
        [
            14,
            18
        ],
        [
            14,
            20
        ],
        [
            14,
            21
        ],
        [
            14,
            31
        ],
        [
            14,
            39
        ],
        [
            15,
            20
        ],
        [
            15,
            29
        ],
        [
            15,
            33
        ],
        [
            16,
            30
        ],
        [
            16,
            37
        ],
        [
            17,
            37
        ],
        [
            18,
            37
        ],
        [
            19,
            20
        ],
        [
            19,
            26
        ],
        [
            19,
            28
        ],
        [
            19,
            33
        ],
        [
            20,
            31
        ],
        [
            21,
            23
        ],
        [
            22,
            23
        ],
        [
            22,
            35
        ],
        [
            23,
            37
        ],
        [
            24,
            29
        ],
        [
            24,
            38
        ],
        [
            25,
            27
        ],
        [
            27,
            32
        ],
        [
            28,
            35
        ],
        [
            30,
            31
        ],
        [
            31,
            39
        ],
        [
            33,
            36
        ],
        [
            34,
            35
        ],
        [
            36,
            38
        ]
    ]
}