{
    "total_node_number": 30,
    "probability_of_edge": 0.2,
    "time": {
        "request": 12002.5,
        "reply": 15999.75,
        "forwarding": 0.0
    },
    "request_message_count": 163,
    "route": [
        {
            "name": "Shortest Path",
            "route_node_count": 3,
            "route": [
                0,
                2,
                29
            ]
        },
        {
            "name": "DSRAlgorithm Path",
            "route_node_count": 3,
            "route": [
                0,
                2,
                29
            ]
        }
    ],
    "edges": [
        [
            0,
            1
        ],
        [
            0,
            2
        ],
        [
            0,
            3
        ],
        [
            0,
            6
        ],
        [
            0,
            19
        ],
        [
            0,
            21
        ],
        [
            0,
            23
        ],
        [
            0,
            24
        ],
        [
            0,
            28
        ],
        [
            1,
            8
        ],
        [
            1,
            10
        ],
        [
            1,
            12
        ],
        [
            1,
            15
        ],
        [
            1,
            16
        ],
        [
            1,
            17
        ],
        [
            1,
            18
        ],
        [
            1,
            20
        ],
        [
            2,
            10
        ],
        [
            2,
            13
        ],
        [
            2,
            17
        ],
        [
            2,
            28
        ],
        [
            2,
            29
        ],
        [
            3,
            10
        ],
        [
            4,
            14
        ],
        [
            4,
            15
        ],
        [
            4,
            18
        ],
        [
            4,
            24
        ],
        [
            4,
            27
        ],
        [
            5,
            27
        ],
        [
            6,
            13
        ],
        [
            6,
            16
        ],
        [
            6,
            19
        ],
        [
            6,
            21
        ],
        [
            7,
            17
        ],
        [
            7,
            19
        ],
        [
            7,
            24
        ],
        [
            8,
            12
        ],
        [
            8,
            13
        ],
        [
            8,
            20
        ],
        [
            9,
            10
        ],
        [
            9,
            13
        ],
        [
            9,
            18
        ],
        [
            9,
            21
        ],
        [
            9,
            26
        ],
        [
            10,
            12
        ],
        [
            10,
            20
        ],
        [
            10,
            21
        ],
        [
            11,
            16
        ],
        [
            11,
            17
        ],
        [
            11,
            19
        ],
        [
            11,
            20
        ],
        [
            11,
            26
        ],
        [
            12,
            15
        ],
        [
            12,
            18
        ],
        [
            12,
            20
        ],
        [
            12,
            25
        ],
        [
            12,
            27
        ],
        [
            13,
            25
        ],
        [
            14,
            16
        ],
        [
            14,
            26
        ],
        [
            14,
            29
        ],
        [
            15,
            16
        ],
        [
            15,
            20
        ],
        [
            15,
            22
        ],
        [
            15,
            25
        ],
        [
            15,
            28
        ],
        [
            16,
            17
        ],
        [
            16,
            19
        ],
        [
            17,
            18
        ],
        [
            17,
            23
        ],
        [
            17,
            27
        ],
        [
            18,
            25
        ],
        [
            18,
            26
        ],
        [
            18,
            27
        ],
        [
            18,
            28
        ],
        [
            20,
            28
        ],
        [
            21,
            22
        ],
        [
            21,
            25
        ],
        [
            21,
            27
        ],
        [
            22,
            28
        ],
        [
            23,
            25
        ],
        [
            23,
            28
        ],
        [
            26,
            29
        ]
    ]
}