{
    "total_node_number": 40,
    "probability_of_edge": 0.15,
    "time": {
        "request": 23000.25,
        "reply": 14000.5,
        "forwarding": 1000.75
    },
    "request_message_count": 229,
    "route": [
        {
            "name": "Shortest Path",
            "route_node_count": 4,
            "route": [
                0,
                32,
                15,
                39
            ]
        },
        {
            "name": "DSRAlgorithm Path",
            "route_node_count": 4,
            "route": [
                0,
                32,
                15,
                39
            ]
        }
    ],
    "edges": [
        [
            0,
            4
        ],
        [
            0,
            27
        ],
        [
            0,
            32
        ],
        [
            0,
            35
        ],
        [
            1,
            14
        ],
        [
            1,
            17
        ],
        [
            1,
            26
        ],
        [
            1,
            32
        ],
        [
            1,
            36
        ],
        [
            2,
            7
        ],
        [
            2,
            8
        ],
        [
            2,
            19
        ],
        [
            2,
            24
        ],
        [
            2,
            25
        ],
        [
            2,
            31
        ],
        [
            2,
            32
        ],
        [
            2,
            35
        ],
        [
            3,
            5
        ],
        [
            3,
            10
        ],
        [
            3,
            12
        ],
        [
            3,
            16
        ],
        [
            3,
            25
        ],
        [
            3,
            26
        ],
        [
            3,
            30
        ],
        [
            4,
            7
        ],
        [
            4,
            9
        ],
        [
            4,
            10
        ],
        [
            4,
            27
        ],
        [
            4,
            28
        ],
        [
            5,
            7
        ],
        [
            5,
            8
        ],
        [
            5,
            9
        ],
        [
            5,
            18
        ],
        [
            5,
            20
        ],
        [
            5,
            32
        ],
        [
            5,
            33
        ],
        [
            6,
            8
        ],
        [
            6,
            17
        ],
        [
            6,
            21
        ],
        [
            6,
            26
        ],
        [
            6,
            37
        ],
        [
            7,
            29
        ],
        [
            7,
            33
        ],
        [
            8,
            14
        ],
        [
            8,
            28
        ],
        [
            8,
            29
        ],
        [
            8,
            33
        ],
        [
            9,
            15
        ],
        [
            9,
            19
        ],
        [
            9,
            20
        ],
        [
            9,
            36
        ],
        [
            9,
            37
        ],
        [
            10,
            12
        ],
        [
            10,
            17
        ],
        [
            11,
            16
        ],
        [
            11,
            21
        ],
        [
            11,
            22
        ],
        [
            11,
            26
        ],
        [
            12,
            13
        ],
        [
            12,
            18
        ],
        [
            12,
            21
        ],
        [
            12,
            24
        ],
        [
            12,
            32
        ],
        [
            12,
            33
        ],
        [
            12,
            37
        ],
        [
            12,
            38
        ],
        [
            13,
            15
        ],
        [
            13,
            31
        ],
        [
            13,
            39
        ],
        [
            14,
            15
        ],
        [
            14,
            18
        ],
        [
            14,
            21
        ],
        [
            14,
            23
        ],
        [
            14,
            25
        ],
        [
            14,
            35
        ],
        [
            14,
            37
        ],
        [
            15,
            25
        ],
        [
            15,
            32
        ],
        [
            15,
            39
        ],
        [
            16,
            20
        ],
        [
            16,
            28
        ],
        [
            16,
            33
        ],
        [
            17,
            22
        ],
        [
            17,
            29
        ],
        [
            17,
            30
        ],
        [
            17,
            35
        ],
        [
            18,
            19
        ],
        [
            18,
            21
        ],
        [
            18,
            35
        ],
        [
            19,
            23
        ],
        [
            19,
            24
        ],
        [
            19,
            30
        ],
        [
            19,
            37
        ],
        [
            20,
            33
        ],
        [
            21,
            23
        ],
        [
            22,
            26
        ],
        [
            22,
            35
        ],
        [
            23,
            36
        ],
        [
            24,
            33
        ],
        [
            24,
            36
        ],
        [
            25,
            35
        ],
        [
            25,
            36
        ],
        [
            26,
            28
        ],
        [
            26,
            32
        ],
        [
            26,
            34
        ],
        [
            27,
            30
        ],
        [
            27,
            36
        ],
        [
            28,
            39
        ],
        [
            29,
            35
        ],
        [
            30,
            34
        ],
        [
            30,
            37
        ],
        [
            30,
            38
        ],
        [
            31,
            37
        ],
        [
            32,
            34
        ],
        [
            32,
            35
        ],
        [
            36,
            37
        ]
    ]
}