{
    "total_node_number": 40,
    "probability_of_edge": 0.15,
    "time": {
        "request": 35998.25,
        "reply": 6000.0,
        "forwarding": 1000.5
    },
    "request_message_count": 222,
    "route": [
        {
            "name": "Shortest Path",
            "route_node_count": 4,
            "route": [
                0,
                34,
                12,
                39
            ]
        },
        {
            "name": "DSRAlgorithm Path",
            "route_node_count": 4,
            "route": [
                0,
                4,
                31,
                39
            ]
        }
    ],
    "edges": [
        [
            0,
            4
        ],
        [
            0,
            9
        ],
        [
            0,
            14
        ],
        [
            0,
            17
        ],
        [
            0,
            25
        ],
        [
            0,
            29
        ],
        [
            0,
            32
        ],
        [
            0,
            34
        ],
        [
            0,
            38
        ],
        [
            1,
            10
        ],
        [
            1,
            12
        ],
        [
            1,
            13
        ],
        [
            1,
            18
        ],
        [
            1,
            24
        ],
        [
            1,
            27
        ],
        [
            1,
            29
        ],
        [
            1,
            32
        ],
        [
            1,
            34
        ],
        [
            2,
            8
        ],
        [
            2,
            29
        ],
        [
            2,
            31
        ],
        [
            3,
            4
        ],
        [
            3,
            14
        ],
        [
            3,
            16
        ],
        [
            3,
            17
        ],
        [
            3,
            28
        ],
        [
            3,
            29
        ],
        [
            4,
            8
        ],
        [
            4,
            14
        ],
        [
            4,
            18
        ],
        [
            4,
            27
        ],
        [
            4,
            29
        ],
        [
            4,
            31
        ],
        [
            4,
            34
        ],
        [
            4,
            36
        ],
        [
            5,
            36
        ],
        [
            6,
            18
        ],
        [
            6,
            24
        ],
        [
            6,
            26
        ],
        [
            6,
            33
        ],
        [
            6,
            36
        ],
        [
            6,
            37
        ],
        [
            7,
            15
        ],
        [
            8,
            11
        ],
        [
            8,
            18
        ],
        [
            8,
            20
        ],
        [
            8,
            23
        ],
        [
            8,
            27
        ],
        [
            8,
            30
        ],
        [
            9,
            21
        ],
        [
            9,
            32
        ],
        [
            10,
            13
        ],
        [
            10,
            15
        ],
        [
            10,
            24
        ],
        [
            10,
            37
        ],
        [
            11,
            14
        ],
        [
            11,
            25
        ],
        [
            11,
            26
        ],
        [
            11,
            32
        ],
        [
            11,
            33
        ],
        [
            11,
            35
        ],
        [
            11,
            36
        ],
        [
            12,
            13
        ],
        [
            12,
            34
        ],
        [
            12,
            39
        ],
        [
            14,
            33
        ],
        [
            14,
            35
        ],
        [
            15,
            16
        ],
        [
            15,
            22
        ],
        [
            15,
            27
        ],
        [
            15,
            28
        ],
        [
            15,
            31
        ],
        [
            15,
            39
        ],
        [
            16,
            21
        ],
        [
            16,
            22
        ],
        [
            16,
            23
        ],
        [
            16,
            26
        ],
        [
            16,
            34
        ],
        [
            17,
            22
        ],
        [
            17,
            25
        ],
        [
            17,
            34
        ],
        [
            17,
            35
        ],
        [
            18,
            22
        ],
        [
            18,
            33
        ],
        [
            18,
            38
        ],
        [
            19,
            20
        ],
        [
            19,
            34
        ],
        [
            20,
            25
        ],
        [
            20,
            27
        ],
        [
            20,
            28
        ],
        [
            20,
            29
        ],
        [
            20,
            37
        ],
        [
            20,
            39
        ],
        [
            21,
            35
        ],
        [
            21,
            37
        ],
        [
            22,
            33
        ],
        [
            22,
            38
        ],
        [
            23,
            26
        ],
        [
            23,
            27
        ],
        [
            23,
            35
        ],
        [
            24,
            31
        ],
        [
            25,
            38
        ],
        [
            26,
            30
        ],
        [
            28,
            38
        ],
        [
            29,
            32
        ],
        [
            29,
            36
        ],
        [
            30,
            32
        ],
        [
            31,
            38
        ],
        [
            31,
            39
        ],
        [
            34,
            37
        ],
        [
            35,
            36
        ],
        [
            35,
            37
        ],
        [
            36,
            38
        ]
    ]
}