{
    "total_node_number": 40,
    "probability_of_edge": 0.1,
    "time": {
        "request": 17997.0,
        "reply": 32279.75,
        "forwarding": 0.0
    },
    "request_message_count": 169,
    "route": [
        {
            "name": "Shortest Path",
            "route_node_count": 3,
            "route": [
                0,
                38,
                39
            ]
        },
        {
            "name": "DSRAlgorithm Path",
            "route_node_count": 3,
            "route": [
                0,
                38,
                39
            ]
        }
    ],
    "edges": [
        [
            0,
            8
        ],
        [
            0,
            17
        ],
        [
            0,
            20
        ],
        [
            0,
            38
        ],
        [
            1,
            15
        ],
        [
            1,
            33
        ],
        [
            1,
            36
        ],
        [
            1,
            37
        ],
        [
            2,
            11
        ],
        [
            2,
            13
        ],
        [
            2,
            14
        ],
        [
            2,
            37
        ],
        [
            3,
            4
        ],
        [
            3,
            6
        ],
        [
            3,
            7
        ],
        [
            3,
            10
        ],
        [
            3,
            11
        ],
        [
            3,
            34
        ],
        [
            3,
            35
        ],
        [
            4,
            9
        ],
        [
            4,
            11
        ],
        [
            4,
            16
        ],
        [
            4,
            18
        ],
        [
            4,
            33
        ],
        [
            4,
            34
        ],
        [
            5,
            17
        ],
        [
            5,
            24
        ],
        [
            5,
            31
        ],
        [
            5,
            32
        ],
        [
            6,
            15
        ],
        [
            6,
            17
        ],
        [
            6,
            31
        ],
        [
            6,
            32
        ],
        [
            7,
            9
        ],
        [
            7,
            10
        ],
        [
            7,
            14
        ],
        [
            7,
            20
        ],
        [
            7,
            25
        ],
        [
            7,
            28
        ],
        [
            8,
            10
        ],
        [
            9,
            16
        ],
        [
            9,
            18
        ],
        [
            9,
            37
        ],
        [
            10,
            18
        ],
        [
            10,
            27
        ],
        [
            10,
            33
        ],
        [
            10,
            34
        ],
        [
            10,
            39
        ],
        [
            11,
            18
        ],
        [
            11,
            35
        ],
        [
            12,
            21
        ],
        [
            12,
            24
        ],
        [
            12,
            31
        ],
        [
            12,
            38
        ],
        [
            13,
            32
        ],
        [
            14,
            15
        ],
        [
            14,
            19
        ],
        [
            14,
            21
        ],
        [
            14,
            30
        ],
        [
            15,
            17
        ],
        [
            15,
            35
        ],
        [
            16,
            17
        ],
        [
            16,
            18
        ],
        [
            16,
            27
        ],
        [
            16,
            30
        ],
        [
            16,
            31
        ],
        [
            17,
            24
        ],
        [
            17,
            26
        ],
        [
            17,
            33
        ],
        [
            18,
            19
        ],
        [
            18,
            38
        ],
        [
            20,
            21
        ],
        [
            20,
            22
        ],
        [
            20,
            31
        ],
        [
            21,
            25
        ],
        [
            21,
            31
        ],
        [
            22,
            35
        ],
        [
            23,
            36
        ],
        [
            24,
            38
        ],
        [
            26,
            30
        ],
        [
            27,
            29
        ],
        [
            27,
            34
        ],
        [
            32,
            35
        ],
        [
            32,
            39
        ],
        [
            34,
            39
        ],
        [
            37,
            39
        ],
        [
            38,
            39
        ]
    ]
}