{
    "total_node_number": 40,
    "probability_of_edge": 0.1,
    "time": {
        "request": 8000.5,
        "reply": 22999.0,
        "forwarding": 1000.25
    },
    "request_message_count": 161,
    "route": [
        {
            "name": "Shortest Path",
            "route_node_count": 4,
            "route": [
                0,
                4,
                34,
                39
            ]
        },
        {
            "name": "DSRAlgorithm Path",
            "route_node_count": 4,
            "route": [
                0,
                14,
                29,
                39
            ]
        }
    ],
    "edges": [
        [
            0,
            4
        ],
        [
            0,
            14
        ],
        [
            1,
            12
        ],
        [
            1,
            17
        ],
        [
            2,
            12
        ],
        [
            2,
            17
        ],
        [
            2,
            23
        ],
        [
            2,
            24
        ],
        [
            2,
            33
        ],
        [
            3,
            5
        ],
        [
            3,
            8
        ],
        [
            4,
            9
        ],
        [
            4,
            34
        ],
        [
            4,
            37
        ],
        [
            5,
            11
        ],
        [
            5,
            19
        ],
        [
            5,
            37
        ],
        [
            6,
            15
        ],
        [
            6,
            16
        ],
        [
            6,
            33
        ],
        [
            6,
            39
        ],
        [
            7,
            26
        ],
        [
            7,
            29
        ],
        [
            7,
            30
        ],
        [
            7,
            31
        ],
        [
            7,
            38
        ],
        [
            8,
            10
        ],
        [
            8,
            18
        ],
        [
            8,
            23
        ],
        [
            8,
            37
        ],
        [
            8,
            38
        ],
        [
            9,
            10
        ],
        [
            9,
            11
        ],
        [
            9,
            36
        ],
        [
            11,
            22
        ],
        [
            11,
            31
        ],
        [
            11,
            38
        ],
        [
            12,
            35
        ],
        [
            13,
            22
        ],
        [
            13,
            27
        ],
        [
            14,
            15
        ],
        [
            14,
            20
        ],
        [
            14,
            29
        ],
        [
            14,
            37
        ],
        [
            15,
            23
        ],
        [
            15,
            30
        ],
        [
            16,
            26
        ],
        [
            16,
            38
        ],
        [
            17,
            20
        ],
        [
            17,
            22
        ],
        [
            17,
            31
        ],
        [
            17,
            38
        ],
        [
            18,
            19
        ],
        [
            18,
            27
        ],
        [
            18,
            31
        ],
        [
            18,
            34
        ],
        [
            18,
            36
        ],
        [
            19,
            24
        ],
        [
            19,
            25
        ],
        [
            20,
            28
        ],
        [
            20,
            35
        ],
        [
            21,
            25
        ],
        [
            21,
            31
        ],
        [
            21,
            37
        ],
        [
            22,
            23
        ],
        [
            22,
            33
        ],
        [
            22,
            38
        ],
        [
            23,
            39
        ],
        [
            24,
            37
        ],
        [
            25,
            28
        ],
        [
            25,
            39
        ],
        [
            26,
            35
        ],
        [
            26,
            39
        ],
        [
            27,
            28
        ],
        [
            27,
            33
        ],
        [
            27,
            36
        ],
        [
            27,
            37
        ],
        [
            28,
            34
        ],
        [
            29,
            39
        ],
        [
            30,
            31
        ],
        [
            32,
            35
        ],
        [
            34,
            39
        ],
        [
            35,
            36
        ],
        [
            38,
            39
        ]
    ]
}