{
    "total_node_number": 40,
    "probability_of_edge": 0.1,
    "time": {
        "request": 20520.25,
        "reply": 7630.5,
        "forwarding": 1977.5
    },
    "request_message_count": 150,
    "route": [
        {
            "name": "Shortest Path",
            "route_node_count": 6,
            "route": [
                0,
                33,
                30,
                2,
                12,
                39
            ]
        },
        {
            "name": "DSRAlgorithm Path",
            "route_node_count": 6,
            "route": [
                0,
                33,
                30,
                2,
                12,
                39
            ]
        }
    ],
    "edges": [
        [
            0,
            33
        ],
        [
            1,
            7
        ],
        [
            1,
            9
        ],
        [
            1,
            12
        ],
        [
            1,
            13
        ],
        [
            1,
            21
        ],
        [
            1,
            37
        ],
        [
            2,
            5
        ],
        [
            2,
            12
        ],
        [
            2,
            14
        ],
        [
            2,
            30
        ],
        [
            3,
            10
        ],
        [
            3,
            15
        ],
        [
            3,
            20
        ],
        [
            3,
            23
        ],
        [
            4,
            7
        ],
        [
            4,
            9
        ],
        [
            4,
            11
        ],
        [
            4,
            15
        ],
        [
            4,
            17
        ],
        [
            4,
            20
        ],
        [
            4,
            23
        ],
        [
            4,
            27
        ],
        [
            4,
            35
        ],
        [
            4,
            36
        ],
        [
            5,
            30
        ],
        [
            6,
            12
        ],
        [
            6,
            25
        ],
        [
            6,
            27
        ],
        [
            6,
            36
        ],
        [
            7,
            35
        ],
        [
            7,
            38
        ],
        [
            8,
            20
        ],
        [
            9,
            15
        ],
        [
            9,
            35
        ],
        [
            10,
            15
        ],
        [
            10,
            16
        ],
        [
            10,
            17
        ],
        [
            10,
            20
        ],
        [
            11,
            27
        ],
        [
            11,
            29
        ],
        [
            11,
            33
        ],
        [
            12,
            22
        ],
        [
            12,
            23
        ],
        [
            12,
            39
        ],
        [
            13,
            26
        ],
        [
            13,
            31
        ],
        [
            14,
            15
        ],
        [
            14,
            28
        ],
        [
            14,
            35
        ],
        [
            15,
            31
        ],
        [
            16,
            34
        ],
        [
            18,
            19
        ],
        [
            18,
            23
        ],
        [
            19,
            21
        ],
        [
            19,
            31
        ],
        [
            20,
            28
        ],
        [
            20,
            34
        ],
        [
            21,
            30
        ],
        [
            22,
            35
        ],
        [
            22,
            36
        ],
        [
            23,
            24
        ],
        [
            24,
            31
        ],
        [
            25,
            26
        ],
        [
            25,
            27
        ],
        [
            26,
            37
        ],
        [
            27,
            28
        ],
        [
            27,
            32
        ],
        [
            29,
            37
        ],
        [
            29,
            38
        ],
        [
            30,
            31
        ],
        [
            30,
            32
        ],
        [
            30,
            33
        ],
        [
            31,
            37
        ],
        [
            31,
            38
        ],
        [
            36,
            39
        ]
    ]
}