{
    "total_node_number": 30,
    "probability_of_edge": 0.2,
    "time": {
        "request": 9959.75,
        "reply": 20999.5,
        "forwarding": 972.0
    },
    "request_message_count": 172,
    "route": [
        {
            "name": "Shortest Path",
            "route_node_count": 3,
            "route": [
                0,
                1,
                29
            ]
        },
        {
            "name": "DSRAlgorithm Path",
            "route_node_count": 3,
            "route": [
                0,
                1,
                29
            ]
        }
    ],
    "edges": [
        [
            0,
            1
        ],
        [
            0,
            8
        ],
        [
            0,
            11
        ],
        [
            0,
            19
        ],
        [
            0,
            24
        ],
        [
            1,
            3
        ],
        [
            1,
            19
        ],
        [
            1,
            22
        ],
        [
            1,
            29
        ],
        [
            2,
            7
        ],
        [
            2,
            8
        ],
        [
            2,
            9
        ],
        [
            2,
            14
        ],
        [
            2,
            19
        ],
        [
            2,
            22
        ],
        [
            2,
            24
        ],
        [
            3,
            5
        ],
        [
            3,
            6
        ],
        [
            3,
            9
        ],
        [
            3,
            21
        ],
        [
            3,
            25
        ],
        [
            3,
            28
        ],
        [
            4,
            8
        ],
        [
            4,
            19
        ],
        [
            4,
            22
        ],
        [
            4,
            25
        ],
        [
            5,
            10
        ],
        [
            5,
            14
        ],
        [
            5,
            15
        ],
        [
            5,
            16
        ],
        [
            5,
            18
        ],
        [
            5,
            23
        ],
        [
            5,
            25
        ],
        [
            5,
            27
        ],
        [
            5,
            29
        ],
        [
            6,
            9
        ],
        [
            6,
            17
        ],
        [
            6,
            21
        ],
        [
            6,
            25
        ],
        [
            6,
            26
        ],
        [
            6,
            27
        ],
        [
            7,
            11
        ],
        [
            7,
            12
        ],
        [
            7,
            13
        ],
        [
            7,
            14
        ],
        [
            7,
            15
        ],
        [
            7,
            16
        ],
        [
            7,
            20
        ],
        [
            7,
            22
        ],
        [
            8,
            12
        ],
        [
            8,
            14
        ],
        [
            9,
            10
        ],
        [
            9,
            12
        ],
        [
            9,
            13
        ],
        [
            9,
            14
        ],
        [
            9,
            15
        ],
        [
            9,
            21
        ],
        [
            10,
            15
        ],
        [
            10,
            17
        ],
        [
            10,
            22
        ],
        [
            10,
            27
        ],
        [
            11,
            12
        ],
        [
            11,
            17
        ],
        [
            12,
            16
        ],
        [
            12,
            22
        ],
        [
            12,
            24
        ],
        [
            12,
            29
        ],
        [
            13,
            26
        ],
        [
            14,
            22
        ],
        [
            15,
            18
        ],
        [
            15,
            22
        ],
        [
            15,
            27
        ],
        [
            17,
            18
        ],
        [
            17,
            20
        ],
        [
            18,
            19
        ],
        [
            18,
            26
        ],
        [
            18,
            27
        ],
        [
            19,
            24
        ],
        [
            19,
            28
        ],
        [
            20,
            22
        ],
        [
            20,
            24
        ],
        [
            21,
            23
        ],
        [
            21,
            29
        ],
        [
            22,
            27
        ],
        [
            23,
            25
        ],
        [
            23,
            27
        ],
        [
            25,
            26
        ],
        [
            25,
            27
        ]
    ]
}