{
    "total_node_number": 30,
    "probability_of_edge": 0.2,
    "time": {
        "request": 26001.0,
        "reply": 4000.5,
        "forwarding": 999.75
    },
    "request_message_count": 166,
    "route": [
        {
            "name": "Shortest Path",
            "route_node_count": 4,
            "route": [
                0,
                7,
                6,
                29
            ]
        },
        {
            "name": "DSRAlgorithm Path",
            "route_node_count": 4,
            "route": [
                0,
                1,
                21,
                29
            ]
        }
    ],
    "edges": [
        [
            0,
            1
        ],
        [
            0,
            7
        ],
        [
            0,
            12
        ],
        [
            0,
            16
        ],
        [
            0,
            18
        ],
        [
            0,
            25
        ],
        [
            0,
            27
        ],
        [
            1,
            5
        ],
        [
            1,
            7
        ],
        [
            1,
            11
        ],
        [
            1,
            13
        ],
        [
            1,
            15
        ],
        [
            1,
            21
        ],
        [
            2,
            6
        ],
        [
            2,
            7
        ],
        [
            2,
            11
        ],
        [
            2,
            18
        ],
        [
            2,
            22
        ],
        [
            2,
            25
        ],
        [
            3,
            7
        ],
        [
            3,
            17
        ],
        [
            3,
            22
        ],
        [
            3,
            24
        ],
        [
            4,
            15
        ],
        [
            4,
            23
        ],
        [
            4,
            26
        ],
        [
            5,
            10
        ],
        [
            5,
            21
        ],
        [
            5,
            26
        ],
        [
            6,
            7
        ],
        [
            6,
            10
        ],
        [
            6,
            19
        ],
        [
            6,
            23
        ],
        [
            6,
            27
        ],
        [
            6,
            29
        ],
        [
            7,
            10
        ],
        [
            7,
            14
        ],
        [
            7,
            15
        ],
        [
            7,
            16
        ],
        [
            7,
            20
        ],
        [
            7,
            22
        ],
        [
            7,
            26
        ],
        [
            8,
            12
        ],
        [
            8,
            14
        ],
        [
            8,
            22
        ],
        [
            8,
            24
        ],
        [
            8,
            25
        ],
        [
            8,
            29
        ],
        [
            9,
            10
        ],
        [
            9,
            11
        ],
        [
            9,
            12
        ],
        [
            9,
            15
        ],
        [
            10,
            13
        ],
        [
            10,
            27
        ],
        [
            11,
            16
        ],
        [
            11,
            18
        ],
        [
            11,
            19
        ],
        [
            12,
            27
        ],
        [
            13,
            18
        ],
        [
            13,
            21
        ],
        [
            13,
            22
        ],
        [
            13,
            24
        ],
        [
            13,
            26
        ],
        [
            13,
            27
        ],
        [
            14,
            28
        ],
        [
            15,
            18
        ],
        [
            15,
            23
        ],
        [
            15,
            26
        ],
        [
            15,
            28
        ],
        [
            16,
            19
        ],
        [
            16,
            21
        ],
        [
            16,
            27
        ],
        [
            18,
            21
        ],
        [
            18,
            25
        ],
        [
            19,
            25
        ],
        [
            20,
            28
        ],
        [
            21,
            29
        ],
        [
            22,
            27
        ],
        [
            23,
            25
        ],
        [
            23,
            28
        ],
        [
            24,
            25
        ],
        [
            24,
            26
        ],
        [
            24,
            28
        ],
        [
            24,
            29
        ],
        [
            25,
            28
        ]
    ]
}