{
    "total_node_number": 30,
    "probability_of_edge": 0.2,
    "time": {
        "request": 14000.0,
        "reply": 13000.5,
        "forwarding": 1000.75
    },
    "request_message_count": 153,
    "route": [
        {
            "name": "Shortest Path",
            "route_node_count": 5,
            "route": [
                0,
                22,
                16,
                17,
                29
            ]
        },
        {
            "name": "DSRAlgorithm Path",
            "route_node_count": 5,
            "route": [
                0,
                22,
                16,
                18,
                29
            ]
        }
    ],
    "edges": [
        [
            0,
            22
        ],
        [
            1,
            6
        ],
        [
            1,
            12
        ],
        [
            1,
            19
        ],
        [
            1,
            20
        ],
        [
            1,
            25
        ],
        [
            1,
            27
        ],
        [
            1,
            29
        ],
        [
            2,
            3
        ],
        [
            2,
            14
        ],
        [
            2,
            18
        ],
        [
            2,
            20
        ],
        [
            2,
            21
        ],
        [
            2,
            23
        ],
        [
            2,
            25
        ],
        [
            2,
            27
        ],
        [
            3,
            6
        ],
        [
            3,
            17
        ],
        [
            3,
            19
        ],
        [
            3,
            21
        ],
        [
            3,
            26
        ],
        [
            4,
            19
        ],
        [
            5,
            9
        ],
        [
            5,
            11
        ],
        [
            5,
            24
        ],
        [
            5,
            29
        ],
        [
            6,
            9
        ],
        [
            6,
            12
        ],
        [
            6,
            20
        ],
        [
            7,
            13
        ],
        [
            7,
            21
        ],
        [
            7,
            26
        ],
        [
            7,
            27
        ],
        [
            7,
            28
        ],
        [
            8,
            15
        ],
        [
            8,
            18
        ],
        [
            8,
            25
        ],
        [
            8,
            29
        ],
        [
            9,
            11
        ],
        [
            9,
            14
        ],
        [
            9,
            17
        ],
        [
            9,
            20
        ],
        [
            10,
            14
        ],
        [
            10,
            20
        ],
        [
            10,
            21
        ],
        [
            10,
            28
        ],
        [
            11,
            15
        ],
        [
            11,
            18
        ],
        [
            11,
            23
        ],
        [
            11,
            25
        ],
        [
            12,
            17
        ],
        [
            12,
            26
        ],
        [
            13,
            26
        ],
        [
            13,
            29
        ],
        [
            14,
            23
        ],
        [
            14,
            24
        ],
        [
            14,
            26
        ],
        [
            15,
            19
        ],
        [
            15,
            23
        ],
        [
            15,
            26
        ],
        [
            15,
            29
        ],
        [
            16,
            17
        ],
        [
            16,
            18
        ],
        [
            16,
            20
        ],
        [
            16,
            22
        ],
        [
            17,
            19
        ],
        [
            17,
            29
        ],
        [
            18,
            20
        ],
        [
            18,
            24
        ],
        [
            18,
            29
        ],
        [
            19,
            28
        ],
        [
            20,
            29
        ],
        [
            21,
            22
        ],
        [
            21,
            25
        ],
        [
            21,
            28
        ],
        [
            23,
            25
        ],
        [
            23,
            29
        ],
        [
            24,
            27
        ],
        [
            24,
            28
        ],
        [
            26,
            29
        ],
        [
            27,
            28
        ],
        [
            27,
            29
        ]
    ]
}