{
    "total_node_number": 30,
    "probability_of_edge": 0.2,
    "time": {
        "request": 29998.75,
        "reply": 2001.75,
        "forwarding": 1001.0
    },
    "request_message_count": 168,
    "route": [
        {
            "name": "Shortest Path",
            "route_node_count": 4,
            "route": [
                0,
                13,
                12,
                29
            ]
        },
        {
            "name": "DSRAlgorithm Path",
            "route_node_count": 4,
            "route": [
                0,
                13,
                12,
                29
            ]
        }
    ],
    "edges": [
        [
            0,
            1
        ],
        [
            0,
            2
        ],
        [
            0,
            4
        ],
        [
            0,
            8
        ],
        [
            0,
            9
        ],
        [
            0,
            13
        ],
        [
            0,
            16
        ],
        [
            0,
            17
        ],
        [
            0,
            25
        ],
        [
            1,
            2
        ],
        [
            1,
            5
        ],
        [
            1,
            18
        ],
        [
            1,
            21
        ],
        [
            1,
            22
        ],
        [
            2,
            15
        ],
        [
            2,
            26
        ],
        [
            3,
            9
        ],
        [
            3,
            12
        ],
        [
            3,
            16
        ],
        [
            3,
            17
        ],
        [
            3,
            21
        ],
        [
            4,
            11
        ],
        [
            4,
            14
        ],
        [
            4,
            22
        ],
        [
            4,
            27
        ],
        [
            4,
            28
        ],
        [
            5,
            7
        ],
        [
            5,
            9
        ],
        [
            5,
            23
        ],
        [
            6,
            7
        ],
        [
            6,
            9
        ],
        [
            6,
            15
        ],
        [
            6,
            18
        ],
        [
            6,
            22
        ],
        [
            6,
            23
        ],
        [
            6,
            27
        ],
        [
            6,
            28
        ],
        [
            7,
            11
        ],
        [
            7,
            17
        ],
        [
            7,
            26
        ],
        [
            7,
            27
        ],
        [
            8,
            13
        ],
        [
            8,
            14
        ],
        [
            8,
            15
        ],
        [
            8,
            17
        ],
        [
            8,
            19
        ],
        [
            8,
            25
        ],
        [
            9,
            21
        ],
        [
            10,
            13
        ],
        [
            10,
            17
        ],
        [
            10,
            18
        ],
        [
            10,
            20
        ],
        [
            10,
            24
        ],
        [
            10,
            25
        ],
        [
            10,
            26
        ],
        [
            11,
            19
        ],
        [
            12,
            13
        ],
        [
            12,
            16
        ],
        [
            12,
            26
        ],
        [
            12,
            29
        ],
        [
            13,
            18
        ],
        [
            13,
            23
        ],
        [
            13,
            27
        ],
        [
            14,
            16
        ],
        [
            14,
            22
        ],
        [
            14,
            23
        ],
        [
            14,
            24
        ],
        [
            14,
            27
        ],
        [
            15,
            23
        ],
        [
            15,
            26
        ],
        [
            16,
            21
        ],
        [
            17,
            28
        ],
        [
            18,
            19
        ],
        [
            18,
            28
        ],
        [
            18,
            29
        ],
        [
            19,
            26
        ],
        [
            19,
            27
        ],
        [
            20,
            22
        ],
        [
            21,
            26
        ],
        [
            22,
            23
        ],
        [
            22,
            27
        ],
        [
            23,
            24
        ],
        [
            23,
            29
        ],
        [
            24,
            29
        ],
        [
            26,
            27
        ],
        [
            26,
            28
        ]
    ]
}