{
    "total_node_number": 40,
    "probability_of_edge": 0.15,
    "time": {
        "request": 25998.75,
        "reply": 43992.0,
        "forwarding": 7002.5
    },
    "request_message_count": 214,
    "route": [
        {
            "name": "Shortest Path",
            "route_node_count": 2,
            "route": [
                0,
                39
            ]
        },
        {
            "name": "DSRAlgorithm Path",
            "route_node_count": 2,
            "route": [
                0,
                39
            ]
        }
    ],
    "edges": [
        [
            0,
            2
        ],
        [
            0,
            9
        ],
        [
            0,
            16
        ],
        [
            0,
            18
        ],
        [
            0,
            19
        ],
        [
            0,
            22
        ],
        [
            0,
            39
        ],
        [
            1,
            13
        ],
        [
            2,
            10
        ],
        [
            2,
            11
        ],
        [
            2,
            18
        ],
        [
            2,
            21
        ],
        [
            2,
            24
        ],
        [
            2,
            29
        ],
        [
            2,
            38
        ],
        [
            3,
            7
        ],
        [
            3,
            20
        ],
        [
            3,
            21
        ],
        [
            3,
            31
        ],
        [
            4,
            13
        ],
        [
            4,
            20
        ],
        [
            4,
            24
        ],
        [
            4,
            28
        ],
        [
            4,
            38
        ],
        [
            5,
            10
        ],
        [
            5,
            15
        ],
        [
            5,
            16
        ],
        [
            6,
            7
        ],
        [
            6,
            10
        ],
        [
            6,
            11
        ],
        [
            6,
            27
        ],
        [
            6,
            33
        ],
        [
            7,
            33
        ],
        [
            8,
            25
        ],
        [
            8,
            34
        ],
        [
            9,
            11
        ],
        [
            9,
            17
        ],
        [
            9,
            26
        ],
        [
            9,
            28
        ],
        [
            9,
            33
        ],
        [
            10,
            11
        ],
        [
            10,
            16
        ],
        [
            10,
            23
        ],
        [
            10,
            36
        ],
        [
            10,
            39
        ],
        [
            11,
            17
        ],
        [
            11,
            21
        ],
        [
            11,
            27
        ],
        [
            12,
            16
        ],
        [
            12,
            20
        ],
        [
            12,
            23
        ],
        [
            12,
            32
        ],
        [
            13,
            19
        ],
        [
            13,
            25
        ],
        [
            13,
            27
        ],
        [
            13,
            34
        ],
        [
            14,
            17
        ],
        [
            14,
            19
        ],
        [
            14,
            26
        ],
        [
            14,
            30
        ],
        [
            14,
            32
        ],
        [
            15,
            28
        ],
        [
            16,
            26
        ],
        [
            16,
            28
        ],
        [
            16,
            32
        ],
        [
            16,
            38
        ],
        [
            17,
            34
        ],
        [
            17,
            35
        ],
        [
            18,
            30
        ],
        [
            18,
            32
        ],
        [
            19,
            28
        ],
        [
            19,
            33
        ],
        [
            20,
            33
        ],
        [
            20,
            36
        ],
        [
            21,
            30
        ],
        [
            21,
            34
        ],
        [
            22,
            25
        ],
        [
            22,
            29
        ],
        [
            22,
            30
        ],
        [
            23,
            25
        ],
        [
            23,
            28
        ],
        [
            23,
            35
        ],
        [
            23,
            39
        ],
        [
            24,
            30
        ],
        [
            24,
            33
        ],
        [
            25,
            26
        ],
        [
            25,
            29
        ],
        [
            25,
            30
        ],
        [
            25,
            32
        ],
        [
            25,
            37
        ],
        [
            26,
            30
        ],
        [
            26,
            31
        ],
        [
            26,
            36
        ],
        [
            26,
            39
        ],
        [
            27,
            36
        ],
        [
            28,
            29
        ],
        [
            28,
            37
        ],
        [
            29,
            31
        ],
        [
            29,
            35
        ],
        [
            29,
            36
        ],
        [
            29,
            38
        ],
        [
            29,
            39
        ],
        [
            30,
            36
        ],
        [
            30,
            37
        ],
        [
            31,
            37
        ],
        [
            32,
            34
        ],
        [
            33,
            36
        ],
        [
            35,
            38
        ],
        [
            37,
            38
        ],
        [
            38,
            39
        ]
    ]
}