{
    "total_node_number": 40,
    "probability_of_edge": 0.15,
    "time": {
        "request": 14965.0,
        "reply": 20999.75,
        "forwarding": 1032.75
    },
    "request_message_count": 198,
    "route": [
        {
            "name": "Shortest Path",
            "route_node_count": 4,
            "route": [
                0,
                4,
                2,
                39
            ]
        },
        {
            "name": "DSRAlgorithm Path",
            "route_node_count": 4,
            "route": [
                0,
                24,
                33,
                39
            ]
        }
    ],
    "edges": [
        [
            0,
            4
        ],
        [
            0,
            6
        ],
        [
            0,
            9
        ],
        [
            0,
            10
        ],
        [
            0,
            19
        ],
        [
            0,
            24
        ],
        [
            0,
            27
        ],
        [
            0,
            30
        ],
        [
            0,
            37
        ],
        [
            1,
            16
        ],
        [
            1,
            23
        ],
        [
            1,
            24
        ],
        [
            1,
            30
        ],
        [
            1,
            31
        ],
        [
            2,
            3
        ],
        [
            2,
            4
        ],
        [
            2,
            8
        ],
        [
            2,
            12
        ],
        [
            2,
            13
        ],
        [
            2,
            16
        ],
        [
            2,
            23
        ],
        [
            2,
            28
        ],
        [
            2,
            29
        ],
        [
            2,
            39
        ],
        [
            3,
            8
        ],
        [
            3,
            15
        ],
        [
            3,
            30
        ],
        [
            4,
            5
        ],
        [
            4,
            8
        ],
        [
            4,
            33
        ],
        [
            5,
            7
        ],
        [
            5,
            30
        ],
        [
            6,
            11
        ],
        [
            6,
            15
        ],
        [
            6,
            20
        ],
        [
            6,
            21
        ],
        [
            6,
            32
        ],
        [
            7,
            9
        ],
        [
            7,
            12
        ],
        [
            7,
            19
        ],
        [
            7,
            24
        ],
        [
            7,
            27
        ],
        [
            7,
            38
        ],
        [
            8,
            11
        ],
        [
            8,
            26
        ],
        [
            8,
            29
        ],
        [
            9,
            11
        ],
        [
            9,
            37
        ],
        [
            10,
            15
        ],
        [
            10,
            33
        ],
        [
            10,
            35
        ],
        [
            11,
            12
        ],
        [
            11,
            16
        ],
        [
            11,
            37
        ],
        [
            12,
            20
        ],
        [
            12,
            32
        ],
        [
            13,
            20
        ],
        [
            13,
            34
        ],
        [
            14,
            20
        ],
        [
            14,
            29
        ],
        [
            15,
            22
        ],
        [
            16,
            18
        ],
        [
            16,
            19
        ],
        [
            16,
            21
        ],
        [
            16,
            23
        ],
        [
            16,
            25
        ],
        [
            16,
            27
        ],
        [
            16,
            33
        ],
        [
            17,
            22
        ],
        [
            17,
            24
        ],
        [
            17,
            37
        ],
        [
            18,
            21
        ],
        [
            18,
            23
        ],
        [
            18,
            38
        ],
        [
            19,
            25
        ],
        [
            19,
            31
        ],
        [
            19,
            32
        ],
        [
            20,
            24
        ],
        [
            20,
            27
        ],
        [
            21,
            28
        ],
        [
            21,
            30
        ],
        [
            21,
            33
        ],
        [
            21,
            37
        ],
        [
            21,
            39
        ],
        [
            22,
            32
        ],
        [
            22,
            35
        ],
        [
            23,
            25
        ],
        [
            23,
            38
        ],
        [
            23,
            39
        ],
        [
            24,
            33
        ],
        [
            28,
            29
        ],
        [
            28,
            30
        ],
        [
            30,
            32
        ],
        [
            30,
            37
        ],
        [
            31,
            34
        ],
        [
            31,
            39
        ],
        [
            33,
            35
        ],
        [
            33,
            36
        ],
        [
            33,
            38
        ],
        [
            33,
            39
        ],
        [
            34,
            35
        ],
        [
            34,
            39
        ]
    ]
}