{
    "total_node_number": 40,
    "probability_of_edge": 0.1,
    "time": {
        "request": 21996.0,
        "reply": 12003.75,
        "forwarding": 998.0
    },
    "request_message_count": 182,
    "route": [
        {
            "name": "Shortest Path",
            "route_node_count": 4,
            "route": [
                0,
                11,
                35,
                39
            ]
        },
        {
            "name": "DSRAlgorithm Path",
            "route_node_count": 4,
            "route": [
                0,
                11,
                35,
                39
            ]
        }
    ],
    "edges": [
        [
            0,
            5
        ],
        [
            0,
            11
        ],
        [
            0,
            14
        ],
        [
            0,
            25
        ],
        [
            0,
            30
        ],
        [
            0,
            36
        ],
        [
            1,
            18
        ],
        [
            1,
            36
        ],
        [
            2,
            8
        ],
        [
            2,
            11
        ],
        [
            2,
            15
        ],
        [
            2,
            16
        ],
        [
            2,
            28
        ],
        [
            3,
            5
        ],
        [
            3,
            24
        ],
        [
            4,
            11
        ],
        [
            4,
            12
        ],
        [
            4,
            20
        ],
        [
            4,
            21
        ],
        [
            5,
            10
        ],
        [
            5,
            13
        ],
        [
            5,
            27
        ],
        [
            5,
            31
        ],
        [
            6,
            8
        ],
        [
            6,
            9
        ],
        [
            6,
            10
        ],
        [
            6,
            11
        ],
        [
            6,
            17
        ],
        [
            6,
            20
        ],
        [
            6,
            26
        ],
        [
            7,
            23
        ],
        [
            7,
            27
        ],
        [
            7,
            28
        ],
        [
            8,
            16
        ],
        [
            8,
            18
        ],
        [
            8,
            21
        ],
        [
            8,
            25
        ],
        [
            8,
            32
        ],
        [
            9,
            30
        ],
        [
            9,
            35
        ],
        [
            10,
            12
        ],
        [
            10,
            18
        ],
        [
            10,
            37
        ],
        [
            11,
            35
        ],
        [
            12,
            14
        ],
        [
            12,
            16
        ],
        [
            12,
            23
        ],
        [
            12,
            35
        ],
        [
            12,
            36
        ],
        [
            13,
            17
        ],
        [
            14,
            18
        ],
        [
            14,
            23
        ],
        [
            15,
            18
        ],
        [
            15,
            26
        ],
        [
            15,
            33
        ],
        [
            16,
            28
        ],
        [
            16,
            30
        ],
        [
            16,
            35
        ],
        [
            17,
            19
        ],
        [
            17,
            24
        ],
        [
            17,
            28
        ],
        [
            17,
            32
        ],
        [
            17,
            34
        ],
        [
            18,
            26
        ],
        [
            18,
            36
        ],
        [
            19,
            22
        ],
        [
            19,
            23
        ],
        [
            19,
            25
        ],
        [
            19,
            28
        ],
        [
            19,
            29
        ],
        [
            19,
            35
        ],
        [
            20,
            24
        ],
        [
            20,
            30
        ],
        [
            20,
            35
        ],
        [
            21,
            33
        ],
        [
            21,
            36
        ],
        [
            21,
            38
        ],
        [
            23,
            26
        ],
        [
            23,
            32
        ],
        [
            23,
            37
        ],
        [
            23,
            38
        ],
        [
            24,
            34
        ],
        [
            25,
            31
        ],
        [
            27,
            28
        ],
        [
            27,
            31
        ],
        [
            28,
            32
        ],
        [
            28,
            33
        ],
        [
            29,
            31
        ],
        [
            29,
            39
        ],
        [
            32,
            34
        ],
        [
            35,
            38
        ],
        [
            35,
            39
        ]
    ]
}