{
    "total_node_number": 30,
    "probability_of_edge": 0.2,
    "time": {
        "request": 5998.25,
        "reply": 24001.25,
        "forwarding": 0.0
    },
    "request_message_count": 168,
    "route": [
        {
            "name": "Shortest Path",
            "route_node_count": 3,
            "route": [
                0,
                27,
                29
            ]
        },
        {
            "name": "DSRAlgorithm Path",
            "route_node_count": 3,
            "route": [
                0,
                27,
                29
            ]
        }
    ],
    "edges": [
        [
            0,
            5
        ],
        [
            0,
            12
        ],
        [
            0,
            22
        ],
        [
            0,
            27
        ],
        [
            1,
            3
        ],
        [
            1,
            10
        ],
        [
            1,
            19
        ],
        [
            1,
            29
        ],
        [
            2,
            4
        ],
        [
            2,
            6
        ],
        [
            2,
            19
        ],
        [
            2,
            22
        ],
        [
            3,
            11
        ],
        [
            3,
            16
        ],
        [
            3,
            21
        ],
        [
            3,
            23
        ],
        [
            3,
            24
        ],
        [
            3,
            28
        ],
        [
            3,
            29
        ],
        [
            4,
            12
        ],
        [
            4,
            20
        ],
        [
            4,
            21
        ],
        [
            4,
            25
        ],
        [
            5,
            24
        ],
        [
            5,
            25
        ],
        [
            6,
            12
        ],
        [
            6,
            20
        ],
        [
            6,
            22
        ],
        [
            6,
            23
        ],
        [
            7,
            8
        ],
        [
            7,
            15
        ],
        [
            7,
            18
        ],
        [
            7,
            24
        ],
        [
            7,
            25
        ],
        [
            8,
            11
        ],
        [
            8,
            15
        ],
        [
            8,
            18
        ],
        [
            8,
            23
        ],
        [
            8,
            25
        ],
        [
            8,
            26
        ],
        [
            9,
            11
        ],
        [
            9,
            14
        ],
        [
            9,
            15
        ],
        [
            9,
            18
        ],
        [
            9,
            19
        ],
        [
            9,
            21
        ],
        [
            9,
            23
        ],
        [
            9,
            28
        ],
        [
            10,
            13
        ],
        [
            10,
            15
        ],
        [
            10,
            20
        ],
        [
            10,
            21
        ],
        [
            10,
            29
        ],
        [
            11,
            15
        ],
        [
            11,
            24
        ],
        [
            11,
            27
        ],
        [
            12,
            17
        ],
        [
            12,
            21
        ],
        [
            12,
            27
        ],
        [
            13,
            25
        ],
        [
            14,
            15
        ],
        [
            14,
            18
        ],
        [
            14,
            19
        ],
        [
            14,
            22
        ],
        [
            15,
            18
        ],
        [
            15,
            19
        ],
        [
            15,
            21
        ],
        [
            15,
            24
        ],
        [
            15,
            28
        ],
        [
            16,
            20
        ],
        [
            16,
            29
        ],
        [
            17,
            21
        ],
        [
            17,
            25
        ],
        [
            17,
            29
        ],
        [
            18,
            24
        ],
        [
            18,
            26
        ],
        [
            18,
            27
        ],
        [
            19,
            20
        ],
        [
            19,
            24
        ],
        [
            19,
            29
        ],
        [
            20,
            23
        ],
        [
            22,
            23
        ],
        [
            22,
            27
        ],
        [
            22,
            28
        ],
        [
            23,
            24
        ],
        [
            25,
            27
        ],
        [
            25,
            29
        ],
        [
            27,
            29
        ]
    ]
}