{
    "total_node_number": 30,
    "probability_of_edge": 0.2,
    "time": {
        "request": 10000.25,
        "reply": 20997.25,
        "forwarding": 998.0
    },
    "request_message_count": 176,
    "route": [
        {
            "name": "Shortest Path",
            "route_node_count": 3,
            "route": [
                0,
                1,
                29
            ]
        },
        {
            "name": "DSRAlgorithm Path",
            "route_node_count": 3,
            "route": [
                0,
                1,
                29
            ]
        }
    ],
    "edges": [
        [
            0,
            1
        ],
        [
            0,
            2
        ],
        [
            0,
            3
        ],
        [
            0,
            7
        ],
        [
            0,
            18
        ],
        [
            0,
            19
        ],
        [
            0,
            21
        ],
        [
            0,
            28
        ],
        [
            1,
            3
        ],
        [
            1,
            5
        ],
        [
            1,
            17
        ],
        [
            1,
            23
        ],
        [
            1,
            29
        ],
        [
            2,
            3
        ],
        [
            2,
            11
        ],
        [
            2,
            23
        ],
        [
            2,
            29
        ],
        [
            3,
            4
        ],
        [
            3,
            7
        ],
        [
            3,
            8
        ],
        [
            3,
            12
        ],
        [
            3,
            17
        ],
        [
            3,
            20
        ],
        [
            3,
            25
        ],
        [
            4,
            6
        ],
        [
            4,
            7
        ],
        [
            4,
            10
        ],
        [
            4,
            16
        ],
        [
            5,
            9
        ],
        [
            5,
            21
        ],
        [
            5,
            23
        ],
        [
            6,
            14
        ],
        [
            6,
            20
        ],
        [
            6,
            25
        ],
        [
            6,
            27
        ],
        [
            6,
            28
        ],
        [
            7,
            9
        ],
        [
            7,
            10
        ],
        [
            7,
            11
        ],
        [
            7,
            19
        ],
        [
            7,
            20
        ],
        [
            7,
            23
        ],
        [
            7,
            25
        ],
        [
            8,
            9
        ],
        [
            8,
            12
        ],
        [
            8,
            29
        ],
        [
            9,
            11
        ],
        [
            9,
            13
        ],
        [
            9,
            16
        ],
        [
            9,
            18
        ],
        [
            9,
            25
        ],
        [
            9,
            27
        ],
        [
            10,
            26
        ],
        [
            11,
            22
        ],
        [
            11,
            28
        ],
        [
            12,
            20
        ],
        [
            12,
            24
        ],
        [
            12,
            25
        ],
        [
            12,
            26
        ],
        [
            13,
            15
        ],
        [
            13,
            19
        ],
        [
            13,
            21
        ],
        [
            13,
            26
        ],
        [
            13,
            29
        ],
        [
            14,
            15
        ],
        [
            14,
            16
        ],
        [
            14,
            21
        ],
        [
            14,
            22
        ],
        [
            14,
            23
        ],
        [
            15,
            17
        ],
        [
            15,
            18
        ],
        [
            15,
            25
        ],
        [
            16,
            23
        ],
        [
            16,
            24
        ],
        [
            16,
            25
        ],
        [
            17,
            24
        ],
        [
            17,
            25
        ],
        [
            18,
            23
        ],
        [
            18,
            25
        ],
        [
            18,
            26
        ],
        [
            19,
            29
        ],
        [
            20,
            22
        ],
        [
            20,
            23
        ],
        [
            20,
            24
        ],
        [
            20,
            25
        ],
        [
            21,
            28
        ],
        [
            22,
            25
        ],
        [
            22,
            29
        ],
        [
            23,
            24
        ],
        [
            24,
            26
        ],
        [
            25,
            28
        ]
    ]
}