{
    "total_node_number": 40,
    "probability_of_edge": 0.15,
    "time": {
        "request": 6000.0,
        "reply": 29001.0,
        "forwarding": 0.0
    },
    "request_message_count": 202,
    "route": [
        {
            "name": "Shortest Path",
            "route_node_count": 3,
            "route": [
                0,
                5,
                39
            ]
        },
        {
            "name": "DSRAlgorithm Path",
            "route_node_count": 3,
            "route": [
                0,
                30,
                39
            ]
        }
    ],
    "edges": [
        [
            0,
            5
        ],
        [
            0,
            11
        ],
        [
            0,
            17
        ],
        [
            0,
            30
        ],
        [
            0,
            33
        ],
        [
            1,
            4
        ],
        [
            1,
            16
        ],
        [
            1,
            18
        ],
        [
            1,
            21
        ],
        [
            1,
            23
        ],
        [
            1,
            28
        ],
        [
            1,
            34
        ],
        [
            1,
            37
        ],
        [
            2,
            28
        ],
        [
            2,
            30
        ],
        [
            2,
            35
        ],
        [
            3,
            12
        ],
        [
            3,
            14
        ],
        [
            3,
            18
        ],
        [
            3,
            36
        ],
        [
            4,
            8
        ],
        [
            4,
            13
        ],
        [
            4,
            14
        ],
        [
            4,
            15
        ],
        [
            4,
            19
        ],
        [
            4,
            29
        ],
        [
            5,
            10
        ],
        [
            5,
            14
        ],
        [
            5,
            17
        ],
        [
            5,
            21
        ],
        [
            5,
            39
        ],
        [
            6,
            18
        ],
        [
            6,
            23
        ],
        [
            7,
            37
        ],
        [
            8,
            17
        ],
        [
            8,
            29
        ],
        [
            8,
            30
        ],
        [
            8,
            32
        ],
        [
            8,
            34
        ],
        [
            9,
            12
        ],
        [
            9,
            17
        ],
        [
            9,
            24
        ],
        [
            9,
            34
        ],
        [
            9,
            39
        ],
        [
            10,
            26
        ],
        [
            10,
            28
        ],
        [
            10,
            37
        ],
        [
            11,
            20
        ],
        [
            11,
            26
        ],
        [
            11,
            37
        ],
        [
            12,
            19
        ],
        [
            12,
            21
        ],
        [
            12,
            32
        ],
        [
            12,
            35
        ],
        [
            12,
            36
        ],
        [
            12,
            39
        ],
        [
            13,
            22
        ],
        [
            13,
            36
        ],
        [
            13,
            39
        ],
        [
            14,
            15
        ],
        [
            14,
            22
        ],
        [
            14,
            25
        ],
        [
            14,
            31
        ],
        [
            14,
            35
        ],
        [
            14,
            38
        ],
        [
            15,
            19
        ],
        [
            15,
            35
        ],
        [
            15,
            36
        ],
        [
            16,
            18
        ],
        [
            16,
            26
        ],
        [
            16,
            37
        ],
        [
            16,
            39
        ],
        [
            17,
            26
        ],
        [
            18,
            19
        ],
        [
            18,
            20
        ],
        [
            18,
            25
        ],
        [
            18,
            26
        ],
        [
            19,
            24
        ],
        [
            19,
            31
        ],
        [
            19,
            36
        ],
        [
            20,
            32
        ],
        [
            20,
            38
        ],
        [
            21,
            23
        ],
        [
            21,
            31
        ],
        [
            22,
            25
        ],
        [
            23,
            28
        ],
        [
            23,
            30
        ],
        [
            24,
            26
        ],
        [
            25,
            29
        ],
        [
            25,
            35
        ],
        [
            25,
            38
        ],
        [
            26,
            28
        ],
        [
            26,
            31
        ],
        [
            27,
            30
        ],
        [
            27,
            32
        ],
        [
            27,
            38
        ],
        [
            27,
            39
        ],
        [
            28,
            38
        ],
        [
            28,
            39
        ],
        [
            29,
            31
        ],
        [
            30,
            39
        ],
        [
            32,
            37
        ],
        [
            34,
            37
        ],
        [
            35,
            37
        ],
        [
            37,
            38
        ]
    ]
}