{
    "total_node_number": 30,
    "probability_of_edge": 0.2,
    "time": {
        "request": 11000.0,
        "reply": 14998.5,
        "forwarding": 0.0
    },
    "request_message_count": 155,
    "route": [
        {
            "name": "Shortest Path",
            "route_node_count": 3,
            "route": [
                0,
                16,
                29
            ]
        },
        {
            "name": "DSRAlgorithm Path",
            "route_node_count": 3,
            "route": [
                0,
                16,
                29
            ]
        }
    ],
    "edges": [
        [
            0,
            9
        ],
        [
            0,
            11
        ],
        [
            0,
            16
        ],
        [
            0,
            23
        ],
        [
            0,
            24
        ],
        [
            1,
            2
        ],
        [
            1,
            8
        ],
        [
            1,
            9
        ],
        [
            1,
            14
        ],
        [
            1,
            18
        ],
        [
            1,
            28
        ],
        [
            2,
            8
        ],
        [
            2,
            17
        ],
        [
            3,
            4
        ],
        [
            3,
            11
        ],
        [
            3,
            15
        ],
        [
            3,
            16
        ],
        [
            3,
            19
        ],
        [
            3,
            20
        ],
        [
            3,
            28
        ],
        [
            4,
            5
        ],
        [
            4,
            7
        ],
        [
            4,
            11
        ],
        [
            4,
            26
        ],
        [
            5,
            6
        ],
        [
            5,
            10
        ],
        [
            5,
            12
        ],
        [
            5,
            14
        ],
        [
            5,
            16
        ],
        [
            5,
            22
        ],
        [
            5,
            24
        ],
        [
            5,
            29
        ],
        [
            6,
            9
        ],
        [
            7,
            18
        ],
        [
            7,
            19
        ],
        [
            7,
            28
        ],
        [
            8,
            12
        ],
        [
            8,
            23
        ],
        [
            8,
            26
        ],
        [
            9,
            10
        ],
        [
            9,
            23
        ],
        [
            9,
            24
        ],
        [
            9,
            25
        ],
        [
            9,
            26
        ],
        [
            9,
            27
        ],
        [
            10,
            17
        ],
        [
            11,
            17
        ],
        [
            11,
            20
        ],
        [
            11,
            24
        ],
        [
            13,
            18
        ],
        [
            13,
            20
        ],
        [
            13,
            21
        ],
        [
            13,
            23
        ],
        [
            14,
            16
        ],
        [
            14,
            22
        ],
        [
            14,
            25
        ],
        [
            14,
            28
        ],
        [
            15,
            18
        ],
        [
            15,
            24
        ],
        [
            15,
            26
        ],
        [
            15,
            27
        ],
        [
            16,
            19
        ],
        [
            16,
            27
        ],
        [
            16,
            29
        ],
        [
            17,
            18
        ],
        [
            17,
            20
        ],
        [
            17,
            24
        ],
        [
            17,
            25
        ],
        [
            18,
            20
        ],
        [
            18,
            23
        ],
        [
            18,
            28
        ],
        [
            18,
            29
        ],
        [
            20,
            25
        ],
        [
            22,
            25
        ],
        [
            23,
            24
        ],
        [
            23,
            29
        ],
        [
            24,
            26
        ],
        [
            26,
            27
        ],
        [
            26,
            28
        ],
        [
            28,
            29
        ]
    ]
}