{
    "total_node_number": 40,
    "probability_of_edge": 0.1,
    "time": {
        "request": 19000.25,
        "reply": 10999.25,
        "forwarding": 1002.75
    },
    "request_message_count": 150,
    "route": [
        {
            "name": "Shortest Path",
            "route_node_count": 4,
            "route": [
                0,
                4,
                28,
                39
            ]
        },
        {
            "name": "DSRAlgorithm Path",
            "route_node_count": 4,
            "route": [
                0,
                35,
                1,
                39
            ]
        }
    ],
    "edges": [
        [
            0,
            4
        ],
        [
            0,
            5
        ],
        [
            0,
            6
        ],
        [
            0,
            33
        ],
        [
            0,
            35
        ],
        [
            0,
            37
        ],
        [
            1,
            25
        ],
        [
            1,
            29
        ],
        [
            1,
            35
        ],
        [
            1,
            39
        ],
        [
            2,
            8
        ],
        [
            2,
            11
        ],
        [
            3,
            12
        ],
        [
            3,
            14
        ],
        [
            3,
            17
        ],
        [
            3,
            29
        ],
        [
            3,
            36
        ],
        [
            4,
            16
        ],
        [
            4,
            28
        ],
        [
            4,
            36
        ],
        [
            4,
            37
        ],
        [
            5,
            13
        ],
        [
            5,
            15
        ],
        [
            5,
            28
        ],
        [
            5,
            36
        ],
        [
            6,
            11
        ],
        [
            6,
            19
        ],
        [
            6,
            37
        ],
        [
            7,
            10
        ],
        [
            7,
            25
        ],
        [
            7,
            28
        ],
        [
            7,
            33
        ],
        [
            8,
            31
        ],
        [
            9,
            15
        ],
        [
            9,
            27
        ],
        [
            10,
            18
        ],
        [
            10,
            21
        ],
        [
            10,
            30
        ],
        [
            11,
            16
        ],
        [
            12,
            19
        ],
        [
            12,
            22
        ],
        [
            12,
            29
        ],
        [
            13,
            30
        ],
        [
            14,
            17
        ],
        [
            14,
            21
        ],
        [
            14,
            34
        ],
        [
            15,
            27
        ],
        [
            15,
            35
        ],
        [
            16,
            19
        ],
        [
            16,
            21
        ],
        [
            16,
            24
        ],
        [
            16,
            32
        ],
        [
            16,
            34
        ],
        [
            16,
            38
        ],
        [
            17,
            28
        ],
        [
            17,
            29
        ],
        [
            17,
            34
        ],
        [
            18,
            19
        ],
        [
            20,
            33
        ],
        [
            20,
            39
        ],
        [
            21,
            26
        ],
        [
            21,
            37
        ],
        [
            22,
            31
        ],
        [
            22,
            32
        ],
        [
            23,
            39
        ],
        [
            24,
            32
        ],
        [
            25,
            32
        ],
        [
            27,
            30
        ],
        [
            28,
            39
        ],
        [
            29,
            32
        ],
        [
            29,
            35
        ],
        [
            30,
            35
        ],
        [
            30,
            39
        ],
        [
            31,
            39
        ],
        [
            32,
            33
        ],
        [
            33,
            34
        ],
        [
            33,
            35
        ],
        [
            34,
            37
        ],
        [
            34,
            39
        ]
    ]
}