{
    "total_node_number": 40,
    "probability_of_edge": 0.1,
    "time": {
        "request": 6001.25,
        "reply": 22000.75,
        "forwarding": 0.0
    },
    "request_message_count": 150,
    "route": [
        {
            "name": "Shortest Path",
            "route_node_count": 3,
            "route": [
                0,
                8,
                39
            ]
        },
        {
            "name": "DSRAlgorithm Path",
            "route_node_count": 3,
            "route": [
                0,
                8,
                39
            ]
        }
    ],
    "edges": [
        [
            0,
            8
        ],
        [
            0,
            20
        ],
        [
            0,
            24
        ],
        [
            0,
            33
        ],
        [
            1,
            5
        ],
        [
            1,
            27
        ],
        [
            1,
            35
        ],
        [
            2,
            9
        ],
        [
            2,
            28
        ],
        [
            2,
            39
        ],
        [
            3,
            10
        ],
        [
            3,
            22
        ],
        [
            3,
            23
        ],
        [
            3,
            24
        ],
        [
            4,
            5
        ],
        [
            4,
            8
        ],
        [
            5,
            10
        ],
        [
            5,
            39
        ],
        [
            6,
            20
        ],
        [
            6,
            21
        ],
        [
            6,
            22
        ],
        [
            6,
            34
        ],
        [
            6,
            37
        ],
        [
            7,
            11
        ],
        [
            7,
            18
        ],
        [
            7,
            35
        ],
        [
            7,
            39
        ],
        [
            8,
            27
        ],
        [
            8,
            29
        ],
        [
            8,
            33
        ],
        [
            8,
            39
        ],
        [
            9,
            22
        ],
        [
            10,
            16
        ],
        [
            11,
            15
        ],
        [
            11,
            18
        ],
        [
            12,
            18
        ],
        [
            12,
            19
        ],
        [
            12,
            28
        ],
        [
            13,
            17
        ],
        [
            13,
            26
        ],
        [
            13,
            29
        ],
        [
            13,
            34
        ],
        [
            14,
            16
        ],
        [
            14,
            24
        ],
        [
            14,
            25
        ],
        [
            15,
            18
        ],
        [
            15,
            30
        ],
        [
            15,
            33
        ],
        [
            15,
            37
        ],
        [
            16,
            25
        ],
        [
            16,
            39
        ],
        [
            17,
            33
        ],
        [
            17,
            36
        ],
        [
            18,
            32
        ],
        [
            19,
            25
        ],
        [
            19,
            27
        ],
        [
            20,
            25
        ],
        [
            20,
            38
        ],
        [
            21,
            24
        ],
        [
            21,
            27
        ],
        [
            21,
            35
        ],
        [
            21,
            39
        ],
        [
            22,
            33
        ],
        [
            22,
            34
        ],
        [
            24,
            26
        ],
        [
            24,
            27
        ],
        [
            24,
            35
        ],
        [
            25,
            29
        ],
        [
            26,
            36
        ],
        [
            26,
            37
        ],
        [
            27,
            31
        ],
        [
            29,
            34
        ],
        [
            29,
            36
        ],
        [
            30,
            36
        ],
        [
            30,
            37
        ],
        [
            32,
            34
        ],
        [
            35,
            36
        ],
        [
            36,
            38
        ]
    ]
}