{
    "total_node_number": 40,
    "probability_of_edge": 0.1,
    "time": {
        "request": 10000.75,
        "reply": 21000.0,
        "forwarding": 1000.5
    },
    "request_message_count": 167,
    "route": [
        {
            "name": "Shortest Path",
            "route_node_count": 4,
            "route": [
                0,
                25,
                36,
                39
            ]
        },
        {
            "name": "DSRAlgorithm Path",
            "route_node_count": 4,
            "route": [
                0,
                25,
                36,
                39
            ]
        }
    ],
    "edges": [
        [
            0,
            25
        ],
        [
            0,
            33
        ],
        [
            1,
            15
        ],
        [
            1,
            33
        ],
        [
            1,
            36
        ],
        [
            2,
            5
        ],
        [
            2,
            13
        ],
        [
            2,
            19
        ],
        [
            2,
            20
        ],
        [
            2,
            39
        ],
        [
            3,
            7
        ],
        [
            3,
            10
        ],
        [
            3,
            22
        ],
        [
            3,
            30
        ],
        [
            3,
            38
        ],
        [
            4,
            7
        ],
        [
            4,
            18
        ],
        [
            4,
            23
        ],
        [
            5,
            8
        ],
        [
            5,
            16
        ],
        [
            5,
            17
        ],
        [
            5,
            21
        ],
        [
            5,
            31
        ],
        [
            5,
            38
        ],
        [
            6,
            15
        ],
        [
            6,
            30
        ],
        [
            7,
            22
        ],
        [
            8,
            10
        ],
        [
            8,
            14
        ],
        [
            8,
            32
        ],
        [
            8,
            35
        ],
        [
            9,
            10
        ],
        [
            9,
            12
        ],
        [
            9,
            21
        ],
        [
            9,
            28
        ],
        [
            9,
            36
        ],
        [
            10,
            39
        ],
        [
            11,
            16
        ],
        [
            11,
            23
        ],
        [
            11,
            29
        ],
        [
            12,
            15
        ],
        [
            12,
            17
        ],
        [
            12,
            23
        ],
        [
            12,
            30
        ],
        [
            12,
            33
        ],
        [
            12,
            34
        ],
        [
            13,
            29
        ],
        [
            15,
            38
        ],
        [
            17,
            25
        ],
        [
            17,
            28
        ],
        [
            17,
            29
        ],
        [
            17,
            30
        ],
        [
            17,
            32
        ],
        [
            18,
            35
        ],
        [
            18,
            36
        ],
        [
            19,
            31
        ],
        [
            19,
            35
        ],
        [
            20,
            27
        ],
        [
            20,
            30
        ],
        [
            20,
            32
        ],
        [
            20,
            39
        ],
        [
            21,
            31
        ],
        [
            21,
            38
        ],
        [
            22,
            24
        ],
        [
            22,
            31
        ],
        [
            22,
            37
        ],
        [
            23,
            27
        ],
        [
            24,
            27
        ],
        [
            24,
            28
        ],
        [
            24,
            37
        ],
        [
            25,
            29
        ],
        [
            25,
            30
        ],
        [
            25,
            31
        ],
        [
            25,
            33
        ],
        [
            25,
            36
        ],
        [
            26,
            39
        ],
        [
            27,
            30
        ],
        [
            27,
            32
        ],
        [
            27,
            36
        ],
        [
            27,
            37
        ],
        [
            29,
            34
        ],
        [
            29,
            35
        ],
        [
            31,
            36
        ],
        [
            34,
            39
        ],
        [
            35,
            37
        ],
        [
            36,
            37
        ],
        [
            36,
            39
        ]
    ]
}