{
    "total_node_number": 40,
    "probability_of_edge": 0.15,
    "time": {
        "request": 11000.75,
        "reply": 29997.5,
        "forwarding": 1001.5
    },
    "request_message_count": 221,
    "route": [
        {
            "name": "Shortest Path",
            "route_node_count": 3,
            "route": [
                0,
                14,
                39
            ]
        },
        {
            "name": "DSRAlgorithm Path",
            "route_node_count": 3,
            "route": [
                0,
                14,
                39
            ]
        }
    ],
    "edges": [
        [
            0,
            2
        ],
        [
            0,
            3
        ],
        [
            0,
            7
        ],
        [
            0,
            12
        ],
        [
            0,
            14
        ],
        [
            0,
            21
        ],
        [
            1,
            23
        ],
        [
            1,
            24
        ],
        [
            1,
            35
        ],
        [
            2,
            5
        ],
        [
            2,
            18
        ],
        [
            2,
            22
        ],
        [
            2,
            27
        ],
        [
            2,
            31
        ],
        [
            2,
            33
        ],
        [
            3,
            5
        ],
        [
            3,
            9
        ],
        [
            3,
            16
        ],
        [
            3,
            17
        ],
        [
            3,
            20
        ],
        [
            3,
            21
        ],
        [
            3,
            37
        ],
        [
            4,
            14
        ],
        [
            4,
            19
        ],
        [
            4,
            21
        ],
        [
            5,
            7
        ],
        [
            5,
            14
        ],
        [
            5,
            25
        ],
        [
            6,
            25
        ],
        [
            6,
            28
        ],
        [
            6,
            29
        ],
        [
            6,
            30
        ],
        [
            6,
            39
        ],
        [
            7,
            14
        ],
        [
            7,
            19
        ],
        [
            7,
            27
        ],
        [
            7,
            34
        ],
        [
            8,
            14
        ],
        [
            8,
            32
        ],
        [
            8,
            35
        ],
        [
            9,
            12
        ],
        [
            9,
            25
        ],
        [
            9,
            36
        ],
        [
            10,
            11
        ],
        [
            10,
            15
        ],
        [
            10,
            37
        ],
        [
            10,
            38
        ],
        [
            10,
            39
        ],
        [
            11,
            12
        ],
        [
            11,
            14
        ],
        [
            11,
            18
        ],
        [
            11,
            38
        ],
        [
            12,
            14
        ],
        [
            12,
            18
        ],
        [
            12,
            21
        ],
        [
            12,
            32
        ],
        [
            12,
            35
        ],
        [
            12,
            38
        ],
        [
            13,
            16
        ],
        [
            13,
            17
        ],
        [
            13,
            24
        ],
        [
            13,
            34
        ],
        [
            13,
            38
        ],
        [
            14,
            19
        ],
        [
            14,
            23
        ],
        [
            14,
            25
        ],
        [
            14,
            26
        ],
        [
            14,
            34
        ],
        [
            14,
            37
        ],
        [
            14,
            39
        ],
        [
            15,
            29
        ],
        [
            15,
            34
        ],
        [
            15,
            37
        ],
        [
            16,
            30
        ],
        [
            16,
            31
        ],
        [
            16,
            32
        ],
        [
            17,
            23
        ],
        [
            17,
            30
        ],
        [
            17,
            34
        ],
        [
            17,
            36
        ],
        [
            17,
            39
        ],
        [
            18,
            20
        ],
        [
            18,
            28
        ],
        [
            18,
            35
        ],
        [
            18,
            36
        ],
        [
            18,
            38
        ],
        [
            19,
            28
        ],
        [
            19,
            38
        ],
        [
            20,
            29
        ],
        [
            20,
            35
        ],
        [
            21,
            23
        ],
        [
            21,
            27
        ],
        [
            21,
            29
        ],
        [
            22,
            25
        ],
        [
            23,
            28
        ],
        [
            23,
            38
        ],
        [
            24,
            33
        ],
        [
            25,
            27
        ],
        [
            25,
            30
        ],
        [
            25,
            36
        ],
        [
            27,
            37
        ],
        [
            28,
            31
        ],
        [
            28,
            32
        ],
        [
            28,
            39
        ],
        [
            29,
            38
        ],
        [
            31,
            36
        ],
        [
            32,
            38
        ],
        [
            32,
            39
        ],
        [
            33,
            36
        ],
        [
            33,
            37
        ],
        [
            34,
            37
        ],
        [
            34,
            38
        ],
        [
            34,
            39
        ],
        [
            35,
            37
        ]
    ]
}