{
    "total_node_number": 40,
    "probability_of_edge": 0.1,
    "time": {
        "request": 4999.5,
        "reply": 20999.25,
        "forwarding": 1000.75
    },
    "request_message_count": 164,
    "route": [
        {
            "name": "Shortest Path",
            "route_node_count": 3,
            "route": [
                0,
                8,
                39
            ]
        },
        {
            "name": "DSRAlgorithm Path",
            "route_node_count": 3,
            "route": [
                0,
                8,
                39
            ]
        }
    ],
    "edges": [
        [
            0,
            8
        ],
        [
            0,
            16
        ],
        [
            1,
            31
        ],
        [
            1,
            34
        ],
        [
            1,
            36
        ],
        [
            2,
            18
        ],
        [
            2,
            27
        ],
        [
            2,
            29
        ],
        [
            2,
            31
        ],
        [
            2,
            39
        ],
        [
            3,
            12
        ],
        [
            3,
            21
        ],
        [
            3,
            23
        ],
        [
            3,
            27
        ],
        [
            3,
            31
        ],
        [
            3,
            35
        ],
        [
            3,
            36
        ],
        [
            4,
            5
        ],
        [
            4,
            6
        ],
        [
            4,
            17
        ],
        [
            4,
            18
        ],
        [
            4,
            21
        ],
        [
            4,
            31
        ],
        [
            4,
            39
        ],
        [
            5,
            19
        ],
        [
            5,
            25
        ],
        [
            6,
            9
        ],
        [
            6,
            16
        ],
        [
            6,
            29
        ],
        [
            6,
            32
        ],
        [
            7,
            11
        ],
        [
            7,
            16
        ],
        [
            7,
            19
        ],
        [
            7,
            33
        ],
        [
            8,
            16
        ],
        [
            8,
            18
        ],
        [
            8,
            32
        ],
        [
            8,
            39
        ],
        [
            9,
            14
        ],
        [
            9,
            15
        ],
        [
            9,
            22
        ],
        [
            9,
            25
        ],
        [
            9,
            35
        ],
        [
            10,
            27
        ],
        [
            11,
            30
        ],
        [
            11,
            33
        ],
        [
            12,
            17
        ],
        [
            13,
            18
        ],
        [
            13,
            34
        ],
        [
            14,
            18
        ],
        [
            14,
            35
        ],
        [
            14,
            38
        ],
        [
            15,
            19
        ],
        [
            15,
            21
        ],
        [
            15,
            29
        ],
        [
            15,
            34
        ],
        [
            16,
            22
        ],
        [
            16,
            28
        ],
        [
            16,
            33
        ],
        [
            17,
            24
        ],
        [
            17,
            38
        ],
        [
            18,
            31
        ],
        [
            18,
            35
        ],
        [
            18,
            36
        ],
        [
            19,
            22
        ],
        [
            19,
            37
        ],
        [
            20,
            24
        ],
        [
            20,
            25
        ],
        [
            20,
            29
        ],
        [
            20,
            34
        ],
        [
            20,
            38
        ],
        [
            22,
            26
        ],
        [
            22,
            29
        ],
        [
            23,
            34
        ],
        [
            24,
            32
        ],
        [
            24,
            39
        ],
        [
            27,
            34
        ],
        [
            27,
            39
        ],
        [
            28,
            30
        ],
        [
            28,
            38
        ],
        [
            30,
            32
        ],
        [
            32,
            39
        ],
        [
            33,
            39
        ],
        [
            35,
            37
        ],
        [
            35,
            38
        ],
        [
            36,
            39
        ]
    ]
}