{
    "total_node_number": 40,
    "probability_of_edge": 0.1,
    "time": {
        "request": 1999.75,
        "reply": 20000.25,
        "forwarding": 1000.0
    },
    "request_message_count": 159,
    "route": [
        {
            "name": "Shortest Path",
            "route_node_count": 3,
            "route": [
                0,
                20,
                39
            ]
        },
        {
            "name": "DSRAlgorithm Path",
            "route_node_count": 3,
            "route": [
                0,
                20,
                39
            ]
        }
    ],
    "edges": [
        [
            0,
            20
        ],
        [
            0,
            23
        ],
        [
            0,
            26
        ],
        [
            1,
            14
        ],
        [
            1,
            16
        ],
        [
            2,
            21
        ],
        [
            2,
            31
        ],
        [
            2,
            34
        ],
        [
            2,
            36
        ],
        [
            3,
            4
        ],
        [
            3,
            5
        ],
        [
            3,
            7
        ],
        [
            3,
            12
        ],
        [
            4,
            13
        ],
        [
            4,
            25
        ],
        [
            4,
            26
        ],
        [
            4,
            31
        ],
        [
            4,
            34
        ],
        [
            5,
            26
        ],
        [
            5,
            30
        ],
        [
            5,
            38
        ],
        [
            6,
            16
        ],
        [
            7,
            8
        ],
        [
            7,
            29
        ],
        [
            7,
            38
        ],
        [
            7,
            39
        ],
        [
            8,
            9
        ],
        [
            8,
            18
        ],
        [
            8,
            21
        ],
        [
            8,
            35
        ],
        [
            8,
            39
        ],
        [
            9,
            14
        ],
        [
            9,
            16
        ],
        [
            9,
            18
        ],
        [
            9,
            23
        ],
        [
            9,
            24
        ],
        [
            9,
            25
        ],
        [
            9,
            29
        ],
        [
            10,
            17
        ],
        [
            10,
            26
        ],
        [
            10,
            29
        ],
        [
            10,
            34
        ],
        [
            10,
            38
        ],
        [
            11,
            26
        ],
        [
            11,
            28
        ],
        [
            13,
            18
        ],
        [
            13,
            28
        ],
        [
            13,
            32
        ],
        [
            14,
            27
        ],
        [
            15,
            23
        ],
        [
            16,
            17
        ],
        [
            16,
            19
        ],
        [
            16,
            38
        ],
        [
            17,
            20
        ],
        [
            17,
            23
        ],
        [
            17,
            37
        ],
        [
            18,
            19
        ],
        [
            18,
            32
        ],
        [
            18,
            35
        ],
        [
            19,
            36
        ],
        [
            20,
            26
        ],
        [
            20,
            27
        ],
        [
            20,
            28
        ],
        [
            20,
            39
        ],
        [
            21,
            26
        ],
        [
            21,
            29
        ],
        [
            21,
            37
        ],
        [
            22,
            26
        ],
        [
            22,
            30
        ],
        [
            22,
            38
        ],
        [
            23,
            26
        ],
        [
            24,
            30
        ],
        [
            26,
            38
        ],
        [
            27,
            36
        ],
        [
            28,
            37
        ],
        [
            29,
            31
        ],
        [
            29,
            33
        ],
        [
            32,
            37
        ],
        [
            33,
            39
        ],
        [
            34,
            35
        ],
        [
            36,
            38
        ],
        [
            37,
            39
        ]
    ]
}