{
    "total_node_number": 40,
    "probability_of_edge": 0.1,
    "time": {
        "request": 13998.5,
        "reply": 10000.25,
        "forwarding": 1000.25
    },
    "request_message_count": 153,
    "route": [
        {
            "name": "Shortest Path",
            "route_node_count": 4,
            "route": [
                0,
                24,
                5,
                39
            ]
        },
        {
            "name": "DSRAlgorithm Path",
            "route_node_count": 4,
            "route": [
                0,
                24,
                5,
                39
            ]
        }
    ],
    "edges": [
        [
            0,
            14
        ],
        [
            0,
            24
        ],
        [
            0,
            28
        ],
        [
            0,
            33
        ],
        [
            1,
            16
        ],
        [
            1,
            18
        ],
        [
            1,
            23
        ],
        [
            1,
            33
        ],
        [
            1,
            35
        ],
        [
            2,
            16
        ],
        [
            2,
            18
        ],
        [
            2,
            37
        ],
        [
            3,
            27
        ],
        [
            4,
            9
        ],
        [
            4,
            16
        ],
        [
            4,
            22
        ],
        [
            4,
            31
        ],
        [
            5,
            11
        ],
        [
            5,
            13
        ],
        [
            5,
            19
        ],
        [
            5,
            24
        ],
        [
            5,
            37
        ],
        [
            5,
            39
        ],
        [
            6,
            7
        ],
        [
            6,
            8
        ],
        [
            6,
            11
        ],
        [
            6,
            31
        ],
        [
            7,
            8
        ],
        [
            7,
            11
        ],
        [
            7,
            20
        ],
        [
            7,
            25
        ],
        [
            7,
            27
        ],
        [
            8,
            10
        ],
        [
            8,
            21
        ],
        [
            8,
            32
        ],
        [
            9,
            24
        ],
        [
            10,
            24
        ],
        [
            11,
            14
        ],
        [
            11,
            24
        ],
        [
            11,
            32
        ],
        [
            12,
            14
        ],
        [
            13,
            29
        ],
        [
            14,
            21
        ],
        [
            15,
            21
        ],
        [
            15,
            28
        ],
        [
            15,
            31
        ],
        [
            16,
            20
        ],
        [
            17,
            27
        ],
        [
            17,
            29
        ],
        [
            18,
            23
        ],
        [
            19,
            35
        ],
        [
            19,
            36
        ],
        [
            20,
            21
        ],
        [
            20,
            34
        ],
        [
            21,
            38
        ],
        [
            22,
            33
        ],
        [
            22,
            37
        ],
        [
            23,
            29
        ],
        [
            24,
            25
        ],
        [
            24,
            26
        ],
        [
            25,
            30
        ],
        [
            25,
            34
        ],
        [
            25,
            38
        ],
        [
            26,
            27
        ],
        [
            26,
            30
        ],
        [
            26,
            37
        ],
        [
            27,
            30
        ],
        [
            27,
            33
        ],
        [
            29,
            32
        ],
        [
            29,
            34
        ],
        [
            29,
            38
        ],
        [
            30,
            37
        ],
        [
            31,
            36
        ],
        [
            32,
            33
        ],
        [
            33,
            35
        ],
        [
            33,
            36
        ],
        [
            35,
            36
        ]
    ]
}