{
    "total_node_number": 30,
    "probability_of_edge": 0.2,
    "time": {
        "request": 24999.5,
        "reply": 8001.25,
        "forwarding": 1000.0
    },
    "request_message_count": 179,
    "route": [
        {
            "name": "Shortest Path",
            "route_node_count": 4,
            "route": [
                0,
                20,
                7,
                29
            ]
        },
        {
            "name": "DSRAlgorithm Path",
            "route_node_count": 4,
            "route": [
                0,
                4,
                25,
                29
            ]
        }
    ],
    "edges": [
        [
            0,
            4
        ],
        [
            0,
            13
        ],
        [
            0,
            14
        ],
        [
            0,
            15
        ],
        [
            0,
            20
        ],
        [
            0,
            27
        ],
        [
            1,
            3
        ],
        [
            1,
            17
        ],
        [
            1,
            23
        ],
        [
            2,
            5
        ],
        [
            2,
            6
        ],
        [
            2,
            10
        ],
        [
            2,
            14
        ],
        [
            2,
            19
        ],
        [
            2,
            20
        ],
        [
            2,
            21
        ],
        [
            2,
            26
        ],
        [
            3,
            4
        ],
        [
            3,
            8
        ],
        [
            3,
            10
        ],
        [
            3,
            15
        ],
        [
            3,
            20
        ],
        [
            3,
            21
        ],
        [
            4,
            10
        ],
        [
            4,
            15
        ],
        [
            4,
            20
        ],
        [
            4,
            25
        ],
        [
            4,
            27
        ],
        [
            5,
            8
        ],
        [
            5,
            10
        ],
        [
            5,
            16
        ],
        [
            5,
            19
        ],
        [
            5,
            26
        ],
        [
            6,
            7
        ],
        [
            6,
            25
        ],
        [
            7,
            8
        ],
        [
            7,
            9
        ],
        [
            7,
            11
        ],
        [
            7,
            18
        ],
        [
            7,
            20
        ],
        [
            7,
            23
        ],
        [
            7,
            24
        ],
        [
            7,
            29
        ],
        [
            8,
            11
        ],
        [
            8,
            15
        ],
        [
            9,
            11
        ],
        [
            9,
            23
        ],
        [
            10,
            18
        ],
        [
            10,
            21
        ],
        [
            10,
            24
        ],
        [
            11,
            13
        ],
        [
            11,
            15
        ],
        [
            11,
            18
        ],
        [
            11,
            21
        ],
        [
            11,
            28
        ],
        [
            12,
            13
        ],
        [
            12,
            20
        ],
        [
            12,
            23
        ],
        [
            12,
            25
        ],
        [
            12,
            26
        ],
        [
            13,
            17
        ],
        [
            13,
            22
        ],
        [
            14,
            15
        ],
        [
            14,
            17
        ],
        [
            14,
            19
        ],
        [
            14,
            23
        ],
        [
            14,
            26
        ],
        [
            15,
            16
        ],
        [
            15,
            17
        ],
        [
            15,
            18
        ],
        [
            15,
            21
        ],
        [
            15,
            22
        ],
        [
            15,
            25
        ],
        [
            16,
            24
        ],
        [
            16,
            25
        ],
        [
            17,
            26
        ],
        [
            18,
            25
        ],
        [
            19,
            23
        ],
        [
            20,
            23
        ],
        [
            20,
            26
        ],
        [
            22,
            26
        ],
        [
            23,
            24
        ],
        [
            23,
            25
        ],
        [
            23,
            27
        ],
        [
            23,
            28
        ],
        [
            23,
            29
        ],
        [
            24,
            26
        ],
        [
            24,
            28
        ],
        [
            25,
            26
        ],
        [
            25,
            29
        ],
        [
            26,
            28
        ]
    ]
}