{
    "total_node_number": 40,
    "probability_of_edge": 0.1,
    "time": {
        "request": 26000.75,
        "reply": 5000.5,
        "forwarding": 1000.25
    },
    "request_message_count": 163,
    "route": [
        {
            "name": "Shortest Path",
            "route_node_count": 4,
            "route": [
                0,
                27,
                15,
                39
            ]
        },
        {
            "name": "DSRAlgorithm Path",
            "route_node_count": 4,
            "route": [
                0,
                27,
                15,
                39
            ]
        }
    ],
    "edges": [
        [
            0,
            1
        ],
        [
            0,
            8
        ],
        [
            0,
            21
        ],
        [
            0,
            27
        ],
        [
            0,
            35
        ],
        [
            1,
            3
        ],
        [
            1,
            10
        ],
        [
            1,
            21
        ],
        [
            1,
            29
        ],
        [
            1,
            31
        ],
        [
            1,
            38
        ],
        [
            2,
            3
        ],
        [
            2,
            9
        ],
        [
            2,
            17
        ],
        [
            2,
            23
        ],
        [
            2,
            28
        ],
        [
            2,
            29
        ],
        [
            3,
            16
        ],
        [
            3,
            37
        ],
        [
            4,
            5
        ],
        [
            4,
            6
        ],
        [
            4,
            8
        ],
        [
            4,
            10
        ],
        [
            4,
            12
        ],
        [
            4,
            14
        ],
        [
            4,
            21
        ],
        [
            4,
            23
        ],
        [
            5,
            11
        ],
        [
            5,
            24
        ],
        [
            5,
            27
        ],
        [
            5,
            28
        ],
        [
            5,
            34
        ],
        [
            6,
            11
        ],
        [
            6,
            15
        ],
        [
            6,
            21
        ],
        [
            7,
            24
        ],
        [
            8,
            9
        ],
        [
            8,
            12
        ],
        [
            8,
            25
        ],
        [
            8,
            38
        ],
        [
            9,
            13
        ],
        [
            9,
            29
        ],
        [
            9,
            31
        ],
        [
            10,
            20
        ],
        [
            10,
            35
        ],
        [
            11,
            26
        ],
        [
            11,
            38
        ],
        [
            12,
            33
        ],
        [
            12,
            34
        ],
        [
            12,
            36
        ],
        [
            13,
            33
        ],
        [
            14,
            16
        ],
        [
            15,
            27
        ],
        [
            15,
            34
        ],
        [
            15,
            39
        ],
        [
            16,
            19
        ],
        [
            16,
            36
        ],
        [
            17,
            36
        ],
        [
            18,
            19
        ],
        [
            21,
            22
        ],
        [
            21,
            33
        ],
        [
            21,
            37
        ],
        [
            23,
            27
        ],
        [
            23,
            32
        ],
        [
            23,
            33
        ],
        [
            23,
            36
        ],
        [
            24,
            30
        ],
        [
            24,
            33
        ],
        [
            25,
            33
        ],
        [
            26,
            31
        ],
        [
            26,
            37
        ],
        [
            27,
            31
        ],
        [
            27,
            38
        ],
        [
            28,
            32
        ],
        [
            28,
            35
        ],
        [
            30,
            37
        ],
        [
            32,
            33
        ],
        [
            32,
            35
        ],
        [
            32,
            37
        ],
        [
            34,
            38
        ],
        [
            36,
            37
        ],
        [
            37,
            38
        ]
    ]
}