{
    "total_node_number": 40,
    "probability_of_edge": 0.15,
    "time": {
        "request": 19245.5,
        "reply": 20322.75,
        "forwarding": 992.25
    },
    "request_message_count": 229,
    "route": [
        {
            "name": "Shortest Path",
            "route_node_count": 4,
            "route": [
                0,
                1,
                36,
                39
            ]
        },
        {
            "name": "DSRAlgorithm Path",
            "route_node_count": 4,
            "route": [
                0,
                1,
                36,
                39
            ]
        }
    ],
    "edges": [
        [
            0,
            1
        ],
        [
            0,
            17
        ],
        [
            0,
            26
        ],
        [
            1,
            10
        ],
        [
            1,
            23
        ],
        [
            1,
            29
        ],
        [
            1,
            33
        ],
        [
            1,
            36
        ],
        [
            2,
            8
        ],
        [
            2,
            15
        ],
        [
            2,
            20
        ],
        [
            2,
            22
        ],
        [
            2,
            27
        ],
        [
            2,
            39
        ],
        [
            3,
            16
        ],
        [
            3,
            18
        ],
        [
            3,
            20
        ],
        [
            3,
            21
        ],
        [
            4,
            13
        ],
        [
            4,
            22
        ],
        [
            4,
            27
        ],
        [
            4,
            39
        ],
        [
            5,
            10
        ],
        [
            5,
            13
        ],
        [
            5,
            17
        ],
        [
            5,
            20
        ],
        [
            5,
            25
        ],
        [
            5,
            38
        ],
        [
            6,
            9
        ],
        [
            6,
            11
        ],
        [
            6,
            13
        ],
        [
            6,
            14
        ],
        [
            6,
            15
        ],
        [
            6,
            31
        ],
        [
            7,
            12
        ],
        [
            7,
            14
        ],
        [
            7,
            22
        ],
        [
            7,
            37
        ],
        [
            8,
            13
        ],
        [
            8,
            14
        ],
        [
            8,
            22
        ],
        [
            8,
            28
        ],
        [
            8,
            35
        ],
        [
            8,
            38
        ],
        [
            9,
            13
        ],
        [
            9,
            14
        ],
        [
            9,
            19
        ],
        [
            9,
            21
        ],
        [
            9,
            22
        ],
        [
            9,
            28
        ],
        [
            9,
            34
        ],
        [
            10,
            16
        ],
        [
            10,
            25
        ],
        [
            10,
            30
        ],
        [
            11,
            13
        ],
        [
            11,
            14
        ],
        [
            11,
            21
        ],
        [
            11,
            23
        ],
        [
            11,
            28
        ],
        [
            11,
            34
        ],
        [
            12,
            13
        ],
        [
            12,
            15
        ],
        [
            12,
            20
        ],
        [
            12,
            21
        ],
        [
            12,
            25
        ],
        [
            12,
            32
        ],
        [
            13,
            18
        ],
        [
            13,
            20
        ],
        [
            13,
            33
        ],
        [
            14,
            17
        ],
        [
            14,
            34
        ],
        [
            15,
            16
        ],
        [
            15,
            19
        ],
        [
            15,
            20
        ],
        [
            15,
            24
        ],
        [
            15,
            29
        ],
        [
            15,
            30
        ],
        [
            15,
            35
        ],
        [
            15,
            37
        ],
        [
            16,
            18
        ],
        [
            16,
            33
        ],
        [
            16,
            36
        ],
        [
            16,
            38
        ],
        [
            17,
            19
        ],
        [
            17,
            31
        ],
        [
            18,
            25
        ],
        [
            19,
            29
        ],
        [
            20,
            26
        ],
        [
            20,
            28
        ],
        [
            20,
            32
        ],
        [
            20,
            37
        ],
        [
            21,
            25
        ],
        [
            21,
            30
        ],
        [
            21,
            36
        ],
        [
            21,
            37
        ],
        [
            22,
            23
        ],
        [
            22,
            28
        ],
        [
            22,
            35
        ],
        [
            24,
            32
        ],
        [
            24,
            34
        ],
        [
            24,
            35
        ],
        [
            26,
            27
        ],
        [
            27,
            30
        ],
        [
            27,
            34
        ],
        [
            27,
            35
        ],
        [
            27,
            38
        ],
        [
            28,
            38
        ],
        [
            29,
            32
        ],
        [
            30,
            32
        ],
        [
            31,
            32
        ],
        [
            31,
            38
        ],
        [
            33,
            35
        ],
        [
            33,
            36
        ],
        [
            34,
            37
        ],
        [
            34,
            38
        ],
        [
            36,
            39
        ]
    ]
}