{
    "total_node_number": 30,
    "probability_of_edge": 0.2,
    "time": {
        "request": 10000.0,
        "reply": 15999.75,
        "forwarding": 0.0
    },
    "request_message_count": 165,
    "route": [
        {
            "name": "Shortest Path",
            "route_node_count": 3,
            "route": [
                0,
                10,
                29
            ]
        },
        {
            "name": "DSRAlgorithm Path",
            "route_node_count": 3,
            "route": [
                0,
                10,
                29
            ]
        }
    ],
    "edges": [
        [
            0,
            4
        ],
        [
            0,
            6
        ],
        [
            0,
            10
        ],
        [
            0,
            18
        ],
        [
            0,
            25
        ],
        [
            0,
            27
        ],
        [
            1,
            3
        ],
        [
            1,
            16
        ],
        [
            1,
            17
        ],
        [
            1,
            19
        ],
        [
            1,
            21
        ],
        [
            1,
            27
        ],
        [
            1,
            29
        ],
        [
            2,
            14
        ],
        [
            2,
            15
        ],
        [
            2,
            17
        ],
        [
            2,
            25
        ],
        [
            3,
            4
        ],
        [
            3,
            5
        ],
        [
            3,
            7
        ],
        [
            3,
            8
        ],
        [
            3,
            16
        ],
        [
            3,
            23
        ],
        [
            3,
            25
        ],
        [
            4,
            7
        ],
        [
            4,
            14
        ],
        [
            4,
            24
        ],
        [
            5,
            10
        ],
        [
            5,
            13
        ],
        [
            5,
            19
        ],
        [
            5,
            20
        ],
        [
            5,
            21
        ],
        [
            5,
            23
        ],
        [
            5,
            24
        ],
        [
            6,
            13
        ],
        [
            6,
            17
        ],
        [
            6,
            22
        ],
        [
            6,
            26
        ],
        [
            6,
            28
        ],
        [
            7,
            10
        ],
        [
            7,
            14
        ],
        [
            7,
            16
        ],
        [
            7,
            28
        ],
        [
            8,
            14
        ],
        [
            8,
            20
        ],
        [
            8,
            26
        ],
        [
            8,
            28
        ],
        [
            8,
            29
        ],
        [
            9,
            11
        ],
        [
            9,
            12
        ],
        [
            9,
            13
        ],
        [
            9,
            14
        ],
        [
            9,
            15
        ],
        [
            9,
            17
        ],
        [
            9,
            26
        ],
        [
            10,
            21
        ],
        [
            10,
            29
        ],
        [
            11,
            12
        ],
        [
            11,
            21
        ],
        [
            11,
            27
        ],
        [
            11,
            29
        ],
        [
            12,
            26
        ],
        [
            13,
            15
        ],
        [
            13,
            17
        ],
        [
            13,
            21
        ],
        [
            13,
            29
        ],
        [
            14,
            22
        ],
        [
            14,
            23
        ],
        [
            15,
            25
        ],
        [
            15,
            26
        ],
        [
            16,
            22
        ],
        [
            16,
            27
        ],
        [
            17,
            19
        ],
        [
            17,
            20
        ],
        [
            17,
            21
        ],
        [
            17,
            28
        ],
        [
            17,
            29
        ],
        [
            18,
            19
        ],
        [
            18,
            20
        ],
        [
            18,
            26
        ],
        [
            19,
            20
        ],
        [
            19,
            23
        ],
        [
            20,
            22
        ],
        [
            21,
            22
        ],
        [
            22,
            23
        ],
        [
            28,
            29
        ]
    ]
}