{
    "total_node_number": 40,
    "probability_of_edge": 0.1,
    "time": {
        "request": 25000.25,
        "reply": 4000.5,
        "forwarding": 1001.0
    },
    "request_message_count": 155,
    "route": [
        {
            "name": "Shortest Path",
            "route_node_count": 5,
            "route": [
                0,
                21,
                22,
                1,
                39
            ]
        },
        {
            "name": "DSRAlgorithm Path",
            "route_node_count": 5,
            "route": [
                0,
                38,
                20,
                23,
                39
            ]
        }
    ],
    "edges": [
        [
            0,
            21
        ],
        [
            0,
            33
        ],
        [
            0,
            38
        ],
        [
            1,
            22
        ],
        [
            1,
            39
        ],
        [
            2,
            3
        ],
        [
            2,
            16
        ],
        [
            2,
            24
        ],
        [
            3,
            9
        ],
        [
            3,
            10
        ],
        [
            3,
            17
        ],
        [
            3,
            19
        ],
        [
            3,
            22
        ],
        [
            3,
            34
        ],
        [
            4,
            10
        ],
        [
            4,
            21
        ],
        [
            4,
            24
        ],
        [
            4,
            36
        ],
        [
            5,
            6
        ],
        [
            5,
            8
        ],
        [
            5,
            13
        ],
        [
            5,
            27
        ],
        [
            6,
            9
        ],
        [
            6,
            14
        ],
        [
            6,
            15
        ],
        [
            6,
            22
        ],
        [
            6,
            23
        ],
        [
            6,
            35
        ],
        [
            6,
            38
        ],
        [
            7,
            12
        ],
        [
            7,
            21
        ],
        [
            7,
            31
        ],
        [
            7,
            34
        ],
        [
            9,
            10
        ],
        [
            9,
            23
        ],
        [
            9,
            28
        ],
        [
            9,
            36
        ],
        [
            10,
            20
        ],
        [
            10,
            28
        ],
        [
            10,
            33
        ],
        [
            11,
            31
        ],
        [
            12,
            16
        ],
        [
            12,
            18
        ],
        [
            12,
            19
        ],
        [
            12,
            36
        ],
        [
            13,
            29
        ],
        [
            13,
            30
        ],
        [
            14,
            23
        ],
        [
            14,
            25
        ],
        [
            14,
            37
        ],
        [
            15,
            26
        ],
        [
            15,
            32
        ],
        [
            15,
            34
        ],
        [
            15,
            38
        ],
        [
            16,
            18
        ],
        [
            17,
            20
        ],
        [
            18,
            21
        ],
        [
            18,
            26
        ],
        [
            18,
            35
        ],
        [
            19,
            28
        ],
        [
            19,
            33
        ],
        [
            20,
            23
        ],
        [
            20,
            25
        ],
        [
            20,
            35
        ],
        [
            20,
            38
        ],
        [
            21,
            22
        ],
        [
            21,
            26
        ],
        [
            21,
            38
        ],
        [
            22,
            28
        ],
        [
            22,
            34
        ],
        [
            23,
            39
        ],
        [
            24,
            29
        ],
        [
            24,
            39
        ],
        [
            26,
            27
        ],
        [
            27,
            29
        ],
        [
            28,
            36
        ],
        [
            32,
            35
        ],
        [
            33,
            35
        ],
        [
            36,
            37
        ]
    ]
}