{
    "total_node_number": 30,
    "probability_of_edge": 0.2,
    "time": {
        "request": 3998.5,
        "reply": 21000.5,
        "forwarding": 0.0
    },
    "request_message_count": 161,
    "route": [
        {
            "name": "Shortest Path",
            "route_node_count": 3,
            "route": [
                0,
                5,
                29
            ]
        },
        {
            "name": "DSRAlgorithm Path",
            "route_node_count": 3,
            "route": [
                0,
                26,
                29
            ]
        }
    ],
    "edges": [
        [
            0,
            5
        ],
        [
            0,
            19
        ],
        [
            0,
            26
        ],
        [
            1,
            2
        ],
        [
            1,
            7
        ],
        [
            1,
            8
        ],
        [
            1,
            10
        ],
        [
            1,
            19
        ],
        [
            1,
            28
        ],
        [
            2,
            5
        ],
        [
            2,
            12
        ],
        [
            2,
            13
        ],
        [
            2,
            14
        ],
        [
            2,
            17
        ],
        [
            2,
            18
        ],
        [
            2,
            28
        ],
        [
            3,
            5
        ],
        [
            3,
            7
        ],
        [
            3,
            11
        ],
        [
            3,
            26
        ],
        [
            4,
            11
        ],
        [
            4,
            18
        ],
        [
            4,
            20
        ],
        [
            5,
            7
        ],
        [
            5,
            11
        ],
        [
            5,
            13
        ],
        [
            5,
            23
        ],
        [
            5,
            29
        ],
        [
            6,
            11
        ],
        [
            6,
            14
        ],
        [
            6,
            17
        ],
        [
            6,
            22
        ],
        [
            7,
            8
        ],
        [
            7,
            11
        ],
        [
            7,
            15
        ],
        [
            7,
            20
        ],
        [
            7,
            23
        ],
        [
            8,
            11
        ],
        [
            8,
            13
        ],
        [
            8,
            15
        ],
        [
            9,
            14
        ],
        [
            9,
            20
        ],
        [
            9,
            22
        ],
        [
            10,
            14
        ],
        [
            10,
            16
        ],
        [
            10,
            25
        ],
        [
            11,
            21
        ],
        [
            11,
            25
        ],
        [
            11,
            26
        ],
        [
            12,
            13
        ],
        [
            12,
            27
        ],
        [
            13,
            16
        ],
        [
            13,
            26
        ],
        [
            14,
            16
        ],
        [
            14,
            18
        ],
        [
            14,
            22
        ],
        [
            15,
            18
        ],
        [
            15,
            21
        ],
        [
            15,
            22
        ],
        [
            16,
            17
        ],
        [
            17,
            22
        ],
        [
            17,
            23
        ],
        [
            17,
            25
        ],
        [
            17,
            27
        ],
        [
            18,
            21
        ],
        [
            18,
            25
        ],
        [
            19,
            25
        ],
        [
            20,
            23
        ],
        [
            20,
            24
        ],
        [
            20,
            28
        ],
        [
            21,
            22
        ],
        [
            21,
            23
        ],
        [
            21,
            24
        ],
        [
            21,
            25
        ],
        [
            22,
            24
        ],
        [
            22,
            28
        ],
        [
            23,
            28
        ],
        [
            24,
            26
        ],
        [
            24,
            27
        ],
        [
            25,
            29
        ],
        [
            26,
            27
        ],
        [
            26,
            29
        ]
    ]
}