{
    "total_node_number": 40,
    "probability_of_edge": 0.15,
    "time": {
        "request": 25999.75,
        "reply": 16001.75,
        "forwarding": 0.0
    },
    "request_message_count": 222,
    "route": [
        {
            "name": "Shortest Path",
            "route_node_count": 3,
            "route": [
                0,
                21,
                39
            ]
        },
        {
            "name": "DSRAlgorithm Path",
            "route_node_count": 3,
            "route": [
                0,
                21,
                39
            ]
        }
    ],
    "edges": [
        [
            0,
            5
        ],
        [
            0,
            12
        ],
        [
            0,
            21
        ],
        [
            0,
            30
        ],
        [
            1,
            8
        ],
        [
            1,
            9
        ],
        [
            2,
            11
        ],
        [
            2,
            28
        ],
        [
            2,
            30
        ],
        [
            3,
            4
        ],
        [
            3,
            7
        ],
        [
            3,
            13
        ],
        [
            3,
            15
        ],
        [
            3,
            18
        ],
        [
            3,
            22
        ],
        [
            3,
            28
        ],
        [
            3,
            30
        ],
        [
            4,
            5
        ],
        [
            4,
            14
        ],
        [
            4,
            28
        ],
        [
            4,
            29
        ],
        [
            4,
            38
        ],
        [
            5,
            6
        ],
        [
            5,
            9
        ],
        [
            5,
            11
        ],
        [
            5,
            14
        ],
        [
            5,
            16
        ],
        [
            5,
            29
        ],
        [
            6,
            8
        ],
        [
            6,
            9
        ],
        [
            6,
            13
        ],
        [
            6,
            16
        ],
        [
            6,
            23
        ],
        [
            6,
            30
        ],
        [
            6,
            32
        ],
        [
            7,
            13
        ],
        [
            7,
            17
        ],
        [
            8,
            30
        ],
        [
            9,
            24
        ],
        [
            9,
            25
        ],
        [
            9,
            26
        ],
        [
            9,
            27
        ],
        [
            9,
            37
        ],
        [
            10,
            37
        ],
        [
            11,
            16
        ],
        [
            11,
            31
        ],
        [
            11,
            32
        ],
        [
            12,
            13
        ],
        [
            12,
            17
        ],
        [
            12,
            19
        ],
        [
            12,
            23
        ],
        [
            12,
            25
        ],
        [
            12,
            29
        ],
        [
            12,
            33
        ],
        [
            12,
            34
        ],
        [
            12,
            38
        ],
        [
            13,
            33
        ],
        [
            13,
            39
        ],
        [
            14,
            15
        ],
        [
            14,
            17
        ],
        [
            14,
            19
        ],
        [
            14,
            22
        ],
        [
            14,
            33
        ],
        [
            14,
            34
        ],
        [
            14,
            36
        ],
        [
            14,
            37
        ],
        [
            15,
            18
        ],
        [
            15,
            24
        ],
        [
            15,
            27
        ],
        [
            15,
            28
        ],
        [
            15,
            35
        ],
        [
            15,
            36
        ],
        [
            15,
            38
        ],
        [
            16,
            17
        ],
        [
            16,
            26
        ],
        [
            16,
            32
        ],
        [
            16,
            36
        ],
        [
            16,
            39
        ],
        [
            17,
            22
        ],
        [
            17,
            38
        ],
        [
            18,
            37
        ],
        [
            18,
            39
        ],
        [
            19,
            34
        ],
        [
            19,
            35
        ],
        [
            20,
            27
        ],
        [
            20,
            29
        ],
        [
            20,
            35
        ],
        [
            20,
            39
        ],
        [
            21,
            30
        ],
        [
            21,
            36
        ],
        [
            21,
            39
        ],
        [
            22,
            23
        ],
        [
            23,
            34
        ],
        [
            24,
            30
        ],
        [
            24,
            36
        ],
        [
            24,
            37
        ],
        [
            25,
            34
        ],
        [
            25,
            35
        ],
        [
            26,
            27
        ],
        [
            26,
            31
        ],
        [
            26,
            32
        ],
        [
            26,
            33
        ],
        [
            26,
            34
        ],
        [
            26,
            36
        ],
        [
            26,
            37
        ],
        [
            27,
            28
        ],
        [
            27,
            29
        ],
        [
            28,
            35
        ],
        [
            30,
            36
        ],
        [
            30,
            37
        ],
        [
            31,
            38
        ],
        [
            31,
            39
        ],
        [
            33,
            35
        ],
        [
            34,
            37
        ]
    ]
}