{
    "total_node_number": 40,
    "probability_of_edge": 0.1,
    "time": {
        "request": 10000.75,
        "reply": 21999.25,
        "forwarding": 1001.25
    },
    "request_message_count": 167,
    "route": [
        {
            "name": "Shortest Path",
            "route_node_count": 3,
            "route": [
                0,
                5,
                39
            ]
        },
        {
            "name": "DSRAlgorithm Path",
            "route_node_count": 4,
            "route": [
                0,
                38,
                30,
                39
            ]
        }
    ],
    "edges": [
        [
            0,
            5
        ],
        [
            0,
            11
        ],
        [
            0,
            12
        ],
        [
            0,
            38
        ],
        [
            1,
            21
        ],
        [
            1,
            29
        ],
        [
            2,
            3
        ],
        [
            2,
            21
        ],
        [
            2,
            37
        ],
        [
            3,
            29
        ],
        [
            3,
            32
        ],
        [
            3,
            35
        ],
        [
            4,
            11
        ],
        [
            4,
            13
        ],
        [
            5,
            16
        ],
        [
            5,
            29
        ],
        [
            5,
            32
        ],
        [
            5,
            39
        ],
        [
            6,
            7
        ],
        [
            6,
            8
        ],
        [
            6,
            13
        ],
        [
            7,
            9
        ],
        [
            7,
            19
        ],
        [
            7,
            31
        ],
        [
            7,
            38
        ],
        [
            8,
            16
        ],
        [
            8,
            26
        ],
        [
            8,
            33
        ],
        [
            9,
            11
        ],
        [
            9,
            15
        ],
        [
            9,
            19
        ],
        [
            9,
            22
        ],
        [
            9,
            30
        ],
        [
            9,
            32
        ],
        [
            9,
            39
        ],
        [
            10,
            11
        ],
        [
            10,
            12
        ],
        [
            10,
            17
        ],
        [
            10,
            20
        ],
        [
            10,
            21
        ],
        [
            10,
            22
        ],
        [
            11,
            16
        ],
        [
            12,
            23
        ],
        [
            12,
            28
        ],
        [
            13,
            16
        ],
        [
            13,
            20
        ],
        [
            13,
            22
        ],
        [
            13,
            26
        ],
        [
            13,
            29
        ],
        [
            13,
            36
        ],
        [
            14,
            37
        ],
        [
            15,
            26
        ],
        [
            15,
            28
        ],
        [
            15,
            30
        ],
        [
            15,
            31
        ],
        [
            15,
            35
        ],
        [
            15,
            39
        ],
        [
            16,
            24
        ],
        [
            16,
            28
        ],
        [
            16,
            34
        ],
        [
            16,
            38
        ],
        [
            17,
            32
        ],
        [
            17,
            34
        ],
        [
            18,
            21
        ],
        [
            19,
            34
        ],
        [
            19,
            35
        ],
        [
            20,
            21
        ],
        [
            20,
            29
        ],
        [
            20,
            32
        ],
        [
            21,
            22
        ],
        [
            21,
            24
        ],
        [
            21,
            31
        ],
        [
            21,
            32
        ],
        [
            23,
            36
        ],
        [
            23,
            39
        ],
        [
            24,
            27
        ],
        [
            25,
            27
        ],
        [
            25,
            30
        ],
        [
            26,
            29
        ],
        [
            28,
            36
        ],
        [
            30,
            37
        ],
        [
            30,
            38
        ],
        [
            30,
            39
        ],
        [
            31,
            32
        ],
        [
            31,
            38
        ],
        [
            34,
            35
        ]
    ]
}