{
    "total_node_number": 30,
    "probability_of_edge": 0.2,
    "time": {
        "request": 23000.0,
        "reply": 7000.0,
        "forwarding": 1000.0
    },
    "request_message_count": 160,
    "route": [
        {
            "name": "Shortest Path",
            "route_node_count": 4,
            "route": [
                0,
                12,
                2,
                29
            ]
        },
        {
            "name": "DSRAlgorithm Path",
            "route_node_count": 4,
            "route": [
                0,
                12,
                2,
                29
            ]
        }
    ],
    "edges": [
        [
            0,
            12
        ],
        [
            0,
            14
        ],
        [
            0,
            17
        ],
        [
            0,
            18
        ],
        [
            0,
            21
        ],
        [
            1,
            5
        ],
        [
            1,
            23
        ],
        [
            2,
            8
        ],
        [
            2,
            12
        ],
        [
            2,
            14
        ],
        [
            2,
            19
        ],
        [
            2,
            25
        ],
        [
            2,
            29
        ],
        [
            3,
            4
        ],
        [
            3,
            5
        ],
        [
            3,
            9
        ],
        [
            3,
            11
        ],
        [
            3,
            21
        ],
        [
            3,
            23
        ],
        [
            3,
            26
        ],
        [
            4,
            8
        ],
        [
            4,
            11
        ],
        [
            4,
            12
        ],
        [
            4,
            15
        ],
        [
            4,
            16
        ],
        [
            4,
            23
        ],
        [
            4,
            26
        ],
        [
            4,
            27
        ],
        [
            5,
            7
        ],
        [
            5,
            9
        ],
        [
            5,
            12
        ],
        [
            5,
            17
        ],
        [
            5,
            21
        ],
        [
            5,
            27
        ],
        [
            6,
            10
        ],
        [
            6,
            12
        ],
        [
            6,
            14
        ],
        [
            6,
            17
        ],
        [
            6,
            29
        ],
        [
            7,
            14
        ],
        [
            7,
            17
        ],
        [
            8,
            9
        ],
        [
            8,
            12
        ],
        [
            8,
            17
        ],
        [
            8,
            24
        ],
        [
            9,
            10
        ],
        [
            9,
            12
        ],
        [
            9,
            23
        ],
        [
            9,
            27
        ],
        [
            9,
            28
        ],
        [
            10,
            13
        ],
        [
            10,
            15
        ],
        [
            10,
            25
        ],
        [
            11,
            13
        ],
        [
            11,
            18
        ],
        [
            11,
            24
        ],
        [
            11,
            26
        ],
        [
            12,
            14
        ],
        [
            12,
            15
        ],
        [
            12,
            16
        ],
        [
            12,
            21
        ],
        [
            12,
            28
        ],
        [
            13,
            19
        ],
        [
            13,
            25
        ],
        [
            14,
            21
        ],
        [
            16,
            20
        ],
        [
            16,
            21
        ],
        [
            16,
            23
        ],
        [
            16,
            27
        ],
        [
            17,
            19
        ],
        [
            17,
            20
        ],
        [
            17,
            26
        ],
        [
            18,
            19
        ],
        [
            18,
            23
        ],
        [
            18,
            26
        ],
        [
            18,
            27
        ],
        [
            20,
            24
        ],
        [
            20,
            25
        ],
        [
            20,
            27
        ],
        [
            22,
            26
        ],
        [
            24,
            28
        ]
    ]
}