{
    "total_node_number": 40,
    "probability_of_edge": 0.1,
    "time": {
        "request": 6998.25,
        "reply": 19999.75,
        "forwarding": 999.25
    },
    "request_message_count": 162,
    "route": [
        {
            "name": "Shortest Path",
            "route_node_count": 3,
            "route": [
                0,
                15,
                39
            ]
        },
        {
            "name": "DSRAlgorithm Path",
            "route_node_count": 3,
            "route": [
                0,
                15,
                39
            ]
        }
    ],
    "edges": [
        [
            0,
            2
        ],
        [
            0,
            8
        ],
        [
            0,
            12
        ],
        [
            0,
            15
        ],
        [
            0,
            16
        ],
        [
            0,
            23
        ],
        [
            0,
            33
        ],
        [
            0,
            37
        ],
        [
            1,
            4
        ],
        [
            1,
            14
        ],
        [
            1,
            26
        ],
        [
            2,
            18
        ],
        [
            2,
            19
        ],
        [
            2,
            26
        ],
        [
            2,
            34
        ],
        [
            2,
            37
        ],
        [
            3,
            13
        ],
        [
            3,
            14
        ],
        [
            3,
            24
        ],
        [
            3,
            30
        ],
        [
            3,
            36
        ],
        [
            4,
            18
        ],
        [
            4,
            30
        ],
        [
            4,
            32
        ],
        [
            5,
            6
        ],
        [
            5,
            13
        ],
        [
            5,
            19
        ],
        [
            5,
            20
        ],
        [
            5,
            24
        ],
        [
            5,
            37
        ],
        [
            6,
            10
        ],
        [
            7,
            11
        ],
        [
            7,
            29
        ],
        [
            7,
            30
        ],
        [
            8,
            20
        ],
        [
            8,
            23
        ],
        [
            8,
            26
        ],
        [
            8,
            27
        ],
        [
            8,
            31
        ],
        [
            8,
            35
        ],
        [
            9,
            16
        ],
        [
            9,
            19
        ],
        [
            9,
            35
        ],
        [
            10,
            17
        ],
        [
            11,
            13
        ],
        [
            11,
            18
        ],
        [
            11,
            21
        ],
        [
            11,
            24
        ],
        [
            11,
            33
        ],
        [
            11,
            36
        ],
        [
            12,
            19
        ],
        [
            12,
            22
        ],
        [
            12,
            24
        ],
        [
            14,
            17
        ],
        [
            15,
            27
        ],
        [
            15,
            39
        ],
        [
            17,
            18
        ],
        [
            17,
            22
        ],
        [
            17,
            29
        ],
        [
            18,
            28
        ],
        [
            18,
            39
        ],
        [
            19,
            21
        ],
        [
            19,
            24
        ],
        [
            19,
            28
        ],
        [
            19,
            36
        ],
        [
            20,
            25
        ],
        [
            21,
            28
        ],
        [
            21,
            32
        ],
        [
            21,
            33
        ],
        [
            22,
            26
        ],
        [
            22,
            36
        ],
        [
            23,
            37
        ],
        [
            24,
            35
        ],
        [
            25,
            34
        ],
        [
            26,
            27
        ],
        [
            26,
            30
        ],
        [
            28,
            30
        ],
        [
            28,
            35
        ],
        [
            31,
            32
        ],
        [
            31,
            33
        ],
        [
            32,
            36
        ],
        [
            34,
            38
        ]
    ]
}