{
    "total_node_number": 30,
    "probability_of_edge": 0.2,
    "time": {
        "request": 4000.75,
        "reply": 25000.25,
        "forwarding": 0.0
    },
    "request_message_count": 153,
    "route": [
        {
            "name": "Shortest Path",
            "route_node_count": 3,
            "route": [
                0,
                4,
                29
            ]
        },
        {
            "name": "DSRAlgorithm Path",
            "route_node_count": 3,
            "route": [
                0,
                4,
                29
            ]
        }
    ],
    "edges": [
        [
            0,
            2
        ],
        [
            0,
            4
        ],
        [
            0,
            16
        ],
        [
            1,
            14
        ],
        [
            1,
            23
        ],
        [
            1,
            26
        ],
        [
            2,
            13
        ],
        [
            2,
            14
        ],
        [
            2,
            27
        ],
        [
            3,
            6
        ],
        [
            3,
            7
        ],
        [
            3,
            8
        ],
        [
            3,
            9
        ],
        [
            3,
            10
        ],
        [
            3,
            12
        ],
        [
            3,
            18
        ],
        [
            3,
            22
        ],
        [
            3,
            23
        ],
        [
            3,
            29
        ],
        [
            4,
            8
        ],
        [
            4,
            24
        ],
        [
            4,
            29
        ],
        [
            5,
            12
        ],
        [
            5,
            14
        ],
        [
            5,
            17
        ],
        [
            5,
            26
        ],
        [
            6,
            10
        ],
        [
            6,
            11
        ],
        [
            6,
            17
        ],
        [
            7,
            11
        ],
        [
            7,
            17
        ],
        [
            7,
            20
        ],
        [
            7,
            25
        ],
        [
            7,
            27
        ],
        [
            7,
            28
        ],
        [
            8,
            12
        ],
        [
            8,
            18
        ],
        [
            8,
            23
        ],
        [
            8,
            24
        ],
        [
            8,
            25
        ],
        [
            8,
            26
        ],
        [
            9,
            15
        ],
        [
            9,
            16
        ],
        [
            9,
            21
        ],
        [
            9,
            26
        ],
        [
            9,
            29
        ],
        [
            10,
            11
        ],
        [
            10,
            12
        ],
        [
            10,
            14
        ],
        [
            10,
            19
        ],
        [
            10,
            24
        ],
        [
            10,
            27
        ],
        [
            11,
            20
        ],
        [
            11,
            29
        ],
        [
            12,
            27
        ],
        [
            12,
            29
        ],
        [
            13,
            17
        ],
        [
            13,
            28
        ],
        [
            14,
            16
        ],
        [
            14,
            17
        ],
        [
            14,
            19
        ],
        [
            14,
            21
        ],
        [
            14,
            26
        ],
        [
            15,
            18
        ],
        [
            15,
            25
        ],
        [
            15,
            27
        ],
        [
            16,
            25
        ],
        [
            16,
            27
        ],
        [
            17,
            19
        ],
        [
            18,
            19
        ],
        [
            18,
            20
        ],
        [
            18,
            22
        ],
        [
            18,
            23
        ],
        [
            18,
            29
        ],
        [
            19,
            27
        ],
        [
            19,
            29
        ],
        [
            22,
            24
        ],
        [
            23,
            29
        ],
        [
            24,
            29
        ],
        [
            25,
            28
        ],
        [
            26,
            27
        ]
    ]
}