{
    "total_node_number": 30,
    "probability_of_edge": 0.2,
    "time": {
        "request": 1000.0,
        "reply": 5999.75,
        "forwarding": 15000.5
    },
    "request_message_count": 167,
    "route": [
        {
            "name": "Shortest Path",
            "route_node_count": 2,
            "route": [
                0,
                29
            ]
        },
        {
            "name": "DSRAlgorithm Path",
            "route_node_count": 2,
            "route": [
                0,
                29
            ]
        }
    ],
    "edges": [
        [
            0,
            7
        ],
        [
            0,
            11
        ],
        [
            0,
            13
        ],
        [
            0,
            20
        ],
        [
            0,
            29
        ],
        [
            1,
            6
        ],
        [
            1,
            14
        ],
        [
            1,
            18
        ],
        [
            1,
            24
        ],
        [
            2,
            8
        ],
        [
            2,
            9
        ],
        [
            2,
            13
        ],
        [
            2,
            15
        ],
        [
            2,
            24
        ],
        [
            2,
            27
        ],
        [
            3,
            5
        ],
        [
            3,
            14
        ],
        [
            3,
            16
        ],
        [
            3,
            19
        ],
        [
            4,
            10
        ],
        [
            4,
            12
        ],
        [
            4,
            13
        ],
        [
            4,
            18
        ],
        [
            4,
            20
        ],
        [
            4,
            29
        ],
        [
            5,
            8
        ],
        [
            5,
            11
        ],
        [
            5,
            14
        ],
        [
            5,
            15
        ],
        [
            5,
            18
        ],
        [
            5,
            21
        ],
        [
            6,
            11
        ],
        [
            6,
            16
        ],
        [
            6,
            21
        ],
        [
            7,
            9
        ],
        [
            7,
            22
        ],
        [
            8,
            15
        ],
        [
            8,
            18
        ],
        [
            8,
            20
        ],
        [
            8,
            27
        ],
        [
            8,
            28
        ],
        [
            8,
            29
        ],
        [
            9,
            10
        ],
        [
            9,
            14
        ],
        [
            9,
            16
        ],
        [
            9,
            20
        ],
        [
            9,
            23
        ],
        [
            9,
            28
        ],
        [
            10,
            23
        ],
        [
            10,
            26
        ],
        [
            11,
            13
        ],
        [
            12,
            14
        ],
        [
            12,
            19
        ],
        [
            12,
            24
        ],
        [
            12,
            29
        ],
        [
            13,
            20
        ],
        [
            13,
            24
        ],
        [
            13,
            28
        ],
        [
            14,
            15
        ],
        [
            14,
            16
        ],
        [
            14,
            21
        ],
        [
            14,
            23
        ],
        [
            14,
            28
        ],
        [
            15,
            16
        ],
        [
            15,
            23
        ],
        [
            15,
            24
        ],
        [
            15,
            28
        ],
        [
            16,
            17
        ],
        [
            17,
            20
        ],
        [
            17,
            22
        ],
        [
            17,
            28
        ],
        [
            18,
            26
        ],
        [
            19,
            21
        ],
        [
            19,
            22
        ],
        [
            20,
            21
        ],
        [
            20,
            25
        ],
        [
            21,
            22
        ],
        [
            22,
            23
        ],
        [
            22,
            25
        ],
        [
            22,
            27
        ],
        [
            23,
            27
        ],
        [
            23,
            29
        ],
        [
            24,
            29
        ],
        [
            25,
            27
        ],
        [
            26,
            27
        ],
        [
            26,
            28
        ],
        [
            27,
            29
        ]
    ]
}