{
    "total_node_number": 40,
    "probability_of_edge": 0.15,
    "time": {
        "request": 17000.75,
        "reply": 20999.75,
        "forwarding": 1001.5
    },
    "request_message_count": 224,
    "route": [
        {
            "name": "Shortest Path",
            "route_node_count": 3,
            "route": [
                0,
                4,
                39
            ]
        },
        {
            "name": "DSRAlgorithm Path",
            "route_node_count": 3,
            "route": [
                0,
                4,
                39
            ]
        }
    ],
    "edges": [
        [
            0,
            4
        ],
        [
            0,
            5
        ],
        [
            0,
            6
        ],
        [
            0,
            10
        ],
        [
            0,
            14
        ],
        [
            0,
            27
        ],
        [
            0,
            32
        ],
        [
            1,
            2
        ],
        [
            1,
            12
        ],
        [
            1,
            18
        ],
        [
            1,
            32
        ],
        [
            2,
            8
        ],
        [
            2,
            10
        ],
        [
            2,
            21
        ],
        [
            2,
            34
        ],
        [
            3,
            10
        ],
        [
            3,
            33
        ],
        [
            3,
            36
        ],
        [
            4,
            14
        ],
        [
            4,
            25
        ],
        [
            4,
            33
        ],
        [
            4,
            36
        ],
        [
            4,
            37
        ],
        [
            4,
            39
        ],
        [
            5,
            13
        ],
        [
            5,
            25
        ],
        [
            5,
            37
        ],
        [
            6,
            9
        ],
        [
            6,
            11
        ],
        [
            6,
            19
        ],
        [
            6,
            26
        ],
        [
            6,
            27
        ],
        [
            6,
            28
        ],
        [
            6,
            31
        ],
        [
            7,
            29
        ],
        [
            7,
            36
        ],
        [
            8,
            17
        ],
        [
            8,
            19
        ],
        [
            8,
            21
        ],
        [
            8,
            29
        ],
        [
            8,
            33
        ],
        [
            8,
            37
        ],
        [
            9,
            15
        ],
        [
            9,
            20
        ],
        [
            9,
            21
        ],
        [
            9,
            24
        ],
        [
            9,
            25
        ],
        [
            9,
            29
        ],
        [
            9,
            32
        ],
        [
            9,
            39
        ],
        [
            10,
            23
        ],
        [
            10,
            24
        ],
        [
            10,
            27
        ],
        [
            10,
            31
        ],
        [
            10,
            33
        ],
        [
            10,
            34
        ],
        [
            11,
            19
        ],
        [
            11,
            36
        ],
        [
            12,
            13
        ],
        [
            12,
            23
        ],
        [
            12,
            29
        ],
        [
            13,
            15
        ],
        [
            13,
            24
        ],
        [
            14,
            19
        ],
        [
            14,
            26
        ],
        [
            14,
            27
        ],
        [
            14,
            30
        ],
        [
            14,
            35
        ],
        [
            14,
            36
        ],
        [
            14,
            38
        ],
        [
            15,
            27
        ],
        [
            15,
            28
        ],
        [
            15,
            31
        ],
        [
            16,
            17
        ],
        [
            16,
            23
        ],
        [
            16,
            26
        ],
        [
            16,
            34
        ],
        [
            17,
            26
        ],
        [
            17,
            31
        ],
        [
            17,
            32
        ],
        [
            17,
            37
        ],
        [
            18,
            22
        ],
        [
            18,
            24
        ],
        [
            18,
            35
        ],
        [
            19,
            36
        ],
        [
            20,
            27
        ],
        [
            20,
            31
        ],
        [
            21,
            22
        ],
        [
            21,
            23
        ],
        [
            21,
            24
        ],
        [
            21,
            28
        ],
        [
            21,
            34
        ],
        [
            21,
            35
        ],
        [
            21,
            39
        ],
        [
            22,
            36
        ],
        [
            23,
            34
        ],
        [
            24,
            29
        ],
        [
            24,
            32
        ],
        [
            26,
            29
        ],
        [
            26,
            31
        ],
        [
            26,
            33
        ],
        [
            26,
            34
        ],
        [
            26,
            35
        ],
        [
            27,
            33
        ],
        [
            28,
            35
        ],
        [
            28,
            36
        ],
        [
            29,
            30
        ],
        [
            29,
            32
        ],
        [
            29,
            37
        ],
        [
            30,
            32
        ],
        [
            31,
            33
        ],
        [
            31,
            35
        ],
        [
            31,
            38
        ],
        [
            31,
            39
        ]
    ]
}