{
    "total_node_number": 40,
    "probability_of_edge": 0.15,
    "time": {
        "request": 22000.75,
        "reply": 18999.5,
        "forwarding": 1000.25
    },
    "request_message_count": 231,
    "route": [
        {
            "name": "Shortest Path",
            "route_node_count": 4,
            "route": [
                0,
                31,
                14,
                39
            ]
        },
        {
            "name": "DSRAlgorithm Path",
            "route_node_count": 4,
            "route": [
                0,
                7,
                33,
                39
            ]
        }
    ],
    "edges": [
        [
            0,
            1
        ],
        [
            0,
            7
        ],
        [
            0,
            16
        ],
        [
            0,
            17
        ],
        [
            0,
            31
        ],
        [
            0,
            36
        ],
        [
            0,
            37
        ],
        [
            1,
            6
        ],
        [
            1,
            21
        ],
        [
            1,
            22
        ],
        [
            1,
            29
        ],
        [
            1,
            36
        ],
        [
            2,
            11
        ],
        [
            2,
            13
        ],
        [
            2,
            27
        ],
        [
            2,
            29
        ],
        [
            2,
            36
        ],
        [
            3,
            10
        ],
        [
            3,
            22
        ],
        [
            4,
            5
        ],
        [
            4,
            12
        ],
        [
            4,
            13
        ],
        [
            4,
            20
        ],
        [
            5,
            12
        ],
        [
            5,
            13
        ],
        [
            5,
            18
        ],
        [
            5,
            19
        ],
        [
            5,
            25
        ],
        [
            5,
            34
        ],
        [
            6,
            17
        ],
        [
            6,
            23
        ],
        [
            6,
            29
        ],
        [
            6,
            35
        ],
        [
            6,
            36
        ],
        [
            6,
            37
        ],
        [
            7,
            8
        ],
        [
            7,
            9
        ],
        [
            7,
            16
        ],
        [
            7,
            18
        ],
        [
            7,
            30
        ],
        [
            7,
            33
        ],
        [
            8,
            13
        ],
        [
            8,
            15
        ],
        [
            8,
            23
        ],
        [
            8,
            31
        ],
        [
            8,
            33
        ],
        [
            8,
            34
        ],
        [
            9,
            10
        ],
        [
            9,
            14
        ],
        [
            9,
            29
        ],
        [
            10,
            31
        ],
        [
            11,
            16
        ],
        [
            11,
            20
        ],
        [
            11,
            25
        ],
        [
            11,
            27
        ],
        [
            11,
            31
        ],
        [
            11,
            34
        ],
        [
            11,
            37
        ],
        [
            12,
            16
        ],
        [
            12,
            20
        ],
        [
            12,
            23
        ],
        [
            12,
            29
        ],
        [
            12,
            32
        ],
        [
            12,
            38
        ],
        [
            13,
            25
        ],
        [
            13,
            29
        ],
        [
            13,
            39
        ],
        [
            14,
            18
        ],
        [
            14,
            24
        ],
        [
            14,
            31
        ],
        [
            14,
            34
        ],
        [
            14,
            36
        ],
        [
            14,
            37
        ],
        [
            14,
            39
        ],
        [
            15,
            19
        ],
        [
            15,
            22
        ],
        [
            15,
            23
        ],
        [
            15,
            24
        ],
        [
            15,
            29
        ],
        [
            15,
            33
        ],
        [
            16,
            23
        ],
        [
            16,
            33
        ],
        [
            17,
            18
        ],
        [
            17,
            19
        ],
        [
            17,
            38
        ],
        [
            18,
            35
        ],
        [
            19,
            21
        ],
        [
            19,
            22
        ],
        [
            19,
            27
        ],
        [
            19,
            33
        ],
        [
            21,
            22
        ],
        [
            21,
            26
        ],
        [
            21,
            27
        ],
        [
            21,
            33
        ],
        [
            22,
            29
        ],
        [
            23,
            26
        ],
        [
            23,
            28
        ],
        [
            23,
            33
        ],
        [
            24,
            31
        ],
        [
            25,
            28
        ],
        [
            25,
            31
        ],
        [
            26,
            38
        ],
        [
            27,
            35
        ],
        [
            27,
            37
        ],
        [
            28,
            32
        ],
        [
            28,
            35
        ],
        [
            28,
            39
        ],
        [
            29,
            30
        ],
        [
            29,
            35
        ],
        [
            29,
            36
        ],
        [
            29,
            37
        ],
        [
            30,
            34
        ],
        [
            31,
            32
        ],
        [
            32,
            35
        ],
        [
            32,
            36
        ],
        [
            33,
            39
        ],
        [
            34,
            38
        ],
        [
            38,
            39
        ]
    ]
}