{
    "total_node_number": 40,
    "probability_of_edge": 0.15,
    "time": {
        "request": 22116.75,
        "reply": 17311.0,
        "forwarding": 1991.25
    },
    "request_message_count": 221,
    "route": [
        {
            "name": "Shortest Path",
            "route_node_count": 5,
            "route": [
                0,
                10,
                12,
                37,
                39
            ]
        },
        {
            "name": "DSRAlgorithm Path",
            "route_node_count": 5,
            "route": [
                0,
                23,
                15,
                34,
                39
            ]
        }
    ],
    "edges": [
        [
            0,
            10
        ],
        [
            0,
            16
        ],
        [
            0,
            20
        ],
        [
            0,
            23
        ],
        [
            1,
            12
        ],
        [
            1,
            23
        ],
        [
            1,
            24
        ],
        [
            1,
            36
        ],
        [
            1,
            38
        ],
        [
            2,
            4
        ],
        [
            2,
            7
        ],
        [
            2,
            14
        ],
        [
            2,
            17
        ],
        [
            2,
            32
        ],
        [
            3,
            18
        ],
        [
            3,
            21
        ],
        [
            3,
            23
        ],
        [
            3,
            26
        ],
        [
            3,
            31
        ],
        [
            4,
            15
        ],
        [
            4,
            18
        ],
        [
            4,
            29
        ],
        [
            4,
            32
        ],
        [
            5,
            8
        ],
        [
            5,
            9
        ],
        [
            5,
            33
        ],
        [
            5,
            35
        ],
        [
            6,
            14
        ],
        [
            6,
            15
        ],
        [
            6,
            23
        ],
        [
            6,
            25
        ],
        [
            6,
            27
        ],
        [
            6,
            33
        ],
        [
            7,
            10
        ],
        [
            7,
            12
        ],
        [
            7,
            18
        ],
        [
            7,
            26
        ],
        [
            8,
            15
        ],
        [
            8,
            17
        ],
        [
            8,
            18
        ],
        [
            8,
            36
        ],
        [
            8,
            38
        ],
        [
            9,
            14
        ],
        [
            9,
            17
        ],
        [
            9,
            25
        ],
        [
            10,
            12
        ],
        [
            10,
            24
        ],
        [
            10,
            25
        ],
        [
            10,
            36
        ],
        [
            11,
            13
        ],
        [
            11,
            14
        ],
        [
            11,
            18
        ],
        [
            11,
            26
        ],
        [
            11,
            27
        ],
        [
            11,
            28
        ],
        [
            11,
            29
        ],
        [
            11,
            32
        ],
        [
            12,
            37
        ],
        [
            13,
            29
        ],
        [
            13,
            32
        ],
        [
            13,
            33
        ],
        [
            13,
            35
        ],
        [
            14,
            15
        ],
        [
            14,
            18
        ],
        [
            14,
            21
        ],
        [
            14,
            35
        ],
        [
            14,
            37
        ],
        [
            15,
            23
        ],
        [
            15,
            34
        ],
        [
            15,
            36
        ],
        [
            16,
            26
        ],
        [
            16,
            33
        ],
        [
            17,
            19
        ],
        [
            17,
            22
        ],
        [
            17,
            26
        ],
        [
            17,
            32
        ],
        [
            17,
            35
        ],
        [
            18,
            20
        ],
        [
            18,
            24
        ],
        [
            18,
            30
        ],
        [
            18,
            34
        ],
        [
            18,
            38
        ],
        [
            19,
            29
        ],
        [
            19,
            31
        ],
        [
            20,
            28
        ],
        [
            20,
            33
        ],
        [
            21,
            25
        ],
        [
            21,
            28
        ],
        [
            21,
            29
        ],
        [
            21,
            32
        ],
        [
            21,
            34
        ],
        [
            21,
            37
        ],
        [
            21,
            38
        ],
        [
            22,
            31
        ],
        [
            23,
            31
        ],
        [
            24,
            28
        ],
        [
            24,
            29
        ],
        [
            25,
            29
        ],
        [
            25,
            33
        ],
        [
            25,
            38
        ],
        [
            27,
            33
        ],
        [
            27,
            38
        ],
        [
            27,
            39
        ],
        [
            28,
            30
        ],
        [
            28,
            31
        ],
        [
            28,
            33
        ],
        [
            29,
            36
        ],
        [
            30,
            31
        ],
        [
            31,
            35
        ],
        [
            34,
            39
        ],
        [
            35,
            38
        ],
        [
            37,
            39
        ]
    ]
}