{
    "total_node_number": 40,
    "probability_of_edge": 0.1,
    "time": {
        "request": 3941.0,
        "reply": 24999.75,
        "forwarding": 3001.25
    },
    "request_message_count": 177,
    "route": [
        {
            "name": "Shortest Path",
            "route_node_count": 3,
            "route": [
                0,
                33,
                39
            ]
        },
        {
            "name": "DSRAlgorithm Path",
            "route_node_count": 3,
            "route": [
                0,
                33,
                39
            ]
        }
    ],
    "edges": [
        [
            0,
            7
        ],
        [
            0,
            11
        ],
        [
            0,
            33
        ],
        [
            1,
            22
        ],
        [
            2,
            5
        ],
        [
            2,
            11
        ],
        [
            2,
            23
        ],
        [
            2,
            28
        ],
        [
            3,
            12
        ],
        [
            3,
            26
        ],
        [
            3,
            30
        ],
        [
            3,
            35
        ],
        [
            4,
            14
        ],
        [
            4,
            18
        ],
        [
            4,
            21
        ],
        [
            4,
            23
        ],
        [
            4,
            26
        ],
        [
            5,
            10
        ],
        [
            5,
            19
        ],
        [
            5,
            21
        ],
        [
            5,
            26
        ],
        [
            5,
            27
        ],
        [
            6,
            16
        ],
        [
            6,
            26
        ],
        [
            7,
            20
        ],
        [
            7,
            26
        ],
        [
            7,
            38
        ],
        [
            8,
            23
        ],
        [
            8,
            30
        ],
        [
            8,
            34
        ],
        [
            8,
            37
        ],
        [
            9,
            20
        ],
        [
            9,
            24
        ],
        [
            9,
            32
        ],
        [
            9,
            33
        ],
        [
            9,
            37
        ],
        [
            10,
            15
        ],
        [
            10,
            19
        ],
        [
            11,
            17
        ],
        [
            11,
            29
        ],
        [
            11,
            37
        ],
        [
            12,
            27
        ],
        [
            12,
            32
        ],
        [
            12,
            34
        ],
        [
            12,
            38
        ],
        [
            13,
            16
        ],
        [
            13,
            27
        ],
        [
            13,
            29
        ],
        [
            13,
            32
        ],
        [
            13,
            37
        ],
        [
            14,
            18
        ],
        [
            14,
            20
        ],
        [
            14,
            34
        ],
        [
            15,
            25
        ],
        [
            15,
            35
        ],
        [
            15,
            36
        ],
        [
            15,
            39
        ],
        [
            16,
            23
        ],
        [
            16,
            31
        ],
        [
            16,
            38
        ],
        [
            17,
            28
        ],
        [
            18,
            33
        ],
        [
            19,
            20
        ],
        [
            19,
            27
        ],
        [
            19,
            31
        ],
        [
            20,
            27
        ],
        [
            20,
            36
        ],
        [
            20,
            38
        ],
        [
            21,
            30
        ],
        [
            21,
            37
        ],
        [
            22,
            27
        ],
        [
            23,
            25
        ],
        [
            23,
            30
        ],
        [
            23,
            33
        ],
        [
            23,
            35
        ],
        [
            25,
            30
        ],
        [
            25,
            37
        ],
        [
            26,
            36
        ],
        [
            26,
            37
        ],
        [
            27,
            31
        ],
        [
            27,
            39
        ],
        [
            29,
            31
        ],
        [
            29,
            37
        ],
        [
            29,
            39
        ],
        [
            30,
            37
        ],
        [
            30,
            38
        ],
        [
            30,
            39
        ],
        [
            32,
            38
        ],
        [
            33,
            39
        ],
        [
            35,
            36
        ],
        [
            36,
            38
        ]
    ]
}