{
    "total_node_number": 40,
    "probability_of_edge": 0.15,
    "time": {
        "request": 16998.0,
        "reply": 23002.0,
        "forwarding": 1001.75
    },
    "request_message_count": 216,
    "route": [
        {
            "name": "Shortest Path",
            "route_node_count": 4,
            "route": [
                0,
                14,
                7,
                39
            ]
        },
        {
            "name": "DSRAlgorithm Path",
            "route_node_count": 4,
            "route": [
                0,
                14,
                17,
                39
            ]
        }
    ],
    "edges": [
        [
            0,
            14
        ],
        [
            0,
            24
        ],
        [
            0,
            33
        ],
        [
            1,
            16
        ],
        [
            1,
            22
        ],
        [
            1,
            25
        ],
        [
            1,
            26
        ],
        [
            1,
            29
        ],
        [
            1,
            32
        ],
        [
            1,
            37
        ],
        [
            2,
            22
        ],
        [
            2,
            27
        ],
        [
            2,
            32
        ],
        [
            2,
            36
        ],
        [
            3,
            6
        ],
        [
            3,
            11
        ],
        [
            3,
            14
        ],
        [
            3,
            15
        ],
        [
            3,
            25
        ],
        [
            3,
            28
        ],
        [
            3,
            30
        ],
        [
            3,
            32
        ],
        [
            3,
            35
        ],
        [
            4,
            5
        ],
        [
            4,
            11
        ],
        [
            4,
            21
        ],
        [
            4,
            26
        ],
        [
            4,
            29
        ],
        [
            4,
            39
        ],
        [
            5,
            8
        ],
        [
            5,
            36
        ],
        [
            6,
            8
        ],
        [
            6,
            13
        ],
        [
            6,
            30
        ],
        [
            6,
            34
        ],
        [
            7,
            14
        ],
        [
            7,
            26
        ],
        [
            7,
            34
        ],
        [
            7,
            39
        ],
        [
            8,
            12
        ],
        [
            8,
            27
        ],
        [
            8,
            28
        ],
        [
            9,
            12
        ],
        [
            9,
            34
        ],
        [
            10,
            12
        ],
        [
            10,
            17
        ],
        [
            10,
            18
        ],
        [
            10,
            24
        ],
        [
            11,
            25
        ],
        [
            11,
            32
        ],
        [
            12,
            33
        ],
        [
            12,
            36
        ],
        [
            13,
            15
        ],
        [
            13,
            39
        ],
        [
            14,
            16
        ],
        [
            14,
            17
        ],
        [
            14,
            19
        ],
        [
            14,
            24
        ],
        [
            14,
            31
        ],
        [
            15,
            19
        ],
        [
            15,
            21
        ],
        [
            15,
            25
        ],
        [
            15,
            29
        ],
        [
            15,
            35
        ],
        [
            16,
            25
        ],
        [
            17,
            18
        ],
        [
            17,
            19
        ],
        [
            17,
            26
        ],
        [
            17,
            29
        ],
        [
            17,
            34
        ],
        [
            17,
            36
        ],
        [
            17,
            38
        ],
        [
            17,
            39
        ],
        [
            18,
            21
        ],
        [
            18,
            22
        ],
        [
            18,
            24
        ],
        [
            18,
            32
        ],
        [
            18,
            37
        ],
        [
            19,
            22
        ],
        [
            19,
            29
        ],
        [
            19,
            32
        ],
        [
            20,
            29
        ],
        [
            20,
            34
        ],
        [
            20,
            38
        ],
        [
            21,
            22
        ],
        [
            21,
            36
        ],
        [
            21,
            37
        ],
        [
            22,
            26
        ],
        [
            23,
            27
        ],
        [
            23,
            30
        ],
        [
            23,
            31
        ],
        [
            24,
            38
        ],
        [
            25,
            29
        ],
        [
            25,
            35
        ],
        [
            25,
            38
        ],
        [
            26,
            31
        ],
        [
            26,
            39
        ],
        [
            27,
            30
        ],
        [
            27,
            31
        ],
        [
            27,
            37
        ],
        [
            27,
            38
        ],
        [
            28,
            34
        ],
        [
            29,
            31
        ],
        [
            29,
            34
        ],
        [
            30,
            31
        ],
        [
            30,
            32
        ],
        [
            30,
            33
        ],
        [
            30,
            38
        ],
        [
            32,
            38
        ],
        [
            33,
            38
        ],
        [
            37,
            39
        ]
    ]
}