{
    "total_node_number": 40,
    "probability_of_edge": 0.15,
    "time": {
        "request": 1000.0,
        "reply": 5999.75,
        "forwarding": 20000.75
    },
    "request_message_count": 214,
    "route": [
        {
            "name": "Shortest Path",
            "route_node_count": 2,
            "route": [
                0,
                39
            ]
        },
        {
            "name": "DSRAlgorithm Path",
            "route_node_count": 2,
            "route": [
                0,
                39
            ]
        }
    ],
    "edges": [
        [
            0,
            2
        ],
        [
            0,
            5
        ],
        [
            0,
            8
        ],
        [
            0,
            10
        ],
        [
            0,
            14
        ],
        [
            0,
            20
        ],
        [
            0,
            21
        ],
        [
            0,
            33
        ],
        [
            0,
            34
        ],
        [
            0,
            39
        ],
        [
            1,
            5
        ],
        [
            1,
            11
        ],
        [
            1,
            19
        ],
        [
            1,
            20
        ],
        [
            1,
            29
        ],
        [
            1,
            30
        ],
        [
            1,
            37
        ],
        [
            2,
            5
        ],
        [
            2,
            29
        ],
        [
            2,
            30
        ],
        [
            2,
            39
        ],
        [
            3,
            16
        ],
        [
            3,
            17
        ],
        [
            3,
            33
        ],
        [
            3,
            38
        ],
        [
            4,
            13
        ],
        [
            4,
            25
        ],
        [
            4,
            26
        ],
        [
            4,
            27
        ],
        [
            4,
            38
        ],
        [
            5,
            6
        ],
        [
            5,
            7
        ],
        [
            5,
            17
        ],
        [
            5,
            20
        ],
        [
            5,
            29
        ],
        [
            5,
            39
        ],
        [
            6,
            16
        ],
        [
            6,
            19
        ],
        [
            6,
            21
        ],
        [
            6,
            22
        ],
        [
            6,
            23
        ],
        [
            6,
            31
        ],
        [
            7,
            14
        ],
        [
            7,
            15
        ],
        [
            7,
            18
        ],
        [
            7,
            23
        ],
        [
            7,
            24
        ],
        [
            7,
            30
        ],
        [
            8,
            13
        ],
        [
            8,
            17
        ],
        [
            8,
            18
        ],
        [
            9,
            14
        ],
        [
            9,
            15
        ],
        [
            9,
            17
        ],
        [
            10,
            29
        ],
        [
            10,
            35
        ],
        [
            11,
            12
        ],
        [
            11,
            18
        ],
        [
            11,
            24
        ],
        [
            11,
            28
        ],
        [
            12,
            19
        ],
        [
            13,
            23
        ],
        [
            13,
            26
        ],
        [
            13,
            35
        ],
        [
            14,
            20
        ],
        [
            14,
            26
        ],
        [
            14,
            31
        ],
        [
            14,
            34
        ],
        [
            14,
            36
        ],
        [
            14,
            38
        ],
        [
            14,
            39
        ],
        [
            15,
            16
        ],
        [
            15,
            31
        ],
        [
            15,
            39
        ],
        [
            16,
            18
        ],
        [
            16,
            22
        ],
        [
            17,
            24
        ],
        [
            18,
            20
        ],
        [
            18,
            27
        ],
        [
            19,
            24
        ],
        [
            19,
            28
        ],
        [
            19,
            34
        ],
        [
            20,
            35
        ],
        [
            20,
            39
        ],
        [
            21,
            23
        ],
        [
            21,
            26
        ],
        [
            21,
            28
        ],
        [
            21,
            36
        ],
        [
            23,
            29
        ],
        [
            23,
            33
        ],
        [
            23,
            39
        ],
        [
            24,
            28
        ],
        [
            24,
            33
        ],
        [
            24,
            34
        ],
        [
            24,
            37
        ],
        [
            25,
            27
        ],
        [
            25,
            28
        ],
        [
            26,
            32
        ],
        [
            26,
            36
        ],
        [
            26,
            39
        ],
        [
            27,
            34
        ],
        [
            27,
            35
        ],
        [
            27,
            36
        ],
        [
            28,
            30
        ],
        [
            28,
            35
        ],
        [
            29,
            32
        ],
        [
            30,
            32
        ],
        [
            31,
            36
        ],
        [
            32,
            37
        ],
        [
            33,
            37
        ],
        [
            34,
            39
        ],
        [
            38,
            39
        ]
    ]
}