{
    "total_node_number": 40,
    "probability_of_edge": 0.1,
    "time": {
        "request": 55073.75,
        "reply": 22995.75,
        "forwarding": 992.0
    },
    "request_message_count": 175,
    "route": [
        {
            "name": "Shortest Path",
            "route_node_count": 5,
            "route": [
                0,
                37,
                3,
                13,
                39
            ]
        },
        {
            "name": "DSRAlgorithm Path",
            "route_node_count": 5,
            "route": [
                0,
                29,
                27,
                13,
                39
            ]
        }
    ],
    "edges": [
        [
            0,
            12
        ],
        [
            0,
            29
        ],
        [
            0,
            37
        ],
        [
            1,
            19
        ],
        [
            1,
            27
        ],
        [
            2,
            7
        ],
        [
            2,
            26
        ],
        [
            2,
            38
        ],
        [
            3,
            4
        ],
        [
            3,
            7
        ],
        [
            3,
            13
        ],
        [
            3,
            17
        ],
        [
            3,
            25
        ],
        [
            3,
            27
        ],
        [
            3,
            35
        ],
        [
            3,
            37
        ],
        [
            4,
            9
        ],
        [
            4,
            13
        ],
        [
            4,
            20
        ],
        [
            4,
            27
        ],
        [
            5,
            14
        ],
        [
            5,
            39
        ],
        [
            6,
            16
        ],
        [
            6,
            20
        ],
        [
            6,
            23
        ],
        [
            6,
            25
        ],
        [
            7,
            8
        ],
        [
            7,
            16
        ],
        [
            7,
            21
        ],
        [
            7,
            25
        ],
        [
            7,
            35
        ],
        [
            9,
            19
        ],
        [
            9,
            28
        ],
        [
            9,
            34
        ],
        [
            9,
            35
        ],
        [
            10,
            30
        ],
        [
            10,
            39
        ],
        [
            11,
            12
        ],
        [
            11,
            20
        ],
        [
            11,
            27
        ],
        [
            12,
            16
        ],
        [
            12,
            24
        ],
        [
            12,
            28
        ],
        [
            12,
            37
        ],
        [
            13,
            14
        ],
        [
            13,
            27
        ],
        [
            13,
            39
        ],
        [
            14,
            15
        ],
        [
            14,
            33
        ],
        [
            15,
            23
        ],
        [
            15,
            25
        ],
        [
            15,
            26
        ],
        [
            15,
            31
        ],
        [
            15,
            36
        ],
        [
            16,
            23
        ],
        [
            17,
            25
        ],
        [
            17,
            36
        ],
        [
            18,
            24
        ],
        [
            18,
            29
        ],
        [
            18,
            36
        ],
        [
            18,
            37
        ],
        [
            18,
            38
        ],
        [
            19,
            32
        ],
        [
            19,
            36
        ],
        [
            19,
            39
        ],
        [
            20,
            31
        ],
        [
            20,
            32
        ],
        [
            20,
            37
        ],
        [
            21,
            24
        ],
        [
            21,
            30
        ],
        [
            21,
            34
        ],
        [
            22,
            23
        ],
        [
            22,
            30
        ],
        [
            22,
            38
        ],
        [
            23,
            24
        ],
        [
            23,
            26
        ],
        [
            23,
            39
        ],
        [
            24,
            37
        ],
        [
            24,
            38
        ],
        [
            25,
            31
        ],
        [
            26,
            32
        ],
        [
            26,
            37
        ],
        [
            27,
            29
        ],
        [
            28,
            34
        ],
        [
            30,
            39
        ],
        [
            31,
            33
        ],
        [
            31,
            35
        ],
        [
            31,
            36
        ],
        [
            34,
            36
        ],
        [
            34,
            38
        ],
        [
            38,
            39
        ]
    ]
}