{
    "total_node_number": 40,
    "probability_of_edge": 0.1,
    "time": {
        "request": 27998.25,
        "reply": 10000.25,
        "forwarding": 1000.25
    },
    "request_message_count": 205,
    "route": [
        {
            "name": "Shortest Path",
            "route_node_count": 3,
            "route": [
                0,
                14,
                39
            ]
        },
        {
            "name": "DSRAlgorithm Path",
            "route_node_count": 3,
            "route": [
                0,
                14,
                39
            ]
        }
    ],
    "edges": [
        [
            0,
            1
        ],
        [
            0,
            5
        ],
        [
            0,
            6
        ],
        [
            0,
            7
        ],
        [
            0,
            14
        ],
        [
            0,
            34
        ],
        [
            0,
            38
        ],
        [
            1,
            5
        ],
        [
            1,
            11
        ],
        [
            1,
            13
        ],
        [
            1,
            19
        ],
        [
            1,
            23
        ],
        [
            1,
            25
        ],
        [
            1,
            28
        ],
        [
            1,
            32
        ],
        [
            2,
            6
        ],
        [
            2,
            7
        ],
        [
            2,
            14
        ],
        [
            2,
            23
        ],
        [
            2,
            32
        ],
        [
            3,
            25
        ],
        [
            3,
            28
        ],
        [
            3,
            34
        ],
        [
            4,
            18
        ],
        [
            4,
            19
        ],
        [
            4,
            25
        ],
        [
            5,
            12
        ],
        [
            5,
            16
        ],
        [
            5,
            19
        ],
        [
            5,
            20
        ],
        [
            5,
            21
        ],
        [
            5,
            27
        ],
        [
            5,
            28
        ],
        [
            5,
            34
        ],
        [
            5,
            37
        ],
        [
            6,
            10
        ],
        [
            6,
            11
        ],
        [
            6,
            13
        ],
        [
            6,
            14
        ],
        [
            6,
            23
        ],
        [
            6,
            28
        ],
        [
            6,
            36
        ],
        [
            6,
            38
        ],
        [
            7,
            19
        ],
        [
            7,
            22
        ],
        [
            7,
            23
        ],
        [
            7,
            31
        ],
        [
            8,
            35
        ],
        [
            8,
            38
        ],
        [
            9,
            27
        ],
        [
            9,
            35
        ],
        [
            9,
            39
        ],
        [
            10,
            13
        ],
        [
            10,
            24
        ],
        [
            10,
            27
        ],
        [
            10,
            28
        ],
        [
            11,
            14
        ],
        [
            11,
            17
        ],
        [
            11,
            27
        ],
        [
            11,
            31
        ],
        [
            11,
            33
        ],
        [
            12,
            18
        ],
        [
            13,
            36
        ],
        [
            14,
            18
        ],
        [
            14,
            34
        ],
        [
            14,
            35
        ],
        [
            14,
            39
        ],
        [
            15,
            20
        ],
        [
            15,
            24
        ],
        [
            15,
            25
        ],
        [
            15,
            27
        ],
        [
            15,
            37
        ],
        [
            16,
            27
        ],
        [
            16,
            34
        ],
        [
            17,
            38
        ],
        [
            18,
            22
        ],
        [
            18,
            29
        ],
        [
            18,
            35
        ],
        [
            18,
            39
        ],
        [
            19,
            21
        ],
        [
            19,
            28
        ],
        [
            20,
            29
        ],
        [
            21,
            33
        ],
        [
            22,
            24
        ],
        [
            22,
            34
        ],
        [
            23,
            28
        ],
        [
            23,
            35
        ],
        [
            23,
            36
        ],
        [
            24,
            27
        ],
        [
            24,
            38
        ],
        [
            25,
            29
        ],
        [
            25,
            35
        ],
        [
            25,
            37
        ],
        [
            26,
            36
        ],
        [
            27,
            30
        ],
        [
            28,
            33
        ],
        [
            29,
            31
        ],
        [
            30,
            32
        ],
        [
            30,
            37
        ],
        [
            30,
            39
        ],
        [
            31,
            32
        ],
        [
            31,
            35
        ],
        [
            34,
            35
        ],
        [
            34,
            36
        ],
        [
            37,
            39
        ]
    ]
}