{
    "total_node_number": 40,
    "probability_of_edge": 0.15,
    "time": {
        "request": 24999.0,
        "reply": 16998.5,
        "forwarding": 2001.25
    },
    "request_message_count": 244,
    "route": [
        {
            "name": "Shortest Path",
            "route_node_count": 4,
            "route": [
                0,
                27,
                11,
                39
            ]
        },
        {
            "name": "DSRAlgorithm Path",
            "route_node_count": 4,
            "route": [
                0,
                15,
                20,
                39
            ]
        }
    ],
    "edges": [
        [
            0,
            1
        ],
        [
            0,
            15
        ],
        [
            0,
            17
        ],
        [
            0,
            21
        ],
        [
            0,
            27
        ],
        [
            0,
            32
        ],
        [
            0,
            38
        ],
        [
            1,
            18
        ],
        [
            1,
            20
        ],
        [
            1,
            23
        ],
        [
            1,
            24
        ],
        [
            1,
            30
        ],
        [
            1,
            33
        ],
        [
            1,
            35
        ],
        [
            2,
            3
        ],
        [
            2,
            14
        ],
        [
            2,
            17
        ],
        [
            2,
            20
        ],
        [
            2,
            24
        ],
        [
            2,
            28
        ],
        [
            2,
            31
        ],
        [
            2,
            32
        ],
        [
            3,
            4
        ],
        [
            3,
            9
        ],
        [
            3,
            11
        ],
        [
            3,
            16
        ],
        [
            3,
            22
        ],
        [
            3,
            27
        ],
        [
            3,
            32
        ],
        [
            3,
            33
        ],
        [
            3,
            36
        ],
        [
            4,
            6
        ],
        [
            4,
            16
        ],
        [
            4,
            20
        ],
        [
            4,
            25
        ],
        [
            4,
            37
        ],
        [
            5,
            10
        ],
        [
            6,
            22
        ],
        [
            6,
            24
        ],
        [
            6,
            26
        ],
        [
            7,
            9
        ],
        [
            7,
            24
        ],
        [
            8,
            17
        ],
        [
            8,
            23
        ],
        [
            8,
            37
        ],
        [
            9,
            13
        ],
        [
            9,
            16
        ],
        [
            9,
            25
        ],
        [
            9,
            29
        ],
        [
            9,
            37
        ],
        [
            10,
            12
        ],
        [
            10,
            16
        ],
        [
            10,
            25
        ],
        [
            11,
            14
        ],
        [
            11,
            16
        ],
        [
            11,
            25
        ],
        [
            11,
            27
        ],
        [
            11,
            29
        ],
        [
            11,
            39
        ],
        [
            12,
            14
        ],
        [
            13,
            16
        ],
        [
            13,
            21
        ],
        [
            13,
            25
        ],
        [
            13,
            30
        ],
        [
            13,
            33
        ],
        [
            14,
            20
        ],
        [
            14,
            23
        ],
        [
            14,
            27
        ],
        [
            14,
            31
        ],
        [
            14,
            33
        ],
        [
            15,
            16
        ],
        [
            15,
            17
        ],
        [
            15,
            20
        ],
        [
            15,
            27
        ],
        [
            16,
            17
        ],
        [
            16,
            34
        ],
        [
            17,
            24
        ],
        [
            17,
            27
        ],
        [
            17,
            29
        ],
        [
            18,
            20
        ],
        [
            18,
            21
        ],
        [
            18,
            30
        ],
        [
            18,
            33
        ],
        [
            19,
            21
        ],
        [
            19,
            28
        ],
        [
            20,
            26
        ],
        [
            20,
            27
        ],
        [
            20,
            29
        ],
        [
            20,
            30
        ],
        [
            20,
            31
        ],
        [
            20,
            34
        ],
        [
            20,
            39
        ],
        [
            21,
            25
        ],
        [
            21,
            28
        ],
        [
            21,
            29
        ],
        [
            21,
            31
        ],
        [
            23,
            25
        ],
        [
            23,
            27
        ],
        [
            23,
            28
        ],
        [
            23,
            29
        ],
        [
            23,
            33
        ],
        [
            23,
            37
        ],
        [
            24,
            29
        ],
        [
            24,
            30
        ],
        [
            24,
            31
        ],
        [
            25,
            26
        ],
        [
            25,
            27
        ],
        [
            25,
            32
        ],
        [
            25,
            34
        ],
        [
            25,
            36
        ],
        [
            26,
            30
        ],
        [
            26,
            32
        ],
        [
            27,
            31
        ],
        [
            28,
            34
        ],
        [
            29,
            30
        ],
        [
            29,
            37
        ],
        [
            30,
            33
        ],
        [
            31,
            32
        ],
        [
            31,
            37
        ],
        [
            31,
            38
        ],
        [
            34,
            35
        ],
        [
            34,
            36
        ],
        [
            35,
            39
        ],
        [
            36,
            39
        ]
    ]
}