{
    "total_node_number": 30,
    "probability_of_edge": 0.2,
    "time": {
        "request": 14985.25,
        "reply": 15000.0,
        "forwarding": 1001.5
    },
    "request_message_count": 163,
    "route": [
        {
            "name": "Shortest Path",
            "route_node_count": 4,
            "route": [
                0,
                1,
                4,
                29
            ]
        },
        {
            "name": "DSRAlgorithm Path",
            "route_node_count": 4,
            "route": [
                0,
                9,
                11,
                29
            ]
        }
    ],
    "edges": [
        [
            0,
            1
        ],
        [
            0,
            6
        ],
        [
            0,
            9
        ],
        [
            0,
            20
        ],
        [
            0,
            23
        ],
        [
            0,
            25
        ],
        [
            1,
            4
        ],
        [
            1,
            7
        ],
        [
            1,
            8
        ],
        [
            1,
            9
        ],
        [
            1,
            10
        ],
        [
            1,
            21
        ],
        [
            2,
            5
        ],
        [
            2,
            8
        ],
        [
            2,
            11
        ],
        [
            2,
            12
        ],
        [
            2,
            23
        ],
        [
            3,
            6
        ],
        [
            3,
            17
        ],
        [
            3,
            18
        ],
        [
            4,
            10
        ],
        [
            4,
            13
        ],
        [
            4,
            25
        ],
        [
            4,
            29
        ],
        [
            5,
            7
        ],
        [
            5,
            20
        ],
        [
            6,
            11
        ],
        [
            6,
            14
        ],
        [
            6,
            21
        ],
        [
            6,
            23
        ],
        [
            7,
            8
        ],
        [
            7,
            11
        ],
        [
            7,
            13
        ],
        [
            7,
            24
        ],
        [
            7,
            26
        ],
        [
            7,
            29
        ],
        [
            8,
            9
        ],
        [
            8,
            10
        ],
        [
            8,
            11
        ],
        [
            8,
            14
        ],
        [
            8,
            15
        ],
        [
            8,
            25
        ],
        [
            8,
            26
        ],
        [
            9,
            11
        ],
        [
            9,
            19
        ],
        [
            9,
            20
        ],
        [
            9,
            23
        ],
        [
            9,
            24
        ],
        [
            9,
            25
        ],
        [
            9,
            28
        ],
        [
            10,
            12
        ],
        [
            10,
            13
        ],
        [
            10,
            14
        ],
        [
            10,
            18
        ],
        [
            10,
            19
        ],
        [
            10,
            21
        ],
        [
            11,
            12
        ],
        [
            11,
            19
        ],
        [
            11,
            22
        ],
        [
            11,
            26
        ],
        [
            11,
            29
        ],
        [
            12,
            14
        ],
        [
            12,
            18
        ],
        [
            12,
            24
        ],
        [
            13,
            14
        ],
        [
            13,
            15
        ],
        [
            13,
            24
        ],
        [
            14,
            26
        ],
        [
            15,
            20
        ],
        [
            15,
            25
        ],
        [
            16,
            29
        ],
        [
            17,
            20
        ],
        [
            17,
            22
        ],
        [
            17,
            24
        ],
        [
            17,
            26
        ],
        [
            18,
            24
        ],
        [
            18,
            27
        ],
        [
            19,
            23
        ],
        [
            19,
            25
        ],
        [
            21,
            22
        ],
        [
            21,
            27
        ],
        [
            22,
            29
        ],
        [
            23,
            27
        ],
        [
            24,
            27
        ],
        [
            27,
            29
        ]
    ]
}