{
    "total_node_number": 40,
    "probability_of_edge": 0.15,
    "time": {
        "request": 18184.0,
        "reply": 19000.25,
        "forwarding": 0.0
    },
    "request_message_count": 227,
    "route": [
        {
            "name": "Shortest Path",
            "route_node_count": 3,
            "route": [
                0,
                13,
                39
            ]
        },
        {
            "name": "DSRAlgorithm Path",
            "route_node_count": 3,
            "route": [
                0,
                13,
                39
            ]
        }
    ],
    "edges": [
        [
            0,
            2
        ],
        [
            0,
            13
        ],
        [
            0,
            15
        ],
        [
            0,
            16
        ],
        [
            0,
            22
        ],
        [
            0,
            23
        ],
        [
            0,
            31
        ],
        [
            1,
            8
        ],
        [
            1,
            9
        ],
        [
            1,
            13
        ],
        [
            1,
            14
        ],
        [
            1,
            22
        ],
        [
            1,
            35
        ],
        [
            2,
            7
        ],
        [
            2,
            10
        ],
        [
            2,
            12
        ],
        [
            2,
            13
        ],
        [
            2,
            17
        ],
        [
            2,
            21
        ],
        [
            2,
            27
        ],
        [
            2,
            30
        ],
        [
            2,
            36
        ],
        [
            3,
            6
        ],
        [
            3,
            12
        ],
        [
            3,
            26
        ],
        [
            3,
            38
        ],
        [
            4,
            7
        ],
        [
            4,
            11
        ],
        [
            4,
            12
        ],
        [
            4,
            21
        ],
        [
            4,
            33
        ],
        [
            5,
            15
        ],
        [
            5,
            23
        ],
        [
            5,
            35
        ],
        [
            6,
            15
        ],
        [
            6,
            18
        ],
        [
            6,
            19
        ],
        [
            6,
            37
        ],
        [
            7,
            23
        ],
        [
            7,
            26
        ],
        [
            7,
            39
        ],
        [
            8,
            10
        ],
        [
            8,
            34
        ],
        [
            9,
            21
        ],
        [
            9,
            39
        ],
        [
            10,
            11
        ],
        [
            10,
            20
        ],
        [
            10,
            32
        ],
        [
            10,
            34
        ],
        [
            10,
            37
        ],
        [
            10,
            39
        ],
        [
            11,
            17
        ],
        [
            11,
            21
        ],
        [
            11,
            27
        ],
        [
            11,
            28
        ],
        [
            11,
            32
        ],
        [
            12,
            16
        ],
        [
            12,
            24
        ],
        [
            12,
            25
        ],
        [
            12,
            33
        ],
        [
            12,
            38
        ],
        [
            13,
            15
        ],
        [
            13,
            29
        ],
        [
            13,
            35
        ],
        [
            13,
            37
        ],
        [
            13,
            39
        ],
        [
            14,
            22
        ],
        [
            14,
            28
        ],
        [
            14,
            31
        ],
        [
            15,
            17
        ],
        [
            15,
            35
        ],
        [
            16,
            33
        ],
        [
            16,
            36
        ],
        [
            17,
            20
        ],
        [
            17,
            21
        ],
        [
            17,
            38
        ],
        [
            17,
            39
        ],
        [
            18,
            22
        ],
        [
            18,
            24
        ],
        [
            18,
            30
        ],
        [
            18,
            33
        ],
        [
            18,
            36
        ],
        [
            19,
            24
        ],
        [
            19,
            30
        ],
        [
            19,
            31
        ],
        [
            19,
            35
        ],
        [
            20,
            27
        ],
        [
            20,
            28
        ],
        [
            20,
            32
        ],
        [
            21,
            25
        ],
        [
            21,
            36
        ],
        [
            22,
            31
        ],
        [
            22,
            36
        ],
        [
            23,
            37
        ],
        [
            23,
            38
        ],
        [
            24,
            27
        ],
        [
            24,
            28
        ],
        [
            24,
            36
        ],
        [
            25,
            32
        ],
        [
            25,
            39
        ],
        [
            26,
            28
        ],
        [
            26,
            32
        ],
        [
            26,
            38
        ],
        [
            27,
            35
        ],
        [
            28,
            30
        ],
        [
            28,
            33
        ],
        [
            28,
            38
        ],
        [
            28,
            39
        ],
        [
            29,
            36
        ],
        [
            29,
            37
        ],
        [
            30,
            33
        ],
        [
            31,
            32
        ],
        [
            31,
            35
        ],
        [
            33,
            34
        ],
        [
            33,
            37
        ],
        [
            34,
            39
        ],
        [
            35,
            38
        ],
        [
            38,
            39
        ]
    ]
}