{
    "total_node_number": 40,
    "probability_of_edge": 0.1,
    "time": {
        "request": 3999.75,
        "reply": 20999.5,
        "forwarding": 999.25
    },
    "request_message_count": 151,
    "route": [
        {
            "name": "Shortest Path",
            "route_node_count": 3,
            "route": [
                0,
                37,
                39
            ]
        },
        {
            "name": "DSRAlgorithm Path",
            "route_node_count": 3,
            "route": [
                0,
                37,
                39
            ]
        }
    ],
    "edges": [
        [
            0,
            13
        ],
        [
            0,
            17
        ],
        [
            0,
            37
        ],
        [
            1,
            22
        ],
        [
            1,
            29
        ],
        [
            2,
            10
        ],
        [
            2,
            12
        ],
        [
            2,
            34
        ],
        [
            3,
            19
        ],
        [
            3,
            24
        ],
        [
            3,
            31
        ],
        [
            3,
            32
        ],
        [
            3,
            38
        ],
        [
            4,
            21
        ],
        [
            4,
            26
        ],
        [
            4,
            33
        ],
        [
            4,
            34
        ],
        [
            5,
            6
        ],
        [
            5,
            16
        ],
        [
            5,
            39
        ],
        [
            6,
            20
        ],
        [
            6,
            31
        ],
        [
            7,
            11
        ],
        [
            7,
            16
        ],
        [
            7,
            17
        ],
        [
            7,
            19
        ],
        [
            7,
            38
        ],
        [
            8,
            16
        ],
        [
            8,
            21
        ],
        [
            8,
            28
        ],
        [
            9,
            11
        ],
        [
            9,
            24
        ],
        [
            9,
            36
        ],
        [
            10,
            12
        ],
        [
            10,
            13
        ],
        [
            10,
            23
        ],
        [
            10,
            28
        ],
        [
            11,
            29
        ],
        [
            11,
            30
        ],
        [
            12,
            28
        ],
        [
            13,
            30
        ],
        [
            13,
            35
        ],
        [
            14,
            16
        ],
        [
            14,
            19
        ],
        [
            14,
            24
        ],
        [
            14,
            39
        ],
        [
            15,
            23
        ],
        [
            16,
            26
        ],
        [
            16,
            31
        ],
        [
            16,
            36
        ],
        [
            17,
            19
        ],
        [
            17,
            29
        ],
        [
            17,
            35
        ],
        [
            18,
            28
        ],
        [
            19,
            23
        ],
        [
            19,
            24
        ],
        [
            19,
            34
        ],
        [
            20,
            37
        ],
        [
            21,
            36
        ],
        [
            22,
            31
        ],
        [
            22,
            35
        ],
        [
            23,
            24
        ],
        [
            23,
            27
        ],
        [
            23,
            32
        ],
        [
            23,
            35
        ],
        [
            23,
            39
        ],
        [
            24,
            27
        ],
        [
            24,
            28
        ],
        [
            25,
            36
        ],
        [
            26,
            30
        ],
        [
            26,
            36
        ],
        [
            28,
            39
        ],
        [
            29,
            30
        ],
        [
            29,
            37
        ],
        [
            32,
            36
        ],
        [
            33,
            37
        ],
        [
            35,
            36
        ],
        [
            37,
            39
        ]
    ]
}