{
    "total_node_number": 30,
    "probability_of_edge": 0.2,
    "time": {
        "request": 1002.0,
        "reply": 3970.75,
        "forwarding": 11001.75
    },
    "request_message_count": 159,
    "route": [
        {
            "name": "Shortest Path",
            "route_node_count": 2,
            "route": [
                0,
                29
            ]
        },
        {
            "name": "DSRAlgorithm Path",
            "route_node_count": 2,
            "route": [
                0,
                29
            ]
        }
    ],
    "edges": [
        [
            0,
            3
        ],
        [
            0,
            8
        ],
        [
            0,
            29
        ],
        [
            1,
            4
        ],
        [
            1,
            5
        ],
        [
            1,
            6
        ],
        [
            1,
            11
        ],
        [
            1,
            14
        ],
        [
            1,
            18
        ],
        [
            1,
            25
        ],
        [
            1,
            27
        ],
        [
            1,
            29
        ],
        [
            2,
            4
        ],
        [
            2,
            6
        ],
        [
            2,
            26
        ],
        [
            3,
            8
        ],
        [
            3,
            15
        ],
        [
            3,
            18
        ],
        [
            3,
            21
        ],
        [
            3,
            27
        ],
        [
            4,
            5
        ],
        [
            4,
            11
        ],
        [
            4,
            20
        ],
        [
            4,
            28
        ],
        [
            5,
            10
        ],
        [
            5,
            11
        ],
        [
            5,
            14
        ],
        [
            5,
            16
        ],
        [
            5,
            22
        ],
        [
            5,
            29
        ],
        [
            6,
            9
        ],
        [
            6,
            12
        ],
        [
            6,
            14
        ],
        [
            6,
            15
        ],
        [
            6,
            18
        ],
        [
            6,
            26
        ],
        [
            7,
            17
        ],
        [
            7,
            19
        ],
        [
            8,
            18
        ],
        [
            8,
            20
        ],
        [
            8,
            27
        ],
        [
            8,
            28
        ],
        [
            9,
            13
        ],
        [
            9,
            22
        ],
        [
            9,
            24
        ],
        [
            9,
            25
        ],
        [
            9,
            26
        ],
        [
            9,
            27
        ],
        [
            10,
            13
        ],
        [
            10,
            15
        ],
        [
            10,
            16
        ],
        [
            10,
            20
        ],
        [
            10,
            22
        ],
        [
            11,
            24
        ],
        [
            12,
            15
        ],
        [
            12,
            23
        ],
        [
            13,
            15
        ],
        [
            13,
            23
        ],
        [
            13,
            26
        ],
        [
            13,
            29
        ],
        [
            14,
            27
        ],
        [
            15,
            16
        ],
        [
            15,
            22
        ],
        [
            15,
            24
        ],
        [
            15,
            25
        ],
        [
            15,
            28
        ],
        [
            15,
            29
        ],
        [
            16,
            17
        ],
        [
            17,
            19
        ],
        [
            17,
            25
        ],
        [
            18,
            21
        ],
        [
            18,
            22
        ],
        [
            18,
            28
        ],
        [
            19,
            24
        ],
        [
            19,
            27
        ],
        [
            22,
            25
        ],
        [
            22,
            28
        ],
        [
            22,
            29
        ],
        [
            23,
            27
        ],
        [
            25,
            28
        ],
        [
            26,
            28
        ],
        [
            26,
            29
        ],
        [
            27,
            28
        ]
    ]
}