{
    "total_node_number": 40,
    "probability_of_edge": 0.15,
    "time": {
        "request": 11000.5,
        "reply": 27999.5,
        "forwarding": 0.0
    },
    "request_message_count": 224,
    "route": [
        {
            "name": "Shortest Path",
            "route_node_count": 3,
            "route": [
                0,
                23,
                39
            ]
        },
        {
            "name": "DSRAlgorithm Path",
            "route_node_count": 3,
            "route": [
                0,
                23,
                39
            ]
        }
    ],
    "edges": [
        [
            0,
            1
        ],
        [
            0,
            7
        ],
        [
            0,
            9
        ],
        [
            0,
            17
        ],
        [
            0,
            21
        ],
        [
            0,
            23
        ],
        [
            0,
            30
        ],
        [
            0,
            32
        ],
        [
            0,
            33
        ],
        [
            1,
            17
        ],
        [
            1,
            21
        ],
        [
            1,
            28
        ],
        [
            1,
            29
        ],
        [
            2,
            8
        ],
        [
            2,
            17
        ],
        [
            2,
            25
        ],
        [
            2,
            26
        ],
        [
            3,
            4
        ],
        [
            3,
            6
        ],
        [
            3,
            9
        ],
        [
            3,
            15
        ],
        [
            3,
            28
        ],
        [
            3,
            29
        ],
        [
            3,
            31
        ],
        [
            3,
            37
        ],
        [
            3,
            39
        ],
        [
            4,
            19
        ],
        [
            4,
            23
        ],
        [
            4,
            29
        ],
        [
            4,
            37
        ],
        [
            5,
            14
        ],
        [
            5,
            24
        ],
        [
            5,
            28
        ],
        [
            6,
            18
        ],
        [
            6,
            20
        ],
        [
            6,
            27
        ],
        [
            6,
            28
        ],
        [
            6,
            37
        ],
        [
            7,
            14
        ],
        [
            7,
            26
        ],
        [
            7,
            34
        ],
        [
            8,
            12
        ],
        [
            8,
            23
        ],
        [
            8,
            27
        ],
        [
            8,
            31
        ],
        [
            8,
            33
        ],
        [
            8,
            38
        ],
        [
            9,
            12
        ],
        [
            9,
            13
        ],
        [
            9,
            22
        ],
        [
            10,
            11
        ],
        [
            10,
            17
        ],
        [
            10,
            19
        ],
        [
            10,
            24
        ],
        [
            10,
            25
        ],
        [
            10,
            31
        ],
        [
            10,
            32
        ],
        [
            11,
            14
        ],
        [
            11,
            17
        ],
        [
            12,
            35
        ],
        [
            12,
            37
        ],
        [
            13,
            24
        ],
        [
            13,
            26
        ],
        [
            14,
            35
        ],
        [
            14,
            38
        ],
        [
            15,
            16
        ],
        [
            15,
            18
        ],
        [
            15,
            29
        ],
        [
            15,
            36
        ],
        [
            16,
            17
        ],
        [
            16,
            22
        ],
        [
            16,
            29
        ],
        [
            16,
            30
        ],
        [
            16,
            38
        ],
        [
            17,
            25
        ],
        [
            17,
            31
        ],
        [
            17,
            32
        ],
        [
            17,
            36
        ],
        [
            17,
            38
        ],
        [
            18,
            21
        ],
        [
            18,
            32
        ],
        [
            18,
            33
        ],
        [
            19,
            21
        ],
        [
            19,
            32
        ],
        [
            19,
            35
        ],
        [
            19,
            36
        ],
        [
            19,
            39
        ],
        [
            20,
            24
        ],
        [
            20,
            38
        ],
        [
            21,
            29
        ],
        [
            21,
            31
        ],
        [
            22,
            24
        ],
        [
            22,
            26
        ],
        [
            22,
            27
        ],
        [
            22,
            33
        ],
        [
            22,
            37
        ],
        [
            23,
            26
        ],
        [
            23,
            34
        ],
        [
            23,
            39
        ],
        [
            24,
            37
        ],
        [
            25,
            26
        ],
        [
            25,
            35
        ],
        [
            26,
            37
        ],
        [
            26,
            39
        ],
        [
            27,
            28
        ],
        [
            28,
            38
        ],
        [
            29,
            30
        ],
        [
            30,
            31
        ],
        [
            30,
            37
        ],
        [
            31,
            35
        ],
        [
            32,
            37
        ],
        [
            34,
            37
        ],
        [
            36,
            38
        ],
        [
            36,
            39
        ],
        [
            37,
            39
        ]
    ]
}