{
    "total_node_number": 30,
    "probability_of_edge": 0.13333333333333333,
    "time": {
        "request": 8001.25,
        "reply": 20001.25,
        "forwarding": 1001.25
    },
    "request_message_count": 154,
    "route": [
        {
            "name": "Shortest Path",
            "route_node_count": 3,
            "route": [
                0,
                4,
                29
            ]
        },
        {
            "name": "DSRAlgorithm Path",
            "route_node_count": 3,
            "route": [
                0,
                4,
                29
            ]
        }
    ],
    "edges": [
        [
            0,
            4
        ],
        [
            0,
            5
        ],
        [
            0,
            6
        ],
        [
            0,
            11
        ],
        [
            0,
            21
        ],
        [
            0,
            22
        ],
        [
            0,
            23
        ],
        [
            0,
            26
        ],
        [
            1,
            20
        ],
        [
            2,
            5
        ],
        [
            2,
            6
        ],
        [
            2,
            9
        ],
        [
            2,
            16
        ],
        [
            2,
            19
        ],
        [
            2,
            23
        ],
        [
            3,
            8
        ],
        [
            3,
            23
        ],
        [
            4,
            6
        ],
        [
            4,
            12
        ],
        [
            4,
            13
        ],
        [
            4,
            18
        ],
        [
            4,
            29
        ],
        [
            5,
            7
        ],
        [
            5,
            14
        ],
        [
            5,
            23
        ],
        [
            5,
            24
        ],
        [
            5,
            27
        ],
        [
            6,
            7
        ],
        [
            6,
            8
        ],
        [
            6,
            10
        ],
        [
            6,
            12
        ],
        [
            6,
            20
        ],
        [
            6,
            28
        ],
        [
            7,
            14
        ],
        [
            7,
            16
        ],
        [
            7,
            17
        ],
        [
            7,
            19
        ],
        [
            7,
            22
        ],
        [
            7,
            29
        ],
        [
            8,
            15
        ],
        [
            8,
            19
        ],
        [
            8,
            26
        ],
        [
            9,
            13
        ],
        [
            9,
            17
        ],
        [
            9,
            24
        ],
        [
            9,
            27
        ],
        [
            10,
            14
        ],
        [
            10,
            15
        ],
        [
            11,
            13
        ],
        [
            11,
            18
        ],
        [
            11,
            24
        ],
        [
            11,
            27
        ],
        [
            12,
            17
        ],
        [
            12,
            20
        ],
        [
            13,
            16
        ],
        [
            13,
            20
        ],
        [
            13,
            29
        ],
        [
            14,
            18
        ],
        [
            14,
            20
        ],
        [
            14,
            26
        ],
        [
            15,
            17
        ],
        [
            15,
            24
        ],
        [
            16,
            18
        ],
        [
            16,
            28
        ],
        [
            17,
            26
        ],
        [
            17,
            28
        ],
        [
            18,
            21
        ],
        [
            19,
            20
        ],
        [
            19,
            22
        ],
        [
            19,
            26
        ],
        [
            19,
            27
        ],
        [
            20,
            22
        ],
        [
            20,
            24
        ],
        [
            22,
            27
        ],
        [
            23,
            24
        ],
        [
            23,
            26
        ],
        [
            24,
            26
        ],
        [
            24,
            28
        ],
        [
            25,
            29
        ],
        [
            27,
            29
        ]
    ]
}