{
    "total_node_number": 30,
    "probability_of_edge": 0.2,
    "time": {
        "request": 1000.5,
        "reply": 9999.25,
        "forwarding": 14999.75
    },
    "request_message_count": 177,
    "route": [
        {
            "name": "Shortest Path",
            "route_node_count": 2,
            "route": [
                0,
                29
            ]
        },
        {
            "name": "DSRAlgorithm Path",
            "route_node_count": 2,
            "route": [
                0,
                29
            ]
        }
    ],
    "edges": [
        [
            0,
            1
        ],
        [
            0,
            9
        ],
        [
            0,
            13
        ],
        [
            0,
            16
        ],
        [
            0,
            24
        ],
        [
            0,
            29
        ],
        [
            1,
            3
        ],
        [
            1,
            5
        ],
        [
            1,
            10
        ],
        [
            1,
            11
        ],
        [
            1,
            13
        ],
        [
            1,
            18
        ],
        [
            1,
            27
        ],
        [
            2,
            3
        ],
        [
            2,
            4
        ],
        [
            2,
            6
        ],
        [
            2,
            7
        ],
        [
            2,
            9
        ],
        [
            2,
            13
        ],
        [
            3,
            4
        ],
        [
            3,
            7
        ],
        [
            3,
            13
        ],
        [
            3,
            15
        ],
        [
            3,
            18
        ],
        [
            3,
            21
        ],
        [
            3,
            24
        ],
        [
            4,
            6
        ],
        [
            4,
            12
        ],
        [
            4,
            15
        ],
        [
            4,
            24
        ],
        [
            4,
            26
        ],
        [
            5,
            8
        ],
        [
            5,
            11
        ],
        [
            5,
            25
        ],
        [
            5,
            26
        ],
        [
            5,
            29
        ],
        [
            6,
            9
        ],
        [
            6,
            22
        ],
        [
            6,
            26
        ],
        [
            7,
            11
        ],
        [
            7,
            19
        ],
        [
            7,
            25
        ],
        [
            7,
            26
        ],
        [
            8,
            13
        ],
        [
            8,
            21
        ],
        [
            8,
            26
        ],
        [
            9,
            10
        ],
        [
            9,
            11
        ],
        [
            9,
            23
        ],
        [
            9,
            28
        ],
        [
            10,
            12
        ],
        [
            10,
            19
        ],
        [
            10,
            20
        ],
        [
            10,
            29
        ],
        [
            11,
            13
        ],
        [
            11,
            15
        ],
        [
            11,
            16
        ],
        [
            11,
            17
        ],
        [
            11,
            28
        ],
        [
            12,
            20
        ],
        [
            13,
            14
        ],
        [
            13,
            15
        ],
        [
            13,
            17
        ],
        [
            13,
            25
        ],
        [
            13,
            27
        ],
        [
            13,
            29
        ],
        [
            14,
            20
        ],
        [
            14,
            28
        ],
        [
            15,
            22
        ],
        [
            15,
            23
        ],
        [
            15,
            25
        ],
        [
            15,
            27
        ],
        [
            16,
            19
        ],
        [
            16,
            22
        ],
        [
            16,
            27
        ],
        [
            16,
            28
        ],
        [
            17,
            21
        ],
        [
            17,
            25
        ],
        [
            18,
            22
        ],
        [
            18,
            24
        ],
        [
            18,
            29
        ],
        [
            19,
            23
        ],
        [
            19,
            27
        ],
        [
            19,
            29
        ],
        [
            21,
            23
        ],
        [
            21,
            28
        ],
        [
            21,
            29
        ],
        [
            22,
            26
        ],
        [
            23,
            24
        ],
        [
            24,
            25
        ],
        [
            24,
            29
        ],
        [
            25,
            27
        ],
        [
            27,
            29
        ]
    ]
}