{
    "total_node_number": 40,
    "probability_of_edge": 0.1,
    "time": {
        "request": 8963.0,
        "reply": 20002.5,
        "forwarding": 1002.0
    },
    "request_message_count": 169,
    "route": [
        {
            "name": "Shortest Path",
            "route_node_count": 3,
            "route": [
                0,
                15,
                39
            ]
        },
        {
            "name": "DSRAlgorithm Path",
            "route_node_count": 3,
            "route": [
                0,
                23,
                39
            ]
        }
    ],
    "edges": [
        [
            0,
            7
        ],
        [
            0,
            13
        ],
        [
            0,
            15
        ],
        [
            0,
            23
        ],
        [
            0,
            24
        ],
        [
            0,
            31
        ],
        [
            1,
            2
        ],
        [
            1,
            18
        ],
        [
            1,
            20
        ],
        [
            1,
            30
        ],
        [
            1,
            35
        ],
        [
            2,
            9
        ],
        [
            2,
            12
        ],
        [
            2,
            20
        ],
        [
            2,
            30
        ],
        [
            2,
            37
        ],
        [
            2,
            39
        ],
        [
            3,
            10
        ],
        [
            3,
            13
        ],
        [
            4,
            5
        ],
        [
            4,
            6
        ],
        [
            4,
            9
        ],
        [
            4,
            17
        ],
        [
            4,
            18
        ],
        [
            4,
            37
        ],
        [
            5,
            11
        ],
        [
            5,
            20
        ],
        [
            5,
            24
        ],
        [
            5,
            26
        ],
        [
            5,
            32
        ],
        [
            5,
            39
        ],
        [
            6,
            19
        ],
        [
            7,
            17
        ],
        [
            7,
            22
        ],
        [
            7,
            25
        ],
        [
            8,
            20
        ],
        [
            8,
            25
        ],
        [
            8,
            34
        ],
        [
            9,
            24
        ],
        [
            9,
            26
        ],
        [
            9,
            32
        ],
        [
            10,
            11
        ],
        [
            10,
            20
        ],
        [
            11,
            13
        ],
        [
            11,
            14
        ],
        [
            12,
            18
        ],
        [
            12,
            26
        ],
        [
            12,
            28
        ],
        [
            12,
            34
        ],
        [
            12,
            39
        ],
        [
            13,
            27
        ],
        [
            13,
            36
        ],
        [
            14,
            18
        ],
        [
            14,
            27
        ],
        [
            14,
            32
        ],
        [
            14,
            38
        ],
        [
            15,
            36
        ],
        [
            15,
            39
        ],
        [
            16,
            29
        ],
        [
            17,
            18
        ],
        [
            17,
            21
        ],
        [
            17,
            28
        ],
        [
            17,
            32
        ],
        [
            17,
            33
        ],
        [
            18,
            21
        ],
        [
            19,
            20
        ],
        [
            19,
            29
        ],
        [
            19,
            32
        ],
        [
            20,
            28
        ],
        [
            20,
            29
        ],
        [
            20,
            34
        ],
        [
            20,
            38
        ],
        [
            21,
            25
        ],
        [
            21,
            35
        ],
        [
            21,
            37
        ],
        [
            22,
            23
        ],
        [
            23,
            39
        ],
        [
            24,
            26
        ],
        [
            24,
            36
        ],
        [
            27,
            29
        ],
        [
            27,
            32
        ],
        [
            28,
            33
        ],
        [
            29,
            38
        ],
        [
            31,
            34
        ],
        [
            34,
            35
        ],
        [
            34,
            36
        ],
        [
            35,
            39
        ],
        [
            37,
            39
        ]
    ]
}