{
    "total_node_number": 40,
    "probability_of_edge": 0.15,
    "time": {
        "request": 26000.25,
        "reply": 12000.0,
        "forwarding": 1001.25
    },
    "request_message_count": 206,
    "route": [
        {
            "name": "Shortest Path",
            "route_node_count": 4,
            "route": [
                0,
                11,
                5,
                39
            ]
        },
        {
            "name": "DSRAlgorithm Path",
            "route_node_count": 4,
            "route": [
                0,
                11,
                5,
                39
            ]
        }
    ],
    "edges": [
        [
            0,
            11
        ],
        [
            0,
            33
        ],
        [
            1,
            2
        ],
        [
            1,
            13
        ],
        [
            1,
            18
        ],
        [
            1,
            20
        ],
        [
            1,
            33
        ],
        [
            1,
            36
        ],
        [
            2,
            3
        ],
        [
            2,
            23
        ],
        [
            2,
            24
        ],
        [
            2,
            27
        ],
        [
            2,
            34
        ],
        [
            3,
            5
        ],
        [
            3,
            6
        ],
        [
            3,
            18
        ],
        [
            3,
            27
        ],
        [
            3,
            34
        ],
        [
            3,
            35
        ],
        [
            4,
            10
        ],
        [
            4,
            29
        ],
        [
            4,
            38
        ],
        [
            5,
            7
        ],
        [
            5,
            11
        ],
        [
            5,
            13
        ],
        [
            5,
            14
        ],
        [
            5,
            25
        ],
        [
            5,
            36
        ],
        [
            5,
            39
        ],
        [
            6,
            11
        ],
        [
            6,
            12
        ],
        [
            6,
            14
        ],
        [
            6,
            27
        ],
        [
            6,
            36
        ],
        [
            7,
            19
        ],
        [
            7,
            21
        ],
        [
            7,
            24
        ],
        [
            7,
            39
        ],
        [
            8,
            11
        ],
        [
            8,
            15
        ],
        [
            8,
            21
        ],
        [
            8,
            23
        ],
        [
            8,
            34
        ],
        [
            9,
            10
        ],
        [
            9,
            18
        ],
        [
            9,
            19
        ],
        [
            9,
            20
        ],
        [
            9,
            21
        ],
        [
            9,
            25
        ],
        [
            9,
            28
        ],
        [
            9,
            35
        ],
        [
            9,
            36
        ],
        [
            10,
            11
        ],
        [
            10,
            14
        ],
        [
            10,
            17
        ],
        [
            10,
            32
        ],
        [
            10,
            34
        ],
        [
            11,
            23
        ],
        [
            11,
            31
        ],
        [
            12,
            16
        ],
        [
            12,
            22
        ],
        [
            12,
            30
        ],
        [
            13,
            20
        ],
        [
            13,
            23
        ],
        [
            13,
            28
        ],
        [
            13,
            31
        ],
        [
            13,
            37
        ],
        [
            14,
            29
        ],
        [
            14,
            35
        ],
        [
            14,
            36
        ],
        [
            15,
            24
        ],
        [
            15,
            31
        ],
        [
            16,
            17
        ],
        [
            16,
            22
        ],
        [
            16,
            25
        ],
        [
            16,
            28
        ],
        [
            16,
            32
        ],
        [
            18,
            20
        ],
        [
            18,
            22
        ],
        [
            18,
            25
        ],
        [
            18,
            31
        ],
        [
            18,
            33
        ],
        [
            19,
            21
        ],
        [
            19,
            25
        ],
        [
            20,
            21
        ],
        [
            20,
            30
        ],
        [
            20,
            37
        ],
        [
            21,
            22
        ],
        [
            21,
            35
        ],
        [
            21,
            38
        ],
        [
            22,
            23
        ],
        [
            22,
            35
        ],
        [
            23,
            27
        ],
        [
            24,
            30
        ],
        [
            24,
            37
        ],
        [
            25,
            26
        ],
        [
            26,
            27
        ],
        [
            26,
            28
        ],
        [
            26,
            32
        ],
        [
            26,
            37
        ],
        [
            26,
            38
        ],
        [
            29,
            32
        ],
        [
            30,
            36
        ],
        [
            32,
            37
        ]
    ]
}