{
    "total_node_number": 40,
    "probability_of_edge": 0.1,
    "time": {
        "request": 6000.0,
        "reply": 24998.75,
        "forwarding": 0.0
    },
    "request_message_count": 166,
    "route": [
        {
            "name": "Shortest Path",
            "route_node_count": 3,
            "route": [
                0,
                27,
                39
            ]
        },
        {
            "name": "DSRAlgorithm Path",
            "route_node_count": 3,
            "route": [
                0,
                27,
                39
            ]
        }
    ],
    "edges": [
        [
            0,
            1
        ],
        [
            0,
            7
        ],
        [
            0,
            18
        ],
        [
            0,
            27
        ],
        [
            1,
            6
        ],
        [
            1,
            13
        ],
        [
            1,
            22
        ],
        [
            1,
            31
        ],
        [
            1,
            38
        ],
        [
            2,
            13
        ],
        [
            2,
            21
        ],
        [
            2,
            28
        ],
        [
            2,
            31
        ],
        [
            3,
            5
        ],
        [
            3,
            6
        ],
        [
            3,
            16
        ],
        [
            3,
            28
        ],
        [
            4,
            12
        ],
        [
            4,
            22
        ],
        [
            4,
            23
        ],
        [
            4,
            35
        ],
        [
            5,
            6
        ],
        [
            5,
            10
        ],
        [
            5,
            12
        ],
        [
            5,
            13
        ],
        [
            5,
            22
        ],
        [
            5,
            27
        ],
        [
            5,
            34
        ],
        [
            6,
            30
        ],
        [
            6,
            32
        ],
        [
            6,
            36
        ],
        [
            7,
            27
        ],
        [
            8,
            11
        ],
        [
            8,
            19
        ],
        [
            8,
            21
        ],
        [
            8,
            34
        ],
        [
            9,
            18
        ],
        [
            9,
            22
        ],
        [
            9,
            37
        ],
        [
            11,
            15
        ],
        [
            11,
            20
        ],
        [
            11,
            31
        ],
        [
            11,
            33
        ],
        [
            12,
            15
        ],
        [
            12,
            18
        ],
        [
            12,
            27
        ],
        [
            13,
            20
        ],
        [
            13,
            24
        ],
        [
            13,
            28
        ],
        [
            14,
            23
        ],
        [
            14,
            36
        ],
        [
            14,
            37
        ],
        [
            15,
            17
        ],
        [
            15,
            19
        ],
        [
            15,
            31
        ],
        [
            17,
            18
        ],
        [
            17,
            29
        ],
        [
            17,
            35
        ],
        [
            17,
            36
        ],
        [
            19,
            20
        ],
        [
            19,
            31
        ],
        [
            19,
            34
        ],
        [
            20,
            24
        ],
        [
            20,
            31
        ],
        [
            20,
            34
        ],
        [
            20,
            35
        ],
        [
            21,
            27
        ],
        [
            21,
            33
        ],
        [
            21,
            38
        ],
        [
            22,
            37
        ],
        [
            23,
            25
        ],
        [
            23,
            30
        ],
        [
            24,
            34
        ],
        [
            25,
            27
        ],
        [
            25,
            34
        ],
        [
            26,
            33
        ],
        [
            26,
            37
        ],
        [
            27,
            35
        ],
        [
            27,
            39
        ],
        [
            29,
            37
        ],
        [
            29,
            38
        ],
        [
            29,
            39
        ],
        [
            31,
            32
        ],
        [
            32,
            36
        ]
    ]
}