{
    "total_node_number": 30,
    "probability_of_edge": 0.2,
    "time": {
        "request": 7998.75,
        "reply": 19000.25,
        "forwarding": 0.0
    },
    "request_message_count": 157,
    "route": [
        {
            "name": "Shortest Path",
            "route_node_count": 3,
            "route": [
                0,
                16,
                29
            ]
        },
        {
            "name": "DSRAlgorithm Path",
            "route_node_count": 3,
            "route": [
                0,
                26,
                29
            ]
        }
    ],
    "edges": [
        [
            0,
            7
        ],
        [
            0,
            16
        ],
        [
            0,
            22
        ],
        [
            0,
            26
        ],
        [
            0,
            27
        ],
        [
            1,
            11
        ],
        [
            1,
            14
        ],
        [
            1,
            16
        ],
        [
            1,
            20
        ],
        [
            1,
            26
        ],
        [
            2,
            4
        ],
        [
            2,
            19
        ],
        [
            2,
            29
        ],
        [
            3,
            8
        ],
        [
            3,
            10
        ],
        [
            3,
            12
        ],
        [
            3,
            16
        ],
        [
            3,
            17
        ],
        [
            3,
            22
        ],
        [
            3,
            23
        ],
        [
            3,
            26
        ],
        [
            4,
            7
        ],
        [
            4,
            20
        ],
        [
            4,
            22
        ],
        [
            4,
            26
        ],
        [
            4,
            28
        ],
        [
            5,
            8
        ],
        [
            5,
            19
        ],
        [
            5,
            20
        ],
        [
            5,
            22
        ],
        [
            5,
            24
        ],
        [
            5,
            25
        ],
        [
            6,
            7
        ],
        [
            6,
            8
        ],
        [
            6,
            12
        ],
        [
            6,
            14
        ],
        [
            6,
            17
        ],
        [
            6,
            20
        ],
        [
            7,
            14
        ],
        [
            7,
            15
        ],
        [
            7,
            27
        ],
        [
            8,
            9
        ],
        [
            8,
            10
        ],
        [
            8,
            23
        ],
        [
            8,
            27
        ],
        [
            8,
            28
        ],
        [
            8,
            29
        ],
        [
            9,
            13
        ],
        [
            9,
            14
        ],
        [
            9,
            17
        ],
        [
            10,
            14
        ],
        [
            11,
            17
        ],
        [
            11,
            18
        ],
        [
            11,
            25
        ],
        [
            11,
            26
        ],
        [
            12,
            13
        ],
        [
            12,
            15
        ],
        [
            12,
            20
        ],
        [
            12,
            21
        ],
        [
            12,
            27
        ],
        [
            13,
            16
        ],
        [
            13,
            20
        ],
        [
            13,
            21
        ],
        [
            13,
            25
        ],
        [
            14,
            15
        ],
        [
            14,
            17
        ],
        [
            14,
            29
        ],
        [
            15,
            29
        ],
        [
            16,
            23
        ],
        [
            16,
            29
        ],
        [
            17,
            18
        ],
        [
            17,
            22
        ],
        [
            17,
            23
        ],
        [
            17,
            26
        ],
        [
            18,
            20
        ],
        [
            18,
            25
        ],
        [
            18,
            29
        ],
        [
            19,
            28
        ],
        [
            21,
            29
        ],
        [
            22,
            24
        ],
        [
            23,
            27
        ],
        [
            25,
            29
        ],
        [
            26,
            29
        ]
    ]
}