{
    "total_node_number": 30,
    "probability_of_edge": 0.2,
    "time": {
        "request": 1001.0,
        "reply": 9001.0,
        "forwarding": 10999.5
    },
    "request_message_count": 167,
    "route": [
        {
            "name": "Shortest Path",
            "route_node_count": 2,
            "route": [
                0,
                29
            ]
        },
        {
            "name": "DSRAlgorithm Path",
            "route_node_count": 2,
            "route": [
                0,
                29
            ]
        }
    ],
    "edges": [
        [
            0,
            5
        ],
        [
            0,
            8
        ],
        [
            0,
            12
        ],
        [
            0,
            18
        ],
        [
            0,
            24
        ],
        [
            0,
            26
        ],
        [
            0,
            27
        ],
        [
            0,
            29
        ],
        [
            1,
            2
        ],
        [
            1,
            4
        ],
        [
            1,
            7
        ],
        [
            1,
            9
        ],
        [
            1,
            28
        ],
        [
            2,
            9
        ],
        [
            2,
            10
        ],
        [
            2,
            15
        ],
        [
            2,
            17
        ],
        [
            2,
            20
        ],
        [
            2,
            23
        ],
        [
            2,
            24
        ],
        [
            2,
            25
        ],
        [
            3,
            13
        ],
        [
            3,
            15
        ],
        [
            3,
            16
        ],
        [
            4,
            11
        ],
        [
            4,
            17
        ],
        [
            4,
            24
        ],
        [
            5,
            9
        ],
        [
            5,
            17
        ],
        [
            5,
            23
        ],
        [
            5,
            25
        ],
        [
            5,
            27
        ],
        [
            5,
            29
        ],
        [
            6,
            8
        ],
        [
            6,
            9
        ],
        [
            6,
            14
        ],
        [
            6,
            26
        ],
        [
            6,
            29
        ],
        [
            7,
            12
        ],
        [
            7,
            19
        ],
        [
            8,
            9
        ],
        [
            8,
            11
        ],
        [
            8,
            12
        ],
        [
            8,
            14
        ],
        [
            8,
            23
        ],
        [
            8,
            24
        ],
        [
            9,
            21
        ],
        [
            9,
            22
        ],
        [
            9,
            25
        ],
        [
            9,
            27
        ],
        [
            9,
            28
        ],
        [
            10,
            13
        ],
        [
            10,
            14
        ],
        [
            10,
            19
        ],
        [
            10,
            22
        ],
        [
            10,
            24
        ],
        [
            10,
            25
        ],
        [
            10,
            27
        ],
        [
            10,
            28
        ],
        [
            11,
            26
        ],
        [
            12,
            13
        ],
        [
            12,
            23
        ],
        [
            13,
            16
        ],
        [
            13,
            22
        ],
        [
            14,
            15
        ],
        [
            14,
            26
        ],
        [
            14,
            27
        ],
        [
            15,
            23
        ],
        [
            15,
            28
        ],
        [
            17,
            25
        ],
        [
            18,
            20
        ],
        [
            18,
            25
        ],
        [
            18,
            27
        ],
        [
            18,
            28
        ],
        [
            19,
            21
        ],
        [
            19,
            25
        ],
        [
            19,
            28
        ],
        [
            20,
            21
        ],
        [
            20,
            26
        ],
        [
            21,
            24
        ],
        [
            21,
            27
        ],
        [
            22,
            23
        ],
        [
            23,
            25
        ],
        [
            23,
            26
        ],
        [
            25,
            26
        ]
    ]
}