{
    "total_node_number": 40,
    "probability_of_edge": 0.15,
    "time": {
        "request": 27002.25,
        "reply": 13997.75,
        "forwarding": 1001.0
    },
    "request_message_count": 232,
    "route": [
        {
            "name": "Shortest Path",
            "route_node_count": 4,
            "route": [
                0,
                7,
                10,
                39
            ]
        },
        {
            "name": "DSRAlgorithm Path",
            "route_node_count": 4,
            "route": [
                0,
                7,
                10,
                39
            ]
        }
    ],
    "edges": [
        [
            0,
            4
        ],
        [
            0,
            7
        ],
        [
            0,
            25
        ],
        [
            0,
            26
        ],
        [
            1,
            3
        ],
        [
            1,
            7
        ],
        [
            1,
            29
        ],
        [
            1,
            30
        ],
        [
            1,
            33
        ],
        [
            1,
            35
        ],
        [
            2,
            12
        ],
        [
            2,
            21
        ],
        [
            2,
            25
        ],
        [
            2,
            29
        ],
        [
            2,
            37
        ],
        [
            3,
            5
        ],
        [
            3,
            15
        ],
        [
            3,
            24
        ],
        [
            4,
            23
        ],
        [
            4,
            25
        ],
        [
            5,
            8
        ],
        [
            5,
            13
        ],
        [
            5,
            19
        ],
        [
            5,
            34
        ],
        [
            5,
            35
        ],
        [
            6,
            7
        ],
        [
            6,
            11
        ],
        [
            6,
            13
        ],
        [
            6,
            17
        ],
        [
            6,
            21
        ],
        [
            7,
            10
        ],
        [
            7,
            13
        ],
        [
            7,
            15
        ],
        [
            7,
            26
        ],
        [
            7,
            28
        ],
        [
            8,
            9
        ],
        [
            8,
            17
        ],
        [
            8,
            20
        ],
        [
            8,
            21
        ],
        [
            8,
            26
        ],
        [
            8,
            28
        ],
        [
            8,
            30
        ],
        [
            10,
            16
        ],
        [
            10,
            24
        ],
        [
            10,
            26
        ],
        [
            10,
            39
        ],
        [
            11,
            14
        ],
        [
            11,
            21
        ],
        [
            11,
            22
        ],
        [
            11,
            33
        ],
        [
            11,
            34
        ],
        [
            12,
            33
        ],
        [
            12,
            35
        ],
        [
            13,
            24
        ],
        [
            13,
            25
        ],
        [
            13,
            33
        ],
        [
            14,
            28
        ],
        [
            14,
            37
        ],
        [
            14,
            38
        ],
        [
            14,
            39
        ],
        [
            15,
            23
        ],
        [
            15,
            27
        ],
        [
            15,
            37
        ],
        [
            16,
            17
        ],
        [
            16,
            20
        ],
        [
            16,
            21
        ],
        [
            16,
            24
        ],
        [
            16,
            27
        ],
        [
            16,
            34
        ],
        [
            16,
            38
        ],
        [
            16,
            39
        ],
        [
            17,
            18
        ],
        [
            17,
            33
        ],
        [
            17,
            34
        ],
        [
            17,
            35
        ],
        [
            18,
            19
        ],
        [
            18,
            22
        ],
        [
            18,
            32
        ],
        [
            18,
            36
        ],
        [
            18,
            37
        ],
        [
            19,
            20
        ],
        [
            19,
            31
        ],
        [
            20,
            29
        ],
        [
            20,
            39
        ],
        [
            21,
            22
        ],
        [
            21,
            33
        ],
        [
            21,
            38
        ],
        [
            22,
            29
        ],
        [
            22,
            32
        ],
        [
            22,
            33
        ],
        [
            22,
            39
        ],
        [
            23,
            24
        ],
        [
            23,
            25
        ],
        [
            23,
            26
        ],
        [
            23,
            29
        ],
        [
            24,
            25
        ],
        [
            24,
            26
        ],
        [
            24,
            34
        ],
        [
            25,
            30
        ],
        [
            25,
            31
        ],
        [
            25,
            35
        ],
        [
            25,
            38
        ],
        [
            26,
            33
        ],
        [
            26,
            35
        ],
        [
            26,
            36
        ],
        [
            27,
            28
        ],
        [
            27,
            37
        ],
        [
            27,
            38
        ],
        [
            28,
            36
        ],
        [
            29,
            34
        ],
        [
            30,
            32
        ],
        [
            30,
            33
        ],
        [
            30,
            34
        ],
        [
            30,
            37
        ],
        [
            30,
            39
        ],
        [
            31,
            33
        ],
        [
            32,
            35
        ],
        [
            32,
            37
        ],
        [
            34,
            37
        ]
    ]
}