{
    "total_node_number": 40,
    "probability_of_edge": 0.15,
    "time": {
        "request": 24999.75,
        "reply": 16998.0,
        "forwarding": 999.75
    },
    "request_message_count": 222,
    "route": [
        {
            "name": "Shortest Path",
            "route_node_count": 4,
            "route": [
                0,
                16,
                26,
                39
            ]
        },
        {
            "name": "DSRAlgorithm Path",
            "route_node_count": 4,
            "route": [
                0,
                21,
                14,
                39
            ]
        }
    ],
    "edges": [
        [
            0,
            6
        ],
        [
            0,
            16
        ],
        [
            0,
            19
        ],
        [
            0,
            21
        ],
        [
            0,
            33
        ],
        [
            1,
            3
        ],
        [
            1,
            8
        ],
        [
            1,
            13
        ],
        [
            1,
            16
        ],
        [
            1,
            23
        ],
        [
            1,
            27
        ],
        [
            1,
            34
        ],
        [
            1,
            37
        ],
        [
            2,
            9
        ],
        [
            2,
            18
        ],
        [
            2,
            26
        ],
        [
            3,
            6
        ],
        [
            3,
            9
        ],
        [
            3,
            12
        ],
        [
            3,
            22
        ],
        [
            3,
            23
        ],
        [
            3,
            24
        ],
        [
            3,
            32
        ],
        [
            3,
            35
        ],
        [
            4,
            17
        ],
        [
            4,
            22
        ],
        [
            4,
            30
        ],
        [
            4,
            36
        ],
        [
            4,
            37
        ],
        [
            4,
            39
        ],
        [
            5,
            20
        ],
        [
            5,
            21
        ],
        [
            5,
            32
        ],
        [
            5,
            34
        ],
        [
            6,
            27
        ],
        [
            6,
            29
        ],
        [
            7,
            12
        ],
        [
            7,
            22
        ],
        [
            7,
            24
        ],
        [
            7,
            30
        ],
        [
            7,
            34
        ],
        [
            7,
            35
        ],
        [
            7,
            38
        ],
        [
            7,
            39
        ],
        [
            9,
            18
        ],
        [
            9,
            22
        ],
        [
            9,
            24
        ],
        [
            9,
            29
        ],
        [
            9,
            38
        ],
        [
            10,
            11
        ],
        [
            10,
            17
        ],
        [
            10,
            26
        ],
        [
            10,
            28
        ],
        [
            10,
            29
        ],
        [
            10,
            30
        ],
        [
            11,
            15
        ],
        [
            11,
            28
        ],
        [
            11,
            34
        ],
        [
            11,
            35
        ],
        [
            12,
            14
        ],
        [
            12,
            17
        ],
        [
            12,
            31
        ],
        [
            12,
            35
        ],
        [
            12,
            38
        ],
        [
            13,
            18
        ],
        [
            13,
            23
        ],
        [
            13,
            25
        ],
        [
            13,
            33
        ],
        [
            14,
            21
        ],
        [
            14,
            27
        ],
        [
            14,
            31
        ],
        [
            14,
            39
        ],
        [
            15,
            26
        ],
        [
            15,
            34
        ],
        [
            15,
            35
        ],
        [
            15,
            39
        ],
        [
            16,
            26
        ],
        [
            17,
            29
        ],
        [
            17,
            39
        ],
        [
            18,
            21
        ],
        [
            18,
            35
        ],
        [
            19,
            25
        ],
        [
            19,
            33
        ],
        [
            19,
            34
        ],
        [
            19,
            36
        ],
        [
            20,
            24
        ],
        [
            21,
            23
        ],
        [
            21,
            29
        ],
        [
            21,
            35
        ],
        [
            22,
            25
        ],
        [
            22,
            30
        ],
        [
            23,
            28
        ],
        [
            23,
            34
        ],
        [
            23,
            37
        ],
        [
            23,
            38
        ],
        [
            24,
            34
        ],
        [
            24,
            38
        ],
        [
            25,
            26
        ],
        [
            25,
            27
        ],
        [
            25,
            31
        ],
        [
            25,
            33
        ],
        [
            26,
            28
        ],
        [
            26,
            35
        ],
        [
            26,
            37
        ],
        [
            26,
            39
        ],
        [
            27,
            31
        ],
        [
            27,
            34
        ],
        [
            27,
            35
        ],
        [
            28,
            30
        ],
        [
            29,
            36
        ],
        [
            30,
            38
        ],
        [
            31,
            38
        ],
        [
            33,
            36
        ],
        [
            33,
            38
        ]
    ]
}