{
    "total_node_number": 30,
    "probability_of_edge": 0.2,
    "time": {
        "request": 7000.75,
        "reply": 24999.75,
        "forwarding": 1002.0
    },
    "request_message_count": 171,
    "route": [
        {
            "name": "Shortest Path",
            "route_node_count": 3,
            "route": [
                0,
                8,
                29
            ]
        },
        {
            "name": "DSRAlgorithm Path",
            "route_node_count": 3,
            "route": [
                0,
                13,
                29
            ]
        }
    ],
    "edges": [
        [
            0,
            8
        ],
        [
            0,
            11
        ],
        [
            0,
            13
        ],
        [
            0,
            16
        ],
        [
            1,
            2
        ],
        [
            1,
            7
        ],
        [
            1,
            8
        ],
        [
            1,
            9
        ],
        [
            1,
            18
        ],
        [
            1,
            20
        ],
        [
            1,
            23
        ],
        [
            1,
            29
        ],
        [
            2,
            17
        ],
        [
            3,
            12
        ],
        [
            3,
            17
        ],
        [
            3,
            19
        ],
        [
            3,
            29
        ],
        [
            4,
            5
        ],
        [
            4,
            8
        ],
        [
            4,
            12
        ],
        [
            4,
            14
        ],
        [
            4,
            21
        ],
        [
            4,
            26
        ],
        [
            4,
            27
        ],
        [
            5,
            9
        ],
        [
            5,
            11
        ],
        [
            5,
            12
        ],
        [
            5,
            16
        ],
        [
            5,
            17
        ],
        [
            5,
            28
        ],
        [
            5,
            29
        ],
        [
            6,
            12
        ],
        [
            6,
            16
        ],
        [
            6,
            20
        ],
        [
            6,
            25
        ],
        [
            7,
            8
        ],
        [
            7,
            9
        ],
        [
            7,
            10
        ],
        [
            7,
            11
        ],
        [
            7,
            13
        ],
        [
            7,
            15
        ],
        [
            7,
            16
        ],
        [
            7,
            19
        ],
        [
            7,
            23
        ],
        [
            7,
            25
        ],
        [
            8,
            11
        ],
        [
            8,
            20
        ],
        [
            8,
            23
        ],
        [
            8,
            29
        ],
        [
            9,
            12
        ],
        [
            9,
            13
        ],
        [
            9,
            21
        ],
        [
            9,
            22
        ],
        [
            9,
            24
        ],
        [
            9,
            25
        ],
        [
            9,
            29
        ],
        [
            10,
            12
        ],
        [
            10,
            14
        ],
        [
            10,
            21
        ],
        [
            11,
            21
        ],
        [
            11,
            24
        ],
        [
            11,
            25
        ],
        [
            12,
            14
        ],
        [
            12,
            19
        ],
        [
            12,
            22
        ],
        [
            12,
            23
        ],
        [
            12,
            24
        ],
        [
            12,
            29
        ],
        [
            13,
            18
        ],
        [
            13,
            19
        ],
        [
            13,
            29
        ],
        [
            14,
            17
        ],
        [
            14,
            24
        ],
        [
            15,
            26
        ],
        [
            16,
            26
        ],
        [
            17,
            28
        ],
        [
            18,
            19
        ],
        [
            18,
            24
        ],
        [
            18,
            25
        ],
        [
            19,
            23
        ],
        [
            19,
            25
        ],
        [
            19,
            27
        ],
        [
            19,
            28
        ],
        [
            20,
            21
        ],
        [
            20,
            24
        ],
        [
            21,
            26
        ],
        [
            22,
            26
        ],
        [
            23,
            26
        ],
        [
            26,
            29
        ],
        [
            28,
            29
        ]
    ]
}