{
    "total_node_number": 30,
    "probability_of_edge": 0.2,
    "time": {
        "request": 14999.25,
        "reply": 12000.5,
        "forwarding": 1000.5
    },
    "request_message_count": 161,
    "route": [
        {
            "name": "Shortest Path",
            "route_node_count": 4,
            "route": [
                0,
                19,
                14,
                29
            ]
        },
        {
            "name": "DSRAlgorithm Path",
            "route_node_count": 4,
            "route": [
                0,
                19,
                14,
                29
            ]
        }
    ],
    "edges": [
        [
            0,
            19
        ],
        [
            0,
            23
        ],
        [
            0,
            25
        ],
        [
            1,
            3
        ],
        [
            1,
            5
        ],
        [
            1,
            8
        ],
        [
            1,
            10
        ],
        [
            1,
            11
        ],
        [
            1,
            13
        ],
        [
            1,
            16
        ],
        [
            1,
            18
        ],
        [
            1,
            26
        ],
        [
            2,
            7
        ],
        [
            2,
            8
        ],
        [
            2,
            14
        ],
        [
            2,
            19
        ],
        [
            2,
            20
        ],
        [
            2,
            23
        ],
        [
            2,
            25
        ],
        [
            2,
            27
        ],
        [
            3,
            8
        ],
        [
            3,
            22
        ],
        [
            4,
            12
        ],
        [
            4,
            20
        ],
        [
            4,
            24
        ],
        [
            4,
            26
        ],
        [
            4,
            29
        ],
        [
            5,
            11
        ],
        [
            5,
            13
        ],
        [
            5,
            15
        ],
        [
            5,
            18
        ],
        [
            5,
            21
        ],
        [
            5,
            29
        ],
        [
            6,
            14
        ],
        [
            6,
            21
        ],
        [
            6,
            22
        ],
        [
            6,
            27
        ],
        [
            6,
            28
        ],
        [
            7,
            14
        ],
        [
            7,
            27
        ],
        [
            8,
            10
        ],
        [
            8,
            15
        ],
        [
            8,
            19
        ],
        [
            8,
            23
        ],
        [
            9,
            10
        ],
        [
            9,
            15
        ],
        [
            9,
            16
        ],
        [
            9,
            21
        ],
        [
            9,
            28
        ],
        [
            10,
            15
        ],
        [
            10,
            16
        ],
        [
            10,
            20
        ],
        [
            10,
            21
        ],
        [
            10,
            25
        ],
        [
            10,
            26
        ],
        [
            11,
            21
        ],
        [
            11,
            26
        ],
        [
            12,
            19
        ],
        [
            12,
            21
        ],
        [
            12,
            28
        ],
        [
            13,
            24
        ],
        [
            13,
            26
        ],
        [
            13,
            27
        ],
        [
            14,
            19
        ],
        [
            14,
            29
        ],
        [
            15,
            17
        ],
        [
            15,
            18
        ],
        [
            15,
            24
        ],
        [
            15,
            28
        ],
        [
            16,
            23
        ],
        [
            16,
            26
        ],
        [
            16,
            27
        ],
        [
            17,
            26
        ],
        [
            17,
            29
        ],
        [
            18,
            23
        ],
        [
            19,
            22
        ],
        [
            20,
            26
        ],
        [
            21,
            22
        ],
        [
            21,
            23
        ],
        [
            22,
            25
        ],
        [
            23,
            24
        ],
        [
            24,
            27
        ],
        [
            26,
            29
        ]
    ]
}