{
    "total_node_number": 40,
    "probability_of_edge": 0.15,
    "time": {
        "request": 29976.75,
        "reply": 11000.75,
        "forwarding": 1000.25
    },
    "request_message_count": 223,
    "route": [
        {
            "name": "Shortest Path",
            "route_node_count": 4,
            "route": [
                0,
                21,
                9,
                39
            ]
        },
        {
            "name": "DSRAlgorithm Path",
            "route_node_count": 4,
            "route": [
                0,
                29,
                10,
                39
            ]
        }
    ],
    "edges": [
        [
            0,
            5
        ],
        [
            0,
            21
        ],
        [
            0,
            29
        ],
        [
            0,
            30
        ],
        [
            0,
            31
        ],
        [
            0,
            37
        ],
        [
            1,
            16
        ],
        [
            1,
            30
        ],
        [
            2,
            9
        ],
        [
            2,
            16
        ],
        [
            2,
            18
        ],
        [
            3,
            12
        ],
        [
            3,
            14
        ],
        [
            3,
            22
        ],
        [
            3,
            23
        ],
        [
            3,
            25
        ],
        [
            3,
            33
        ],
        [
            3,
            39
        ],
        [
            4,
            9
        ],
        [
            4,
            15
        ],
        [
            4,
            29
        ],
        [
            4,
            33
        ],
        [
            4,
            38
        ],
        [
            5,
            11
        ],
        [
            5,
            12
        ],
        [
            5,
            13
        ],
        [
            5,
            20
        ],
        [
            5,
            24
        ],
        [
            5,
            30
        ],
        [
            5,
            31
        ],
        [
            6,
            8
        ],
        [
            6,
            11
        ],
        [
            6,
            21
        ],
        [
            6,
            36
        ],
        [
            7,
            15
        ],
        [
            7,
            18
        ],
        [
            7,
            20
        ],
        [
            7,
            26
        ],
        [
            7,
            28
        ],
        [
            7,
            33
        ],
        [
            8,
            16
        ],
        [
            8,
            22
        ],
        [
            8,
            26
        ],
        [
            8,
            31
        ],
        [
            9,
            11
        ],
        [
            9,
            13
        ],
        [
            9,
            16
        ],
        [
            9,
            21
        ],
        [
            9,
            22
        ],
        [
            9,
            31
        ],
        [
            9,
            38
        ],
        [
            9,
            39
        ],
        [
            10,
            21
        ],
        [
            10,
            23
        ],
        [
            10,
            28
        ],
        [
            10,
            29
        ],
        [
            10,
            36
        ],
        [
            10,
            38
        ],
        [
            10,
            39
        ],
        [
            11,
            13
        ],
        [
            11,
            35
        ],
        [
            11,
            36
        ],
        [
            12,
            14
        ],
        [
            12,
            16
        ],
        [
            12,
            19
        ],
        [
            12,
            30
        ],
        [
            13,
            17
        ],
        [
            13,
            18
        ],
        [
            13,
            24
        ],
        [
            13,
            32
        ],
        [
            14,
            22
        ],
        [
            14,
            24
        ],
        [
            14,
            34
        ],
        [
            14,
            37
        ],
        [
            14,
            39
        ],
        [
            15,
            23
        ],
        [
            16,
            18
        ],
        [
            16,
            29
        ],
        [
            16,
            31
        ],
        [
            16,
            32
        ],
        [
            17,
            25
        ],
        [
            17,
            30
        ],
        [
            17,
            36
        ],
        [
            17,
            38
        ],
        [
            18,
            20
        ],
        [
            18,
            30
        ],
        [
            18,
            33
        ],
        [
            19,
            28
        ],
        [
            19,
            30
        ],
        [
            19,
            32
        ],
        [
            20,
            22
        ],
        [
            20,
            26
        ],
        [
            20,
            36
        ],
        [
            21,
            26
        ],
        [
            21,
            27
        ],
        [
            21,
            28
        ],
        [
            21,
            33
        ],
        [
            21,
            34
        ],
        [
            21,
            35
        ],
        [
            21,
            36
        ],
        [
            23,
            27
        ],
        [
            23,
            29
        ],
        [
            23,
            30
        ],
        [
            24,
            31
        ],
        [
            25,
            26
        ],
        [
            25,
            33
        ],
        [
            27,
            30
        ],
        [
            27,
            37
        ],
        [
            28,
            32
        ],
        [
            29,
            33
        ],
        [
            31,
            33
        ],
        [
            34,
            35
        ],
        [
            34,
            36
        ],
        [
            36,
            39
        ]
    ]
}