{
    "total_node_number": 30,
    "probability_of_edge": 0.2,
    "time": {
        "request": 3999.75,
        "reply": 25999.75,
        "forwarding": 1000.0
    },
    "request_message_count": 169,
    "route": [
        {
            "name": "Shortest Path",
            "route_node_count": 3,
            "route": [
                0,
                1,
                29
            ]
        },
        {
            "name": "DSRAlgorithm Path",
            "route_node_count": 3,
            "route": [
                0,
                11,
                29
            ]
        }
    ],
    "edges": [
        [
            0,
            1
        ],
        [
            0,
            2
        ],
        [
            0,
            5
        ],
        [
            0,
            9
        ],
        [
            0,
            10
        ],
        [
            0,
            11
        ],
        [
            0,
            12
        ],
        [
            0,
            13
        ],
        [
            0,
            14
        ],
        [
            0,
            20
        ],
        [
            0,
            24
        ],
        [
            1,
            2
        ],
        [
            1,
            10
        ],
        [
            1,
            12
        ],
        [
            1,
            16
        ],
        [
            1,
            18
        ],
        [
            1,
            24
        ],
        [
            1,
            28
        ],
        [
            1,
            29
        ],
        [
            2,
            3
        ],
        [
            2,
            17
        ],
        [
            2,
            28
        ],
        [
            2,
            29
        ],
        [
            3,
            18
        ],
        [
            3,
            21
        ],
        [
            3,
            28
        ],
        [
            4,
            5
        ],
        [
            4,
            9
        ],
        [
            4,
            11
        ],
        [
            4,
            14
        ],
        [
            4,
            22
        ],
        [
            5,
            6
        ],
        [
            5,
            15
        ],
        [
            5,
            22
        ],
        [
            5,
            26
        ],
        [
            6,
            8
        ],
        [
            6,
            17
        ],
        [
            6,
            22
        ],
        [
            7,
            15
        ],
        [
            7,
            21
        ],
        [
            7,
            28
        ],
        [
            7,
            29
        ],
        [
            8,
            12
        ],
        [
            8,
            13
        ],
        [
            8,
            16
        ],
        [
            8,
            19
        ],
        [
            8,
            22
        ],
        [
            8,
            24
        ],
        [
            9,
            16
        ],
        [
            9,
            17
        ],
        [
            9,
            18
        ],
        [
            9,
            19
        ],
        [
            9,
            20
        ],
        [
            9,
            21
        ],
        [
            9,
            25
        ],
        [
            9,
            27
        ],
        [
            10,
            22
        ],
        [
            10,
            27
        ],
        [
            10,
            29
        ],
        [
            11,
            21
        ],
        [
            11,
            26
        ],
        [
            11,
            29
        ],
        [
            12,
            19
        ],
        [
            12,
            24
        ],
        [
            13,
            22
        ],
        [
            13,
            25
        ],
        [
            13,
            28
        ],
        [
            14,
            15
        ],
        [
            14,
            21
        ],
        [
            15,
            16
        ],
        [
            15,
            22
        ],
        [
            15,
            25
        ],
        [
            16,
            19
        ],
        [
            16,
            23
        ],
        [
            16,
            24
        ],
        [
            17,
            24
        ],
        [
            18,
            27
        ],
        [
            19,
            25
        ],
        [
            20,
            26
        ],
        [
            21,
            27
        ],
        [
            21,
            28
        ],
        [
            21,
            29
        ],
        [
            22,
            26
        ],
        [
            22,
            28
        ],
        [
            24,
            26
        ],
        [
            24,
            28
        ],
        [
            24,
            29
        ],
        [
            25,
            28
        ]
    ]
}