{
    "total_node_number": 40,
    "probability_of_edge": 0.1,
    "time": {
        "request": 2999.75,
        "reply": 22999.25,
        "forwarding": 999.75
    },
    "request_message_count": 160,
    "route": [
        {
            "name": "Shortest Path",
            "route_node_count": 3,
            "route": [
                0,
                22,
                39
            ]
        },
        {
            "name": "DSRAlgorithm Path",
            "route_node_count": 3,
            "route": [
                0,
                22,
                39
            ]
        }
    ],
    "edges": [
        [
            0,
            14
        ],
        [
            0,
            22
        ],
        [
            0,
            23
        ],
        [
            1,
            6
        ],
        [
            1,
            36
        ],
        [
            2,
            23
        ],
        [
            2,
            24
        ],
        [
            2,
            32
        ],
        [
            2,
            35
        ],
        [
            3,
            29
        ],
        [
            3,
            34
        ],
        [
            3,
            39
        ],
        [
            4,
            10
        ],
        [
            4,
            21
        ],
        [
            4,
            28
        ],
        [
            4,
            29
        ],
        [
            5,
            16
        ],
        [
            5,
            23
        ],
        [
            5,
            31
        ],
        [
            6,
            12
        ],
        [
            6,
            35
        ],
        [
            7,
            8
        ],
        [
            7,
            9
        ],
        [
            7,
            16
        ],
        [
            7,
            19
        ],
        [
            7,
            30
        ],
        [
            7,
            31
        ],
        [
            7,
            36
        ],
        [
            8,
            24
        ],
        [
            8,
            34
        ],
        [
            9,
            14
        ],
        [
            9,
            21
        ],
        [
            9,
            37
        ],
        [
            10,
            15
        ],
        [
            10,
            17
        ],
        [
            10,
            22
        ],
        [
            10,
            25
        ],
        [
            10,
            27
        ],
        [
            10,
            33
        ],
        [
            10,
            34
        ],
        [
            11,
            18
        ],
        [
            11,
            26
        ],
        [
            11,
            37
        ],
        [
            12,
            15
        ],
        [
            12,
            17
        ],
        [
            12,
            18
        ],
        [
            12,
            28
        ],
        [
            12,
            30
        ],
        [
            12,
            33
        ],
        [
            13,
            18
        ],
        [
            13,
            21
        ],
        [
            13,
            22
        ],
        [
            13,
            30
        ],
        [
            14,
            21
        ],
        [
            14,
            28
        ],
        [
            15,
            21
        ],
        [
            15,
            25
        ],
        [
            16,
            20
        ],
        [
            16,
            22
        ],
        [
            16,
            27
        ],
        [
            17,
            32
        ],
        [
            19,
            27
        ],
        [
            20,
            28
        ],
        [
            20,
            33
        ],
        [
            21,
            25
        ],
        [
            21,
            27
        ],
        [
            21,
            29
        ],
        [
            22,
            39
        ],
        [
            24,
            35
        ],
        [
            26,
            38
        ],
        [
            27,
            29
        ],
        [
            27,
            34
        ],
        [
            28,
            33
        ],
        [
            30,
            35
        ],
        [
            30,
            39
        ],
        [
            32,
            36
        ],
        [
            32,
            39
        ],
        [
            33,
            35
        ],
        [
            33,
            39
        ],
        [
            34,
            36
        ],
        [
            34,
            38
        ],
        [
            35,
            37
        ],
        [
            38,
            39
        ]
    ]
}