{
    "total_node_number": 30,
    "probability_of_edge": 0.2,
    "time": {
        "request": 15000.25,
        "reply": 13000.0,
        "forwarding": 1000.5
    },
    "request_message_count": 163,
    "route": [
        {
            "name": "Shortest Path",
            "route_node_count": 4,
            "route": [
                0,
                24,
                12,
                29
            ]
        },
        {
            "name": "DSRAlgorithm Path",
            "route_node_count": 4,
            "route": [
                0,
                24,
                12,
                29
            ]
        }
    ],
    "edges": [
        [
            0,
            17
        ],
        [
            0,
            24
        ],
        [
            1,
            12
        ],
        [
            1,
            16
        ],
        [
            1,
            25
        ],
        [
            2,
            7
        ],
        [
            2,
            12
        ],
        [
            2,
            20
        ],
        [
            3,
            14
        ],
        [
            3,
            16
        ],
        [
            3,
            20
        ],
        [
            3,
            22
        ],
        [
            4,
            8
        ],
        [
            4,
            10
        ],
        [
            4,
            11
        ],
        [
            5,
            11
        ],
        [
            5,
            19
        ],
        [
            5,
            28
        ],
        [
            6,
            10
        ],
        [
            6,
            19
        ],
        [
            6,
            24
        ],
        [
            6,
            26
        ],
        [
            7,
            10
        ],
        [
            7,
            15
        ],
        [
            7,
            17
        ],
        [
            7,
            18
        ],
        [
            7,
            19
        ],
        [
            7,
            25
        ],
        [
            7,
            26
        ],
        [
            7,
            28
        ],
        [
            8,
            11
        ],
        [
            8,
            12
        ],
        [
            8,
            14
        ],
        [
            8,
            19
        ],
        [
            8,
            20
        ],
        [
            8,
            21
        ],
        [
            8,
            23
        ],
        [
            8,
            25
        ],
        [
            8,
            26
        ],
        [
            8,
            27
        ],
        [
            8,
            29
        ],
        [
            9,
            11
        ],
        [
            9,
            22
        ],
        [
            9,
            23
        ],
        [
            9,
            28
        ],
        [
            11,
            14
        ],
        [
            11,
            21
        ],
        [
            11,
            23
        ],
        [
            11,
            26
        ],
        [
            12,
            14
        ],
        [
            12,
            18
        ],
        [
            12,
            19
        ],
        [
            12,
            24
        ],
        [
            12,
            27
        ],
        [
            12,
            29
        ],
        [
            13,
            15
        ],
        [
            13,
            22
        ],
        [
            13,
            24
        ],
        [
            13,
            27
        ],
        [
            13,
            29
        ],
        [
            14,
            17
        ],
        [
            14,
            20
        ],
        [
            14,
            21
        ],
        [
            14,
            26
        ],
        [
            14,
            28
        ],
        [
            15,
            19
        ],
        [
            15,
            22
        ],
        [
            15,
            25
        ],
        [
            15,
            26
        ],
        [
            16,
            28
        ],
        [
            17,
            27
        ],
        [
            18,
            22
        ],
        [
            18,
            29
        ],
        [
            20,
            28
        ],
        [
            21,
            23
        ],
        [
            21,
            24
        ],
        [
            21,
            28
        ],
        [
            22,
            26
        ],
        [
            23,
            24
        ],
        [
            23,
            27
        ],
        [
            23,
            28
        ],
        [
            24,
            26
        ],
        [
            25,
            27
        ],
        [
            26,
            29
        ]
    ]
}