{
    "total_node_number": 30,
    "probability_of_edge": 0.2,
    "time": {
        "request": 15999.0,
        "reply": 11999.25,
        "forwarding": 1001.75
    },
    "request_message_count": 153,
    "route": [
        {
            "name": "Shortest Path",
            "route_node_count": 4,
            "route": [
                0,
                6,
                14,
                29
            ]
        },
        {
            "name": "DSRAlgorithm Path",
            "route_node_count": 4,
            "route": [
                0,
                24,
                8,
                29
            ]
        }
    ],
    "edges": [
        [
            0,
            4
        ],
        [
            0,
            6
        ],
        [
            0,
            24
        ],
        [
            1,
            4
        ],
        [
            1,
            7
        ],
        [
            1,
            11
        ],
        [
            1,
            14
        ],
        [
            1,
            27
        ],
        [
            2,
            10
        ],
        [
            2,
            20
        ],
        [
            2,
            22
        ],
        [
            2,
            23
        ],
        [
            2,
            25
        ],
        [
            2,
            27
        ],
        [
            3,
            5
        ],
        [
            3,
            7
        ],
        [
            3,
            25
        ],
        [
            4,
            7
        ],
        [
            4,
            13
        ],
        [
            4,
            17
        ],
        [
            4,
            21
        ],
        [
            4,
            27
        ],
        [
            5,
            9
        ],
        [
            5,
            11
        ],
        [
            5,
            12
        ],
        [
            5,
            16
        ],
        [
            5,
            21
        ],
        [
            6,
            14
        ],
        [
            6,
            19
        ],
        [
            7,
            9
        ],
        [
            7,
            16
        ],
        [
            7,
            17
        ],
        [
            7,
            22
        ],
        [
            7,
            24
        ],
        [
            8,
            10
        ],
        [
            8,
            14
        ],
        [
            8,
            16
        ],
        [
            8,
            19
        ],
        [
            8,
            20
        ],
        [
            8,
            21
        ],
        [
            8,
            24
        ],
        [
            8,
            26
        ],
        [
            8,
            27
        ],
        [
            8,
            29
        ],
        [
            9,
            12
        ],
        [
            9,
            17
        ],
        [
            9,
            19
        ],
        [
            10,
            11
        ],
        [
            10,
            13
        ],
        [
            10,
            15
        ],
        [
            10,
            24
        ],
        [
            10,
            25
        ],
        [
            11,
            16
        ],
        [
            11,
            23
        ],
        [
            12,
            14
        ],
        [
            12,
            21
        ],
        [
            12,
            25
        ],
        [
            13,
            23
        ],
        [
            14,
            16
        ],
        [
            14,
            24
        ],
        [
            14,
            29
        ],
        [
            15,
            16
        ],
        [
            15,
            23
        ],
        [
            15,
            24
        ],
        [
            16,
            18
        ],
        [
            16,
            28
        ],
        [
            17,
            20
        ],
        [
            17,
            28
        ],
        [
            18,
            21
        ],
        [
            18,
            27
        ],
        [
            19,
            22
        ],
        [
            19,
            24
        ],
        [
            19,
            28
        ],
        [
            21,
            22
        ],
        [
            22,
            27
        ],
        [
            23,
            28
        ],
        [
            25,
            26
        ],
        [
            28,
            29
        ]
    ]
}