{
    "total_node_number": 40,
    "probability_of_edge": 0.15,
    "time": {
        "request": 1001.25,
        "reply": 4000.5,
        "forwarding": 14000.0
    },
    "request_message_count": 193,
    "route": [
        {
            "name": "Shortest Path",
            "route_node_count": 2,
            "route": [
                0,
                39
            ]
        },
        {
            "name": "DSRAlgorithm Path",
            "route_node_count": 2,
            "route": [
                0,
                39
            ]
        }
    ],
    "edges": [
        [
            0,
            11
        ],
        [
            0,
            37
        ],
        [
            0,
            39
        ],
        [
            1,
            3
        ],
        [
            1,
            21
        ],
        [
            1,
            25
        ],
        [
            1,
            28
        ],
        [
            1,
            31
        ],
        [
            1,
            35
        ],
        [
            2,
            4
        ],
        [
            2,
            12
        ],
        [
            2,
            15
        ],
        [
            2,
            20
        ],
        [
            3,
            15
        ],
        [
            3,
            18
        ],
        [
            3,
            19
        ],
        [
            3,
            20
        ],
        [
            3,
            21
        ],
        [
            3,
            24
        ],
        [
            3,
            31
        ],
        [
            4,
            14
        ],
        [
            4,
            16
        ],
        [
            4,
            35
        ],
        [
            5,
            7
        ],
        [
            5,
            24
        ],
        [
            5,
            28
        ],
        [
            5,
            31
        ],
        [
            5,
            34
        ],
        [
            6,
            7
        ],
        [
            6,
            12
        ],
        [
            6,
            25
        ],
        [
            6,
            32
        ],
        [
            6,
            34
        ],
        [
            6,
            35
        ],
        [
            7,
            20
        ],
        [
            7,
            30
        ],
        [
            7,
            37
        ],
        [
            8,
            15
        ],
        [
            8,
            20
        ],
        [
            9,
            22
        ],
        [
            9,
            36
        ],
        [
            10,
            17
        ],
        [
            11,
            13
        ],
        [
            11,
            15
        ],
        [
            11,
            18
        ],
        [
            11,
            25
        ],
        [
            11,
            26
        ],
        [
            11,
            34
        ],
        [
            12,
            19
        ],
        [
            12,
            30
        ],
        [
            12,
            31
        ],
        [
            12,
            34
        ],
        [
            12,
            36
        ],
        [
            12,
            37
        ],
        [
            13,
            15
        ],
        [
            13,
            26
        ],
        [
            13,
            28
        ],
        [
            13,
            34
        ],
        [
            14,
            25
        ],
        [
            14,
            31
        ],
        [
            14,
            34
        ],
        [
            14,
            38
        ],
        [
            15,
            19
        ],
        [
            15,
            20
        ],
        [
            15,
            27
        ],
        [
            15,
            36
        ],
        [
            16,
            30
        ],
        [
            17,
            19
        ],
        [
            17,
            21
        ],
        [
            17,
            23
        ],
        [
            17,
            24
        ],
        [
            17,
            39
        ],
        [
            18,
            22
        ],
        [
            18,
            31
        ],
        [
            18,
            33
        ],
        [
            20,
            29
        ],
        [
            21,
            31
        ],
        [
            22,
            26
        ],
        [
            22,
            27
        ],
        [
            22,
            39
        ],
        [
            23,
            33
        ],
        [
            24,
            25
        ],
        [
            25,
            27
        ],
        [
            25,
            28
        ],
        [
            25,
            34
        ],
        [
            26,
            27
        ],
        [
            27,
            39
        ],
        [
            28,
            31
        ],
        [
            28,
            35
        ],
        [
            28,
            38
        ],
        [
            29,
            39
        ],
        [
            30,
            36
        ],
        [
            31,
            35
        ],
        [
            32,
            37
        ],
        [
            33,
            38
        ],
        [
            33,
            39
        ],
        [
            35,
            37
        ],
        [
            35,
            38
        ],
        [
            35,
            39
        ],
        [
            36,
            37
        ]
    ]
}