{
    "total_node_number": 30,
    "probability_of_edge": 0.2,
    "time": {
        "request": 20970.5,
        "reply": 8001.0,
        "forwarding": 1001.75
    },
    "request_message_count": 169,
    "route": [
        {
            "name": "Shortest Path",
            "route_node_count": 4,
            "route": [
                0,
                15,
                6,
                29
            ]
        },
        {
            "name": "DSRAlgorithm Path",
            "route_node_count": 4,
            "route": [
                0,
                28,
                10,
                29
            ]
        }
    ],
    "edges": [
        [
            0,
            4
        ],
        [
            0,
            15
        ],
        [
            0,
            16
        ],
        [
            0,
            21
        ],
        [
            0,
            28
        ],
        [
            1,
            9
        ],
        [
            1,
            12
        ],
        [
            1,
            13
        ],
        [
            1,
            27
        ],
        [
            2,
            3
        ],
        [
            2,
            21
        ],
        [
            2,
            22
        ],
        [
            2,
            23
        ],
        [
            2,
            26
        ],
        [
            2,
            28
        ],
        [
            3,
            4
        ],
        [
            3,
            14
        ],
        [
            3,
            20
        ],
        [
            3,
            21
        ],
        [
            3,
            23
        ],
        [
            3,
            26
        ],
        [
            4,
            8
        ],
        [
            4,
            27
        ],
        [
            5,
            16
        ],
        [
            5,
            17
        ],
        [
            5,
            18
        ],
        [
            5,
            19
        ],
        [
            5,
            28
        ],
        [
            6,
            7
        ],
        [
            6,
            8
        ],
        [
            6,
            13
        ],
        [
            6,
            15
        ],
        [
            6,
            20
        ],
        [
            6,
            25
        ],
        [
            6,
            29
        ],
        [
            7,
            16
        ],
        [
            7,
            28
        ],
        [
            8,
            10
        ],
        [
            8,
            14
        ],
        [
            8,
            21
        ],
        [
            8,
            27
        ],
        [
            9,
            11
        ],
        [
            9,
            12
        ],
        [
            9,
            17
        ],
        [
            9,
            20
        ],
        [
            9,
            24
        ],
        [
            9,
            25
        ],
        [
            10,
            11
        ],
        [
            10,
            15
        ],
        [
            10,
            28
        ],
        [
            10,
            29
        ],
        [
            11,
            18
        ],
        [
            11,
            29
        ],
        [
            12,
            15
        ],
        [
            12,
            18
        ],
        [
            12,
            26
        ],
        [
            13,
            14
        ],
        [
            13,
            15
        ],
        [
            13,
            17
        ],
        [
            13,
            20
        ],
        [
            13,
            21
        ],
        [
            13,
            25
        ],
        [
            14,
            22
        ],
        [
            14,
            23
        ],
        [
            14,
            24
        ],
        [
            14,
            28
        ],
        [
            15,
            21
        ],
        [
            15,
            26
        ],
        [
            16,
            18
        ],
        [
            16,
            19
        ],
        [
            17,
            29
        ],
        [
            18,
            19
        ],
        [
            18,
            25
        ],
        [
            18,
            29
        ],
        [
            19,
            23
        ],
        [
            19,
            26
        ],
        [
            19,
            27
        ],
        [
            20,
            25
        ],
        [
            20,
            26
        ],
        [
            21,
            23
        ],
        [
            21,
            25
        ],
        [
            21,
            27
        ],
        [
            22,
            23
        ],
        [
            22,
            28
        ],
        [
            24,
            26
        ],
        [
            24,
            29
        ],
        [
            25,
            26
        ],
        [
            25,
            29
        ]
    ]
}