{
    "total_node_number": 40,
    "probability_of_edge": 0.15,
    "time": {
        "request": 25000.25,
        "reply": 16000.75,
        "forwarding": 1001.5
    },
    "request_message_count": 233,
    "route": [
        {
            "name": "Shortest Path",
            "route_node_count": 4,
            "route": [
                0,
                11,
                24,
                39
            ]
        },
        {
            "name": "DSRAlgorithm Path",
            "route_node_count": 4,
            "route": [
                0,
                30,
                31,
                39
            ]
        }
    ],
    "edges": [
        [
            0,
            11
        ],
        [
            0,
            22
        ],
        [
            0,
            30
        ],
        [
            0,
            33
        ],
        [
            1,
            17
        ],
        [
            1,
            26
        ],
        [
            1,
            32
        ],
        [
            1,
            35
        ],
        [
            2,
            7
        ],
        [
            2,
            14
        ],
        [
            2,
            20
        ],
        [
            2,
            35
        ],
        [
            3,
            5
        ],
        [
            3,
            7
        ],
        [
            3,
            11
        ],
        [
            3,
            14
        ],
        [
            3,
            16
        ],
        [
            3,
            17
        ],
        [
            3,
            24
        ],
        [
            3,
            29
        ],
        [
            3,
            35
        ],
        [
            3,
            36
        ],
        [
            4,
            12
        ],
        [
            4,
            14
        ],
        [
            4,
            29
        ],
        [
            5,
            8
        ],
        [
            5,
            10
        ],
        [
            5,
            21
        ],
        [
            5,
            25
        ],
        [
            5,
            39
        ],
        [
            6,
            7
        ],
        [
            6,
            22
        ],
        [
            6,
            24
        ],
        [
            6,
            28
        ],
        [
            6,
            29
        ],
        [
            6,
            31
        ],
        [
            7,
            15
        ],
        [
            7,
            19
        ],
        [
            7,
            23
        ],
        [
            7,
            24
        ],
        [
            7,
            26
        ],
        [
            8,
            19
        ],
        [
            8,
            20
        ],
        [
            8,
            23
        ],
        [
            8,
            25
        ],
        [
            8,
            36
        ],
        [
            9,
            14
        ],
        [
            9,
            15
        ],
        [
            9,
            21
        ],
        [
            9,
            35
        ],
        [
            10,
            23
        ],
        [
            10,
            38
        ],
        [
            11,
            13
        ],
        [
            11,
            24
        ],
        [
            11,
            26
        ],
        [
            11,
            31
        ],
        [
            11,
            38
        ],
        [
            12,
            16
        ],
        [
            12,
            21
        ],
        [
            12,
            31
        ],
        [
            13,
            22
        ],
        [
            13,
            31
        ],
        [
            13,
            38
        ],
        [
            14,
            22
        ],
        [
            14,
            33
        ],
        [
            14,
            34
        ],
        [
            14,
            36
        ],
        [
            15,
            19
        ],
        [
            15,
            24
        ],
        [
            15,
            25
        ],
        [
            15,
            30
        ],
        [
            16,
            20
        ],
        [
            16,
            24
        ],
        [
            16,
            35
        ],
        [
            16,
            37
        ],
        [
            16,
            39
        ],
        [
            17,
            20
        ],
        [
            17,
            37
        ],
        [
            18,
            26
        ],
        [
            18,
            28
        ],
        [
            18,
            32
        ],
        [
            19,
            23
        ],
        [
            19,
            24
        ],
        [
            19,
            25
        ],
        [
            19,
            30
        ],
        [
            19,
            31
        ],
        [
            20,
            21
        ],
        [
            20,
            31
        ],
        [
            20,
            35
        ],
        [
            21,
            24
        ],
        [
            21,
            27
        ],
        [
            21,
            32
        ],
        [
            22,
            26
        ],
        [
            22,
            27
        ],
        [
            22,
            31
        ],
        [
            22,
            33
        ],
        [
            24,
            25
        ],
        [
            24,
            33
        ],
        [
            24,
            34
        ],
        [
            24,
            37
        ],
        [
            24,
            39
        ],
        [
            25,
            32
        ],
        [
            25,
            33
        ],
        [
            25,
            34
        ],
        [
            25,
            38
        ],
        [
            26,
            35
        ],
        [
            27,
            38
        ],
        [
            28,
            38
        ],
        [
            28,
            39
        ],
        [
            29,
            31
        ],
        [
            29,
            38
        ],
        [
            30,
            31
        ],
        [
            30,
            32
        ],
        [
            31,
            36
        ],
        [
            31,
            39
        ],
        [
            33,
            35
        ],
        [
            34,
            37
        ],
        [
            35,
            36
        ],
        [
            37,
            38
        ]
    ]
}