{
    "total_node_number": 40,
    "probability_of_edge": 0.15,
    "time": {
        "request": 22000.5,
        "reply": 13000.5,
        "forwarding": 0.0
    },
    "request_message_count": 213,
    "route": [
        {
            "name": "Shortest Path",
            "route_node_count": 3,
            "route": [
                0,
                10,
                39
            ]
        },
        {
            "name": "DSRAlgorithm Path",
            "route_node_count": 3,
            "route": [
                0,
                10,
                39
            ]
        }
    ],
    "edges": [
        [
            0,
            1
        ],
        [
            0,
            3
        ],
        [
            0,
            8
        ],
        [
            0,
            10
        ],
        [
            0,
            19
        ],
        [
            0,
            26
        ],
        [
            0,
            29
        ],
        [
            1,
            2
        ],
        [
            1,
            3
        ],
        [
            1,
            14
        ],
        [
            1,
            15
        ],
        [
            1,
            17
        ],
        [
            1,
            18
        ],
        [
            2,
            5
        ],
        [
            2,
            7
        ],
        [
            2,
            13
        ],
        [
            2,
            18
        ],
        [
            2,
            21
        ],
        [
            2,
            26
        ],
        [
            2,
            27
        ],
        [
            2,
            31
        ],
        [
            3,
            5
        ],
        [
            3,
            6
        ],
        [
            3,
            23
        ],
        [
            3,
            31
        ],
        [
            3,
            38
        ],
        [
            4,
            7
        ],
        [
            4,
            33
        ],
        [
            5,
            11
        ],
        [
            5,
            15
        ],
        [
            5,
            16
        ],
        [
            5,
            18
        ],
        [
            5,
            26
        ],
        [
            5,
            37
        ],
        [
            6,
            11
        ],
        [
            6,
            17
        ],
        [
            6,
            37
        ],
        [
            7,
            10
        ],
        [
            7,
            26
        ],
        [
            7,
            28
        ],
        [
            7,
            33
        ],
        [
            7,
            35
        ],
        [
            7,
            37
        ],
        [
            8,
            10
        ],
        [
            8,
            29
        ],
        [
            8,
            30
        ],
        [
            8,
            31
        ],
        [
            9,
            22
        ],
        [
            9,
            27
        ],
        [
            9,
            35
        ],
        [
            9,
            39
        ],
        [
            10,
            16
        ],
        [
            10,
            20
        ],
        [
            10,
            25
        ],
        [
            10,
            33
        ],
        [
            10,
            39
        ],
        [
            11,
            13
        ],
        [
            11,
            17
        ],
        [
            11,
            19
        ],
        [
            11,
            22
        ],
        [
            11,
            26
        ],
        [
            11,
            29
        ],
        [
            11,
            31
        ],
        [
            11,
            34
        ],
        [
            11,
            39
        ],
        [
            12,
            16
        ],
        [
            12,
            23
        ],
        [
            12,
            25
        ],
        [
            12,
            26
        ],
        [
            12,
            29
        ],
        [
            12,
            35
        ],
        [
            13,
            28
        ],
        [
            13,
            39
        ],
        [
            14,
            23
        ],
        [
            14,
            26
        ],
        [
            14,
            37
        ],
        [
            14,
            39
        ],
        [
            15,
            31
        ],
        [
            15,
            35
        ],
        [
            16,
            25
        ],
        [
            16,
            29
        ],
        [
            16,
            34
        ],
        [
            16,
            38
        ],
        [
            17,
            30
        ],
        [
            17,
            36
        ],
        [
            18,
            19
        ],
        [
            18,
            32
        ],
        [
            18,
            34
        ],
        [
            19,
            22
        ],
        [
            19,
            28
        ],
        [
            19,
            34
        ],
        [
            19,
            37
        ],
        [
            21,
            26
        ],
        [
            22,
            24
        ],
        [
            22,
            28
        ],
        [
            22,
            35
        ],
        [
            23,
            25
        ],
        [
            23,
            34
        ],
        [
            23,
            35
        ],
        [
            23,
            36
        ],
        [
            23,
            39
        ],
        [
            24,
            32
        ],
        [
            25,
            29
        ],
        [
            25,
            30
        ],
        [
            26,
            30
        ],
        [
            26,
            36
        ],
        [
            27,
            33
        ],
        [
            32,
            36
        ],
        [
            35,
            37
        ],
        [
            38,
            39
        ]
    ]
}