{
    "total_node_number": 30,
    "probability_of_edge": 0.2,
    "time": {
        "request": 16990.5,
        "reply": 9000.25,
        "forwarding": 1002.5
    },
    "request_message_count": 150,
    "route": [
        {
            "name": "Shortest Path",
            "route_node_count": 4,
            "route": [
                0,
                10,
                4,
                29
            ]
        },
        {
            "name": "DSRAlgorithm Path",
            "route_node_count": 4,
            "route": [
                0,
                10,
                12,
                29
            ]
        }
    ],
    "edges": [
        [
            0,
            7
        ],
        [
            0,
            10
        ],
        [
            0,
            16
        ],
        [
            0,
            27
        ],
        [
            1,
            12
        ],
        [
            1,
            14
        ],
        [
            1,
            19
        ],
        [
            1,
            22
        ],
        [
            1,
            25
        ],
        [
            1,
            28
        ],
        [
            2,
            5
        ],
        [
            2,
            6
        ],
        [
            2,
            19
        ],
        [
            2,
            28
        ],
        [
            3,
            12
        ],
        [
            3,
            16
        ],
        [
            3,
            20
        ],
        [
            3,
            28
        ],
        [
            3,
            29
        ],
        [
            4,
            10
        ],
        [
            4,
            11
        ],
        [
            4,
            17
        ],
        [
            4,
            18
        ],
        [
            4,
            29
        ],
        [
            5,
            6
        ],
        [
            5,
            13
        ],
        [
            5,
            23
        ],
        [
            6,
            13
        ],
        [
            6,
            24
        ],
        [
            7,
            10
        ],
        [
            7,
            19
        ],
        [
            7,
            21
        ],
        [
            8,
            23
        ],
        [
            8,
            28
        ],
        [
            8,
            29
        ],
        [
            9,
            16
        ],
        [
            9,
            17
        ],
        [
            9,
            20
        ],
        [
            9,
            29
        ],
        [
            10,
            12
        ],
        [
            10,
            17
        ],
        [
            11,
            14
        ],
        [
            11,
            15
        ],
        [
            12,
            15
        ],
        [
            12,
            26
        ],
        [
            12,
            27
        ],
        [
            12,
            29
        ],
        [
            13,
            19
        ],
        [
            13,
            21
        ],
        [
            13,
            27
        ],
        [
            13,
            28
        ],
        [
            14,
            21
        ],
        [
            14,
            23
        ],
        [
            15,
            18
        ],
        [
            15,
            20
        ],
        [
            15,
            21
        ],
        [
            15,
            24
        ],
        [
            16,
            19
        ],
        [
            16,
            24
        ],
        [
            16,
            25
        ],
        [
            17,
            18
        ],
        [
            18,
            23
        ],
        [
            18,
            26
        ],
        [
            18,
            28
        ],
        [
            19,
            27
        ],
        [
            20,
            26
        ],
        [
            20,
            27
        ],
        [
            21,
            23
        ],
        [
            21,
            24
        ],
        [
            21,
            25
        ],
        [
            21,
            26
        ],
        [
            21,
            27
        ],
        [
            22,
            27
        ],
        [
            22,
            28
        ],
        [
            23,
            28
        ],
        [
            25,
            26
        ],
        [
            25,
            28
        ],
        [
            25,
            29
        ]
    ]
}