{
    "total_node_number": 40,
    "probability_of_edge": 0.15,
    "time": {
        "request": 24999.25,
        "reply": 13000.25,
        "forwarding": 1000.5
    },
    "request_message_count": 224,
    "route": [
        {
            "name": "Shortest Path",
            "route_node_count": 4,
            "route": [
                0,
                1,
                7,
                39
            ]
        },
        {
            "name": "DSRAlgorithm Path",
            "route_node_count": 4,
            "route": [
                0,
                1,
                7,
                39
            ]
        }
    ],
    "edges": [
        [
            0,
            1
        ],
        [
            0,
            12
        ],
        [
            0,
            18
        ],
        [
            0,
            35
        ],
        [
            1,
            7
        ],
        [
            1,
            11
        ],
        [
            1,
            18
        ],
        [
            1,
            31
        ],
        [
            2,
            4
        ],
        [
            2,
            18
        ],
        [
            2,
            22
        ],
        [
            2,
            24
        ],
        [
            2,
            30
        ],
        [
            2,
            33
        ],
        [
            2,
            35
        ],
        [
            3,
            4
        ],
        [
            3,
            6
        ],
        [
            3,
            8
        ],
        [
            3,
            34
        ],
        [
            4,
            10
        ],
        [
            4,
            15
        ],
        [
            4,
            18
        ],
        [
            4,
            20
        ],
        [
            4,
            29
        ],
        [
            4,
            36
        ],
        [
            5,
            13
        ],
        [
            5,
            17
        ],
        [
            5,
            21
        ],
        [
            5,
            28
        ],
        [
            5,
            29
        ],
        [
            6,
            16
        ],
        [
            6,
            20
        ],
        [
            6,
            22
        ],
        [
            7,
            8
        ],
        [
            7,
            14
        ],
        [
            7,
            17
        ],
        [
            7,
            20
        ],
        [
            7,
            21
        ],
        [
            7,
            23
        ],
        [
            7,
            27
        ],
        [
            7,
            39
        ],
        [
            8,
            9
        ],
        [
            8,
            14
        ],
        [
            8,
            22
        ],
        [
            8,
            24
        ],
        [
            8,
            27
        ],
        [
            8,
            39
        ],
        [
            9,
            12
        ],
        [
            9,
            20
        ],
        [
            10,
            20
        ],
        [
            10,
            26
        ],
        [
            11,
            17
        ],
        [
            11,
            27
        ],
        [
            11,
            32
        ],
        [
            12,
            14
        ],
        [
            12,
            18
        ],
        [
            12,
            21
        ],
        [
            12,
            35
        ],
        [
            12,
            37
        ],
        [
            13,
            15
        ],
        [
            13,
            33
        ],
        [
            13,
            34
        ],
        [
            14,
            20
        ],
        [
            14,
            22
        ],
        [
            14,
            30
        ],
        [
            15,
            28
        ],
        [
            15,
            32
        ],
        [
            15,
            33
        ],
        [
            16,
            24
        ],
        [
            16,
            33
        ],
        [
            17,
            21
        ],
        [
            17,
            23
        ],
        [
            17,
            25
        ],
        [
            18,
            20
        ],
        [
            18,
            26
        ],
        [
            18,
            28
        ],
        [
            18,
            33
        ],
        [
            19,
            22
        ],
        [
            19,
            23
        ],
        [
            19,
            31
        ],
        [
            19,
            35
        ],
        [
            20,
            28
        ],
        [
            20,
            29
        ],
        [
            20,
            33
        ],
        [
            21,
            22
        ],
        [
            21,
            32
        ],
        [
            21,
            35
        ],
        [
            22,
            35
        ],
        [
            22,
            38
        ],
        [
            23,
            34
        ],
        [
            23,
            35
        ],
        [
            23,
            36
        ],
        [
            24,
            28
        ],
        [
            24,
            32
        ],
        [
            24,
            36
        ],
        [
            25,
            32
        ],
        [
            25,
            35
        ],
        [
            25,
            36
        ],
        [
            25,
            37
        ],
        [
            26,
            30
        ],
        [
            26,
            32
        ],
        [
            26,
            34
        ],
        [
            26,
            37
        ],
        [
            27,
            38
        ],
        [
            28,
            30
        ],
        [
            29,
            30
        ],
        [
            29,
            32
        ],
        [
            30,
            38
        ],
        [
            31,
            32
        ],
        [
            31,
            33
        ],
        [
            32,
            37
        ],
        [
            33,
            39
        ],
        [
            35,
            38
        ],
        [
            38,
            39
        ]
    ]
}