{
    "total_node_number": 40,
    "probability_of_edge": 0.1,
    "time": {
        "request": 15000.75,
        "reply": 13001.5,
        "forwarding": 971.25
    },
    "request_message_count": 157,
    "route": [
        {
            "name": "Shortest Path",
            "route_node_count": 5,
            "route": [
                0,
                9,
                1,
                10,
                39
            ]
        },
        {
            "name": "DSRAlgorithm Path",
            "route_node_count": 5,
            "route": [
                0,
                9,
                1,
                10,
                39
            ]
        }
    ],
    "edges": [
        [
            0,
            9
        ],
        [
            1,
            9
        ],
        [
            1,
            10
        ],
        [
            1,
            22
        ],
        [
            1,
            27
        ],
        [
            1,
            36
        ],
        [
            1,
            37
        ],
        [
            2,
            22
        ],
        [
            3,
            4
        ],
        [
            3,
            12
        ],
        [
            3,
            25
        ],
        [
            3,
            26
        ],
        [
            3,
            30
        ],
        [
            3,
            34
        ],
        [
            4,
            13
        ],
        [
            4,
            19
        ],
        [
            4,
            30
        ],
        [
            4,
            37
        ],
        [
            5,
            9
        ],
        [
            5,
            13
        ],
        [
            5,
            14
        ],
        [
            5,
            20
        ],
        [
            5,
            26
        ],
        [
            5,
            31
        ],
        [
            5,
            34
        ],
        [
            6,
            14
        ],
        [
            6,
            26
        ],
        [
            6,
            28
        ],
        [
            6,
            30
        ],
        [
            6,
            34
        ],
        [
            6,
            37
        ],
        [
            7,
            31
        ],
        [
            8,
            10
        ],
        [
            8,
            14
        ],
        [
            8,
            24
        ],
        [
            9,
            26
        ],
        [
            9,
            27
        ],
        [
            10,
            17
        ],
        [
            10,
            18
        ],
        [
            10,
            39
        ],
        [
            11,
            15
        ],
        [
            11,
            24
        ],
        [
            12,
            38
        ],
        [
            12,
            39
        ],
        [
            13,
            17
        ],
        [
            13,
            25
        ],
        [
            13,
            35
        ],
        [
            13,
            37
        ],
        [
            14,
            28
        ],
        [
            14,
            33
        ],
        [
            14,
            35
        ],
        [
            16,
            20
        ],
        [
            16,
            37
        ],
        [
            17,
            24
        ],
        [
            17,
            31
        ],
        [
            17,
            32
        ],
        [
            17,
            34
        ],
        [
            17,
            37
        ],
        [
            19,
            38
        ],
        [
            20,
            23
        ],
        [
            20,
            24
        ],
        [
            20,
            31
        ],
        [
            20,
            35
        ],
        [
            21,
            26
        ],
        [
            22,
            32
        ],
        [
            22,
            35
        ],
        [
            23,
            33
        ],
        [
            23,
            35
        ],
        [
            24,
            25
        ],
        [
            24,
            27
        ],
        [
            24,
            29
        ],
        [
            24,
            30
        ],
        [
            24,
            33
        ],
        [
            26,
            34
        ],
        [
            28,
            30
        ],
        [
            28,
            38
        ],
        [
            28,
            39
        ],
        [
            29,
            33
        ],
        [
            29,
            36
        ],
        [
            30,
            38
        ]
    ]
}