{
    "total_node_number": 40,
    "probability_of_edge": 0.1,
    "time": {
        "request": 20968.75,
        "reply": 9000.75,
        "forwarding": 999.75
    },
    "request_message_count": 167,
    "route": [
        {
            "name": "Shortest Path",
            "route_node_count": 4,
            "route": [
                0,
                5,
                38,
                39
            ]
        },
        {
            "name": "DSRAlgorithm Path",
            "route_node_count": 4,
            "route": [
                0,
                5,
                38,
                39
            ]
        }
    ],
    "edges": [
        [
            0,
            5
        ],
        [
            0,
            7
        ],
        [
            0,
            17
        ],
        [
            0,
            20
        ],
        [
            0,
            26
        ],
        [
            0,
            28
        ],
        [
            0,
            29
        ],
        [
            0,
            33
        ],
        [
            0,
            36
        ],
        [
            1,
            36
        ],
        [
            2,
            5
        ],
        [
            2,
            18
        ],
        [
            2,
            29
        ],
        [
            3,
            6
        ],
        [
            3,
            12
        ],
        [
            3,
            17
        ],
        [
            3,
            24
        ],
        [
            3,
            30
        ],
        [
            4,
            35
        ],
        [
            5,
            18
        ],
        [
            5,
            33
        ],
        [
            5,
            38
        ],
        [
            6,
            10
        ],
        [
            6,
            25
        ],
        [
            6,
            34
        ],
        [
            7,
            11
        ],
        [
            7,
            19
        ],
        [
            7,
            28
        ],
        [
            8,
            10
        ],
        [
            8,
            17
        ],
        [
            8,
            23
        ],
        [
            8,
            29
        ],
        [
            9,
            31
        ],
        [
            10,
            14
        ],
        [
            10,
            15
        ],
        [
            10,
            25
        ],
        [
            10,
            36
        ],
        [
            10,
            37
        ],
        [
            11,
            25
        ],
        [
            11,
            33
        ],
        [
            12,
            20
        ],
        [
            12,
            25
        ],
        [
            12,
            29
        ],
        [
            12,
            32
        ],
        [
            13,
            17
        ],
        [
            13,
            21
        ],
        [
            13,
            23
        ],
        [
            13,
            29
        ],
        [
            14,
            17
        ],
        [
            15,
            19
        ],
        [
            15,
            24
        ],
        [
            15,
            33
        ],
        [
            16,
            33
        ],
        [
            17,
            37
        ],
        [
            18,
            30
        ],
        [
            18,
            35
        ],
        [
            19,
            31
        ],
        [
            20,
            24
        ],
        [
            20,
            33
        ],
        [
            21,
            25
        ],
        [
            21,
            31
        ],
        [
            21,
            37
        ],
        [
            22,
            34
        ],
        [
            22,
            37
        ],
        [
            23,
            33
        ],
        [
            23,
            35
        ],
        [
            24,
            31
        ],
        [
            24,
            38
        ],
        [
            25,
            31
        ],
        [
            25,
            32
        ],
        [
            25,
            33
        ],
        [
            25,
            35
        ],
        [
            26,
            29
        ],
        [
            26,
            30
        ],
        [
            26,
            32
        ],
        [
            27,
            32
        ],
        [
            28,
            29
        ],
        [
            29,
            30
        ],
        [
            30,
            31
        ],
        [
            30,
            36
        ],
        [
            31,
            38
        ],
        [
            33,
            37
        ],
        [
            34,
            35
        ],
        [
            38,
            39
        ]
    ]
}