{
    "total_node_number": 40,
    "probability_of_edge": 0.1,
    "time": {
        "request": 10998.5,
        "reply": 14999.0,
        "forwarding": 0.0
    },
    "request_message_count": 155,
    "route": [
        {
            "name": "Shortest Path",
            "route_node_count": 3,
            "route": [
                0,
                22,
                39
            ]
        },
        {
            "name": "DSRAlgorithm Path",
            "route_node_count": 3,
            "route": [
                0,
                22,
                39
            ]
        }
    ],
    "edges": [
        [
            0,
            12
        ],
        [
            0,
            13
        ],
        [
            0,
            19
        ],
        [
            0,
            22
        ],
        [
            0,
            30
        ],
        [
            0,
            38
        ],
        [
            1,
            9
        ],
        [
            1,
            18
        ],
        [
            1,
            23
        ],
        [
            1,
            27
        ],
        [
            1,
            31
        ],
        [
            1,
            35
        ],
        [
            1,
            36
        ],
        [
            2,
            11
        ],
        [
            2,
            14
        ],
        [
            2,
            19
        ],
        [
            2,
            36
        ],
        [
            3,
            9
        ],
        [
            3,
            19
        ],
        [
            3,
            30
        ],
        [
            4,
            18
        ],
        [
            5,
            23
        ],
        [
            5,
            30
        ],
        [
            5,
            39
        ],
        [
            6,
            9
        ],
        [
            6,
            20
        ],
        [
            7,
            9
        ],
        [
            8,
            10
        ],
        [
            8,
            12
        ],
        [
            8,
            24
        ],
        [
            8,
            28
        ],
        [
            8,
            33
        ],
        [
            8,
            34
        ],
        [
            9,
            29
        ],
        [
            10,
            11
        ],
        [
            10,
            20
        ],
        [
            11,
            17
        ],
        [
            11,
            19
        ],
        [
            11,
            28
        ],
        [
            12,
            23
        ],
        [
            12,
            29
        ],
        [
            12,
            30
        ],
        [
            13,
            20
        ],
        [
            13,
            21
        ],
        [
            13,
            29
        ],
        [
            13,
            32
        ],
        [
            14,
            26
        ],
        [
            15,
            33
        ],
        [
            15,
            37
        ],
        [
            16,
            21
        ],
        [
            16,
            27
        ],
        [
            16,
            28
        ],
        [
            17,
            19
        ],
        [
            17,
            20
        ],
        [
            17,
            21
        ],
        [
            17,
            34
        ],
        [
            17,
            38
        ],
        [
            18,
            25
        ],
        [
            19,
            29
        ],
        [
            19,
            30
        ],
        [
            19,
            37
        ],
        [
            22,
            31
        ],
        [
            22,
            39
        ],
        [
            23,
            24
        ],
        [
            23,
            37
        ],
        [
            24,
            31
        ],
        [
            24,
            38
        ],
        [
            25,
            26
        ],
        [
            26,
            28
        ],
        [
            27,
            28
        ],
        [
            27,
            34
        ],
        [
            27,
            39
        ],
        [
            29,
            32
        ],
        [
            30,
            36
        ],
        [
            30,
            37
        ],
        [
            31,
            36
        ],
        [
            32,
            36
        ],
        [
            34,
            36
        ],
        [
            34,
            38
        ]
    ]
}