{
    "total_node_number": 40,
    "probability_of_edge": 0.1,
    "time": {
        "request": 5000.0,
        "reply": 28000.25,
        "forwarding": 0.0
    },
    "request_message_count": 180,
    "route": [
        {
            "name": "Shortest Path",
            "route_node_count": 3,
            "route": [
                0,
                33,
                39
            ]
        },
        {
            "name": "DSRAlgorithm Path",
            "route_node_count": 3,
            "route": [
                0,
                33,
                39
            ]
        }
    ],
    "edges": [
        [
            0,
            33
        ],
        [
            0,
            34
        ],
        [
            1,
            6
        ],
        [
            1,
            9
        ],
        [
            1,
            25
        ],
        [
            1,
            27
        ],
        [
            1,
            29
        ],
        [
            1,
            33
        ],
        [
            1,
            36
        ],
        [
            2,
            5
        ],
        [
            2,
            16
        ],
        [
            2,
            20
        ],
        [
            2,
            29
        ],
        [
            2,
            33
        ],
        [
            2,
            34
        ],
        [
            2,
            36
        ],
        [
            3,
            5
        ],
        [
            3,
            17
        ],
        [
            3,
            35
        ],
        [
            3,
            39
        ],
        [
            4,
            10
        ],
        [
            4,
            26
        ],
        [
            4,
            28
        ],
        [
            4,
            36
        ],
        [
            4,
            38
        ],
        [
            5,
            13
        ],
        [
            5,
            19
        ],
        [
            5,
            31
        ],
        [
            6,
            23
        ],
        [
            6,
            35
        ],
        [
            7,
            21
        ],
        [
            7,
            22
        ],
        [
            7,
            27
        ],
        [
            8,
            9
        ],
        [
            8,
            11
        ],
        [
            8,
            33
        ],
        [
            9,
            11
        ],
        [
            10,
            11
        ],
        [
            10,
            15
        ],
        [
            11,
            28
        ],
        [
            11,
            34
        ],
        [
            11,
            37
        ],
        [
            12,
            24
        ],
        [
            12,
            27
        ],
        [
            12,
            28
        ],
        [
            12,
            30
        ],
        [
            12,
            37
        ],
        [
            13,
            22
        ],
        [
            13,
            36
        ],
        [
            14,
            27
        ],
        [
            14,
            32
        ],
        [
            14,
            36
        ],
        [
            14,
            38
        ],
        [
            15,
            17
        ],
        [
            15,
            25
        ],
        [
            15,
            27
        ],
        [
            15,
            32
        ],
        [
            16,
            18
        ],
        [
            16,
            26
        ],
        [
            16,
            33
        ],
        [
            17,
            20
        ],
        [
            17,
            33
        ],
        [
            18,
            22
        ],
        [
            18,
            38
        ],
        [
            19,
            27
        ],
        [
            19,
            38
        ],
        [
            20,
            25
        ],
        [
            20,
            30
        ],
        [
            20,
            36
        ],
        [
            22,
            26
        ],
        [
            22,
            28
        ],
        [
            22,
            33
        ],
        [
            23,
            33
        ],
        [
            23,
            35
        ],
        [
            24,
            33
        ],
        [
            24,
            38
        ],
        [
            25,
            27
        ],
        [
            26,
            29
        ],
        [
            26,
            32
        ],
        [
            26,
            35
        ],
        [
            26,
            38
        ],
        [
            27,
            33
        ],
        [
            27,
            38
        ],
        [
            28,
            32
        ],
        [
            28,
            33
        ],
        [
            29,
            39
        ],
        [
            30,
            35
        ],
        [
            32,
            34
        ],
        [
            32,
            39
        ],
        [
            33,
            35
        ],
        [
            33,
            39
        ],
        [
            37,
            38
        ]
    ]
}