{
    "total_node_number": 40,
    "probability_of_edge": 0.1,
    "time": {
        "request": 19994.25,
        "reply": 16000.25,
        "forwarding": 1002.5
    },
    "request_message_count": 151,
    "route": [
        {
            "name": "Shortest Path",
            "route_node_count": 4,
            "route": [
                0,
                38,
                14,
                39
            ]
        },
        {
            "name": "DSRAlgorithm Path",
            "route_node_count": 4,
            "route": [
                0,
                38,
                14,
                39
            ]
        }
    ],
    "edges": [
        [
            0,
            24
        ],
        [
            0,
            35
        ],
        [
            0,
            36
        ],
        [
            0,
            38
        ],
        [
            1,
            2
        ],
        [
            1,
            21
        ],
        [
            2,
            17
        ],
        [
            2,
            19
        ],
        [
            2,
            22
        ],
        [
            2,
            23
        ],
        [
            3,
            34
        ],
        [
            4,
            12
        ],
        [
            4,
            15
        ],
        [
            4,
            19
        ],
        [
            4,
            28
        ],
        [
            5,
            22
        ],
        [
            5,
            23
        ],
        [
            5,
            26
        ],
        [
            5,
            27
        ],
        [
            5,
            38
        ],
        [
            6,
            12
        ],
        [
            6,
            15
        ],
        [
            6,
            19
        ],
        [
            7,
            23
        ],
        [
            7,
            27
        ],
        [
            7,
            37
        ],
        [
            8,
            11
        ],
        [
            8,
            16
        ],
        [
            9,
            19
        ],
        [
            9,
            38
        ],
        [
            10,
            12
        ],
        [
            10,
            14
        ],
        [
            10,
            25
        ],
        [
            10,
            27
        ],
        [
            11,
            13
        ],
        [
            11,
            23
        ],
        [
            11,
            37
        ],
        [
            12,
            30
        ],
        [
            12,
            34
        ],
        [
            12,
            39
        ],
        [
            13,
            29
        ],
        [
            13,
            37
        ],
        [
            14,
            17
        ],
        [
            14,
            20
        ],
        [
            14,
            30
        ],
        [
            14,
            38
        ],
        [
            14,
            39
        ],
        [
            15,
            16
        ],
        [
            15,
            20
        ],
        [
            16,
            31
        ],
        [
            16,
            36
        ],
        [
            17,
            19
        ],
        [
            17,
            22
        ],
        [
            17,
            26
        ],
        [
            18,
            20
        ],
        [
            18,
            31
        ],
        [
            19,
            30
        ],
        [
            19,
            34
        ],
        [
            20,
            25
        ],
        [
            20,
            26
        ],
        [
            21,
            24
        ],
        [
            21,
            31
        ],
        [
            21,
            33
        ],
        [
            22,
            23
        ],
        [
            23,
            28
        ],
        [
            23,
            29
        ],
        [
            23,
            32
        ],
        [
            25,
            32
        ],
        [
            25,
            39
        ],
        [
            26,
            30
        ],
        [
            27,
            34
        ],
        [
            28,
            30
        ],
        [
            28,
            33
        ],
        [
            29,
            34
        ],
        [
            29,
            37
        ],
        [
            31,
            33
        ],
        [
            32,
            34
        ]
    ]
}