{
    "total_node_number": 40,
    "probability_of_edge": 0.1,
    "time": {
        "request": 14997.75,
        "reply": 19001.25,
        "forwarding": 998.5
    },
    "request_message_count": 172,
    "route": [
        {
            "name": "Shortest Path",
            "route_node_count": 4,
            "route": [
                0,
                31,
                11,
                39
            ]
        },
        {
            "name": "DSRAlgorithm Path",
            "route_node_count": 4,
            "route": [
                0,
                31,
                11,
                39
            ]
        }
    ],
    "edges": [
        [
            0,
            29
        ],
        [
            0,
            30
        ],
        [
            0,
            31
        ],
        [
            1,
            5
        ],
        [
            1,
            17
        ],
        [
            1,
            33
        ],
        [
            1,
            35
        ],
        [
            1,
            38
        ],
        [
            2,
            4
        ],
        [
            2,
            6
        ],
        [
            2,
            25
        ],
        [
            2,
            33
        ],
        [
            2,
            39
        ],
        [
            3,
            23
        ],
        [
            3,
            28
        ],
        [
            3,
            36
        ],
        [
            3,
            39
        ],
        [
            4,
            39
        ],
        [
            5,
            15
        ],
        [
            5,
            16
        ],
        [
            5,
            18
        ],
        [
            5,
            26
        ],
        [
            5,
            27
        ],
        [
            6,
            7
        ],
        [
            6,
            34
        ],
        [
            6,
            36
        ],
        [
            6,
            37
        ],
        [
            7,
            9
        ],
        [
            7,
            13
        ],
        [
            7,
            25
        ],
        [
            7,
            32
        ],
        [
            7,
            39
        ],
        [
            8,
            19
        ],
        [
            9,
            21
        ],
        [
            9,
            32
        ],
        [
            10,
            28
        ],
        [
            10,
            30
        ],
        [
            11,
            12
        ],
        [
            11,
            18
        ],
        [
            11,
            22
        ],
        [
            11,
            28
        ],
        [
            11,
            31
        ],
        [
            11,
            39
        ],
        [
            12,
            21
        ],
        [
            12,
            31
        ],
        [
            12,
            33
        ],
        [
            13,
            14
        ],
        [
            13,
            36
        ],
        [
            14,
            20
        ],
        [
            14,
            26
        ],
        [
            14,
            28
        ],
        [
            14,
            34
        ],
        [
            14,
            35
        ],
        [
            15,
            37
        ],
        [
            17,
            23
        ],
        [
            17,
            26
        ],
        [
            18,
            25
        ],
        [
            18,
            31
        ],
        [
            19,
            21
        ],
        [
            19,
            25
        ],
        [
            19,
            26
        ],
        [
            19,
            35
        ],
        [
            20,
            23
        ],
        [
            20,
            26
        ],
        [
            20,
            28
        ],
        [
            20,
            30
        ],
        [
            21,
            24
        ],
        [
            22,
            25
        ],
        [
            22,
            30
        ],
        [
            22,
            32
        ],
        [
            22,
            35
        ],
        [
            22,
            37
        ],
        [
            23,
            25
        ],
        [
            23,
            26
        ],
        [
            23,
            30
        ],
        [
            23,
            31
        ],
        [
            25,
            30
        ],
        [
            26,
            33
        ],
        [
            26,
            38
        ],
        [
            27,
            36
        ],
        [
            29,
            32
        ],
        [
            29,
            37
        ],
        [
            29,
            38
        ],
        [
            30,
            37
        ],
        [
            32,
            35
        ],
        [
            32,
            36
        ],
        [
            33,
            37
        ],
        [
            36,
            39
        ],
        [
            37,
            38
        ]
    ]
}