{
    "total_node_number": 40,
    "probability_of_edge": 0.1,
    "time": {
        "request": 27987.25,
        "reply": 8000.75,
        "forwarding": 2000.75
    },
    "request_message_count": 189,
    "route": [
        {
            "name": "Shortest Path",
            "route_node_count": 5,
            "route": [
                0,
                34,
                20,
                1,
                39
            ]
        },
        {
            "name": "DSRAlgorithm Path",
            "route_node_count": 5,
            "route": [
                0,
                34,
                30,
                14,
                39
            ]
        }
    ],
    "edges": [
        [
            0,
            16
        ],
        [
            0,
            34
        ],
        [
            1,
            7
        ],
        [
            1,
            20
        ],
        [
            1,
            39
        ],
        [
            2,
            6
        ],
        [
            2,
            7
        ],
        [
            2,
            19
        ],
        [
            2,
            22
        ],
        [
            2,
            37
        ],
        [
            3,
            6
        ],
        [
            3,
            10
        ],
        [
            3,
            21
        ],
        [
            3,
            24
        ],
        [
            3,
            30
        ],
        [
            4,
            5
        ],
        [
            4,
            24
        ],
        [
            4,
            27
        ],
        [
            4,
            36
        ],
        [
            5,
            15
        ],
        [
            6,
            21
        ],
        [
            6,
            28
        ],
        [
            6,
            36
        ],
        [
            7,
            10
        ],
        [
            7,
            15
        ],
        [
            7,
            24
        ],
        [
            8,
            14
        ],
        [
            8,
            17
        ],
        [
            8,
            22
        ],
        [
            8,
            25
        ],
        [
            8,
            34
        ],
        [
            8,
            38
        ],
        [
            9,
            14
        ],
        [
            9,
            16
        ],
        [
            9,
            28
        ],
        [
            10,
            22
        ],
        [
            11,
            13
        ],
        [
            11,
            15
        ],
        [
            11,
            17
        ],
        [
            11,
            21
        ],
        [
            11,
            22
        ],
        [
            11,
            38
        ],
        [
            11,
            39
        ],
        [
            12,
            14
        ],
        [
            12,
            15
        ],
        [
            12,
            16
        ],
        [
            12,
            21
        ],
        [
            12,
            29
        ],
        [
            12,
            33
        ],
        [
            13,
            19
        ],
        [
            13,
            21
        ],
        [
            13,
            37
        ],
        [
            14,
            18
        ],
        [
            14,
            24
        ],
        [
            14,
            30
        ],
        [
            14,
            38
        ],
        [
            14,
            39
        ],
        [
            15,
            24
        ],
        [
            15,
            25
        ],
        [
            15,
            28
        ],
        [
            15,
            36
        ],
        [
            15,
            37
        ],
        [
            16,
            22
        ],
        [
            16,
            23
        ],
        [
            18,
            24
        ],
        [
            18,
            33
        ],
        [
            19,
            32
        ],
        [
            19,
            36
        ],
        [
            20,
            25
        ],
        [
            20,
            34
        ],
        [
            21,
            25
        ],
        [
            22,
            27
        ],
        [
            22,
            35
        ],
        [
            23,
            29
        ],
        [
            23,
            34
        ],
        [
            24,
            25
        ],
        [
            24,
            39
        ],
        [
            25,
            29
        ],
        [
            25,
            33
        ],
        [
            26,
            27
        ],
        [
            26,
            31
        ],
        [
            26,
            34
        ],
        [
            27,
            28
        ],
        [
            27,
            30
        ],
        [
            27,
            35
        ],
        [
            27,
            36
        ],
        [
            28,
            31
        ],
        [
            29,
            30
        ],
        [
            29,
            31
        ],
        [
            29,
            37
        ],
        [
            30,
            33
        ],
        [
            30,
            34
        ],
        [
            30,
            37
        ],
        [
            31,
            35
        ],
        [
            34,
            37
        ],
        [
            35,
            38
        ],
        [
            38,
            39
        ]
    ]
}