{
    "total_node_number": 40,
    "probability_of_edge": 0.15,
    "time": {
        "request": 999.75,
        "reply": 7001.0,
        "forwarding": 17999.75
    },
    "request_message_count": 213,
    "route": [
        {
            "name": "Shortest Path",
            "route_node_count": 2,
            "route": [
                0,
                39
            ]
        },
        {
            "name": "DSRAlgorithm Path",
            "route_node_count": 2,
            "route": [
                0,
                39
            ]
        }
    ],
    "edges": [
        [
            0,
            3
        ],
        [
            0,
            4
        ],
        [
            0,
            7
        ],
        [
            0,
            39
        ],
        [
            1,
            4
        ],
        [
            1,
            9
        ],
        [
            1,
            13
        ],
        [
            1,
            28
        ],
        [
            2,
            13
        ],
        [
            2,
            18
        ],
        [
            2,
            22
        ],
        [
            2,
            23
        ],
        [
            2,
            30
        ],
        [
            2,
            37
        ],
        [
            3,
            9
        ],
        [
            3,
            11
        ],
        [
            4,
            17
        ],
        [
            4,
            33
        ],
        [
            5,
            11
        ],
        [
            5,
            19
        ],
        [
            5,
            20
        ],
        [
            5,
            26
        ],
        [
            5,
            39
        ],
        [
            6,
            21
        ],
        [
            6,
            22
        ],
        [
            6,
            26
        ],
        [
            6,
            34
        ],
        [
            7,
            10
        ],
        [
            7,
            12
        ],
        [
            7,
            14
        ],
        [
            7,
            22
        ],
        [
            7,
            34
        ],
        [
            7,
            35
        ],
        [
            7,
            38
        ],
        [
            8,
            21
        ],
        [
            8,
            38
        ],
        [
            9,
            10
        ],
        [
            9,
            16
        ],
        [
            9,
            23
        ],
        [
            9,
            35
        ],
        [
            9,
            39
        ],
        [
            10,
            14
        ],
        [
            10,
            28
        ],
        [
            11,
            12
        ],
        [
            11,
            17
        ],
        [
            11,
            19
        ],
        [
            11,
            25
        ],
        [
            11,
            35
        ],
        [
            11,
            36
        ],
        [
            12,
            15
        ],
        [
            12,
            17
        ],
        [
            12,
            22
        ],
        [
            12,
            25
        ],
        [
            12,
            33
        ],
        [
            13,
            14
        ],
        [
            13,
            20
        ],
        [
            14,
            15
        ],
        [
            14,
            19
        ],
        [
            14,
            23
        ],
        [
            14,
            29
        ],
        [
            14,
            32
        ],
        [
            15,
            19
        ],
        [
            15,
            27
        ],
        [
            15,
            39
        ],
        [
            16,
            19
        ],
        [
            16,
            28
        ],
        [
            16,
            33
        ],
        [
            17,
            18
        ],
        [
            17,
            20
        ],
        [
            17,
            24
        ],
        [
            17,
            25
        ],
        [
            17,
            33
        ],
        [
            17,
            35
        ],
        [
            18,
            26
        ],
        [
            18,
            33
        ],
        [
            18,
            38
        ],
        [
            19,
            20
        ],
        [
            19,
            21
        ],
        [
            19,
            24
        ],
        [
            19,
            31
        ],
        [
            19,
            36
        ],
        [
            20,
            32
        ],
        [
            20,
            39
        ],
        [
            21,
            35
        ],
        [
            21,
            37
        ],
        [
            22,
            24
        ],
        [
            23,
            25
        ],
        [
            23,
            30
        ],
        [
            24,
            29
        ],
        [
            24,
            37
        ],
        [
            25,
            27
        ],
        [
            25,
            28
        ],
        [
            25,
            30
        ],
        [
            26,
            34
        ],
        [
            26,
            37
        ],
        [
            27,
            34
        ],
        [
            27,
            35
        ],
        [
            27,
            36
        ],
        [
            27,
            37
        ],
        [
            27,
            39
        ],
        [
            28,
            32
        ],
        [
            28,
            36
        ],
        [
            29,
            36
        ],
        [
            31,
            39
        ],
        [
            32,
            36
        ],
        [
            33,
            36
        ],
        [
            33,
            37
        ],
        [
            33,
            38
        ],
        [
            34,
            37
        ],
        [
            36,
            39
        ],
        [
            38,
            39
        ]
    ]
}