{
    "total_node_number": 30,
    "probability_of_edge": 0.2,
    "time": {
        "request": 26002.75,
        "reply": 4000.0,
        "forwarding": 1000.0
    },
    "request_message_count": 157,
    "route": [
        {
            "name": "Shortest Path",
            "route_node_count": 4,
            "route": [
                0,
                2,
                16,
                29
            ]
        },
        {
            "name": "DSRAlgorithm Path",
            "route_node_count": 4,
            "route": [
                0,
                2,
                16,
                29
            ]
        }
    ],
    "edges": [
        [
            0,
            2
        ],
        [
            0,
            9
        ],
        [
            0,
            11
        ],
        [
            0,
            20
        ],
        [
            0,
            26
        ],
        [
            1,
            2
        ],
        [
            1,
            3
        ],
        [
            1,
            18
        ],
        [
            1,
            21
        ],
        [
            1,
            28
        ],
        [
            2,
            9
        ],
        [
            2,
            15
        ],
        [
            2,
            16
        ],
        [
            2,
            18
        ],
        [
            2,
            20
        ],
        [
            2,
            22
        ],
        [
            2,
            27
        ],
        [
            2,
            28
        ],
        [
            3,
            15
        ],
        [
            3,
            20
        ],
        [
            3,
            21
        ],
        [
            3,
            25
        ],
        [
            3,
            26
        ],
        [
            4,
            15
        ],
        [
            4,
            23
        ],
        [
            5,
            11
        ],
        [
            5,
            13
        ],
        [
            5,
            14
        ],
        [
            5,
            24
        ],
        [
            6,
            9
        ],
        [
            6,
            25
        ],
        [
            7,
            11
        ],
        [
            7,
            12
        ],
        [
            7,
            14
        ],
        [
            7,
            16
        ],
        [
            7,
            17
        ],
        [
            7,
            24
        ],
        [
            7,
            28
        ],
        [
            7,
            29
        ],
        [
            8,
            9
        ],
        [
            8,
            24
        ],
        [
            8,
            29
        ],
        [
            9,
            10
        ],
        [
            9,
            12
        ],
        [
            9,
            21
        ],
        [
            9,
            24
        ],
        [
            9,
            26
        ],
        [
            9,
            28
        ],
        [
            10,
            11
        ],
        [
            10,
            13
        ],
        [
            10,
            20
        ],
        [
            10,
            23
        ],
        [
            10,
            24
        ],
        [
            11,
            15
        ],
        [
            11,
            26
        ],
        [
            12,
            20
        ],
        [
            12,
            22
        ],
        [
            12,
            27
        ],
        [
            13,
            24
        ],
        [
            13,
            26
        ],
        [
            13,
            27
        ],
        [
            14,
            20
        ],
        [
            14,
            28
        ],
        [
            15,
            23
        ],
        [
            15,
            26
        ],
        [
            16,
            23
        ],
        [
            16,
            29
        ],
        [
            17,
            27
        ],
        [
            17,
            29
        ],
        [
            18,
            22
        ],
        [
            18,
            24
        ],
        [
            18,
            26
        ],
        [
            18,
            27
        ],
        [
            19,
            20
        ],
        [
            19,
            23
        ],
        [
            20,
            21
        ],
        [
            20,
            23
        ],
        [
            20,
            28
        ],
        [
            23,
            24
        ],
        [
            23,
            26
        ],
        [
            27,
            29
        ]
    ]
}