{
    "total_node_number": 30,
    "probability_of_edge": 0.2,
    "time": {
        "request": 21998.5,
        "reply": 6999.5,
        "forwarding": 1999.75
    },
    "request_message_count": 161,
    "route": [
        {
            "name": "Shortest Path",
            "route_node_count": 4,
            "route": [
                0,
                21,
                14,
                29
            ]
        },
        {
            "name": "DSRAlgorithm Path",
            "route_node_count": 4,
            "route": [
                0,
                27,
                28,
                29
            ]
        }
    ],
    "edges": [
        [
            0,
            4
        ],
        [
            0,
            8
        ],
        [
            0,
            21
        ],
        [
            0,
            23
        ],
        [
            0,
            27
        ],
        [
            1,
            2
        ],
        [
            1,
            6
        ],
        [
            1,
            10
        ],
        [
            2,
            11
        ],
        [
            2,
            13
        ],
        [
            2,
            23
        ],
        [
            2,
            26
        ],
        [
            2,
            29
        ],
        [
            3,
            5
        ],
        [
            3,
            8
        ],
        [
            3,
            16
        ],
        [
            3,
            18
        ],
        [
            4,
            6
        ],
        [
            4,
            7
        ],
        [
            4,
            15
        ],
        [
            4,
            23
        ],
        [
            5,
            7
        ],
        [
            5,
            9
        ],
        [
            5,
            18
        ],
        [
            5,
            21
        ],
        [
            5,
            24
        ],
        [
            5,
            26
        ],
        [
            5,
            27
        ],
        [
            5,
            28
        ],
        [
            6,
            8
        ],
        [
            6,
            18
        ],
        [
            6,
            23
        ],
        [
            7,
            9
        ],
        [
            7,
            11
        ],
        [
            7,
            18
        ],
        [
            7,
            23
        ],
        [
            7,
            25
        ],
        [
            7,
            27
        ],
        [
            8,
            15
        ],
        [
            8,
            16
        ],
        [
            8,
            17
        ],
        [
            8,
            20
        ],
        [
            8,
            24
        ],
        [
            9,
            19
        ],
        [
            9,
            26
        ],
        [
            10,
            18
        ],
        [
            10,
            28
        ],
        [
            10,
            29
        ],
        [
            11,
            15
        ],
        [
            11,
            27
        ],
        [
            12,
            15
        ],
        [
            12,
            23
        ],
        [
            12,
            24
        ],
        [
            13,
            16
        ],
        [
            13,
            17
        ],
        [
            13,
            20
        ],
        [
            13,
            27
        ],
        [
            14,
            21
        ],
        [
            14,
            27
        ],
        [
            14,
            29
        ],
        [
            15,
            26
        ],
        [
            16,
            21
        ],
        [
            16,
            25
        ],
        [
            16,
            27
        ],
        [
            16,
            28
        ],
        [
            17,
            19
        ],
        [
            17,
            25
        ],
        [
            17,
            27
        ],
        [
            18,
            19
        ],
        [
            18,
            22
        ],
        [
            19,
            22
        ],
        [
            19,
            23
        ],
        [
            19,
            29
        ],
        [
            20,
            21
        ],
        [
            20,
            26
        ],
        [
            21,
            25
        ],
        [
            22,
            23
        ],
        [
            22,
            24
        ],
        [
            22,
            25
        ],
        [
            25,
            26
        ],
        [
            25,
            27
        ],
        [
            27,
            28
        ],
        [
            28,
            29
        ]
    ]
}