{
    "total_node_number": 40,
    "probability_of_edge": 0.15,
    "time": {
        "request": 8999.25,
        "reply": 26999.5,
        "forwarding": 1001.25
    },
    "request_message_count": 194,
    "route": [
        {
            "name": "Shortest Path",
            "route_node_count": 3,
            "route": [
                0,
                11,
                39
            ]
        },
        {
            "name": "DSRAlgorithm Path",
            "route_node_count": 3,
            "route": [
                0,
                12,
                39
            ]
        }
    ],
    "edges": [
        [
            0,
            11
        ],
        [
            0,
            12
        ],
        [
            0,
            14
        ],
        [
            0,
            21
        ],
        [
            0,
            27
        ],
        [
            0,
            30
        ],
        [
            0,
            35
        ],
        [
            0,
            37
        ],
        [
            1,
            10
        ],
        [
            1,
            28
        ],
        [
            1,
            35
        ],
        [
            1,
            36
        ],
        [
            1,
            37
        ],
        [
            2,
            13
        ],
        [
            2,
            22
        ],
        [
            2,
            29
        ],
        [
            2,
            35
        ],
        [
            3,
            12
        ],
        [
            3,
            21
        ],
        [
            3,
            24
        ],
        [
            3,
            25
        ],
        [
            3,
            28
        ],
        [
            3,
            29
        ],
        [
            3,
            33
        ],
        [
            4,
            8
        ],
        [
            4,
            12
        ],
        [
            4,
            27
        ],
        [
            4,
            29
        ],
        [
            5,
            26
        ],
        [
            5,
            36
        ],
        [
            5,
            39
        ],
        [
            6,
            7
        ],
        [
            6,
            18
        ],
        [
            6,
            20
        ],
        [
            6,
            26
        ],
        [
            6,
            27
        ],
        [
            7,
            13
        ],
        [
            7,
            16
        ],
        [
            7,
            34
        ],
        [
            8,
            14
        ],
        [
            8,
            24
        ],
        [
            8,
            29
        ],
        [
            8,
            32
        ],
        [
            8,
            34
        ],
        [
            9,
            14
        ],
        [
            9,
            26
        ],
        [
            9,
            39
        ],
        [
            10,
            24
        ],
        [
            10,
            30
        ],
        [
            10,
            34
        ],
        [
            11,
            22
        ],
        [
            11,
            24
        ],
        [
            11,
            27
        ],
        [
            11,
            39
        ],
        [
            12,
            32
        ],
        [
            12,
            34
        ],
        [
            12,
            39
        ],
        [
            13,
            14
        ],
        [
            13,
            29
        ],
        [
            13,
            36
        ],
        [
            14,
            19
        ],
        [
            14,
            20
        ],
        [
            14,
            26
        ],
        [
            15,
            20
        ],
        [
            15,
            23
        ],
        [
            15,
            31
        ],
        [
            15,
            35
        ],
        [
            15,
            36
        ],
        [
            16,
            21
        ],
        [
            16,
            36
        ],
        [
            16,
            38
        ],
        [
            17,
            34
        ],
        [
            17,
            39
        ],
        [
            18,
            25
        ],
        [
            18,
            28
        ],
        [
            18,
            32
        ],
        [
            18,
            34
        ],
        [
            19,
            36
        ],
        [
            19,
            38
        ],
        [
            20,
            21
        ],
        [
            20,
            31
        ],
        [
            20,
            35
        ],
        [
            21,
            31
        ],
        [
            21,
            33
        ],
        [
            22,
            25
        ],
        [
            22,
            34
        ],
        [
            22,
            37
        ],
        [
            23,
            24
        ],
        [
            23,
            38
        ],
        [
            24,
            36
        ],
        [
            25,
            28
        ],
        [
            25,
            29
        ],
        [
            25,
            30
        ],
        [
            29,
            32
        ],
        [
            30,
            36
        ],
        [
            31,
            38
        ],
        [
            32,
            35
        ],
        [
            35,
            39
        ],
        [
            36,
            38
        ],
        [
            37,
            39
        ],
        [
            38,
            39
        ]
    ]
}