{
    "total_node_number": 40,
    "probability_of_edge": 0.1,
    "time": {
        "request": 12997.25,
        "reply": 18000.5,
        "forwarding": 999.75
    },
    "request_message_count": 157,
    "route": [
        {
            "name": "Shortest Path",
            "route_node_count": 4,
            "route": [
                0,
                12,
                31,
                39
            ]
        },
        {
            "name": "DSRAlgorithm Path",
            "route_node_count": 4,
            "route": [
                0,
                12,
                31,
                39
            ]
        }
    ],
    "edges": [
        [
            0,
            12
        ],
        [
            0,
            25
        ],
        [
            1,
            4
        ],
        [
            1,
            10
        ],
        [
            1,
            25
        ],
        [
            1,
            33
        ],
        [
            1,
            34
        ],
        [
            2,
            6
        ],
        [
            2,
            39
        ],
        [
            3,
            11
        ],
        [
            3,
            16
        ],
        [
            3,
            19
        ],
        [
            3,
            22
        ],
        [
            3,
            25
        ],
        [
            4,
            7
        ],
        [
            4,
            11
        ],
        [
            4,
            24
        ],
        [
            4,
            27
        ],
        [
            5,
            20
        ],
        [
            5,
            22
        ],
        [
            5,
            23
        ],
        [
            5,
            29
        ],
        [
            5,
            34
        ],
        [
            6,
            7
        ],
        [
            6,
            17
        ],
        [
            6,
            26
        ],
        [
            6,
            31
        ],
        [
            6,
            34
        ],
        [
            6,
            36
        ],
        [
            6,
            37
        ],
        [
            6,
            39
        ],
        [
            7,
            12
        ],
        [
            7,
            22
        ],
        [
            7,
            25
        ],
        [
            7,
            38
        ],
        [
            8,
            10
        ],
        [
            8,
            19
        ],
        [
            8,
            27
        ],
        [
            8,
            30
        ],
        [
            8,
            35
        ],
        [
            9,
            21
        ],
        [
            9,
            22
        ],
        [
            10,
            23
        ],
        [
            10,
            29
        ],
        [
            10,
            30
        ],
        [
            11,
            24
        ],
        [
            11,
            32
        ],
        [
            12,
            17
        ],
        [
            12,
            24
        ],
        [
            12,
            31
        ],
        [
            13,
            39
        ],
        [
            14,
            20
        ],
        [
            14,
            25
        ],
        [
            14,
            35
        ],
        [
            15,
            17
        ],
        [
            15,
            37
        ],
        [
            16,
            37
        ],
        [
            16,
            38
        ],
        [
            17,
            19
        ],
        [
            17,
            24
        ],
        [
            17,
            27
        ],
        [
            18,
            21
        ],
        [
            18,
            31
        ],
        [
            18,
            32
        ],
        [
            18,
            38
        ],
        [
            19,
            31
        ],
        [
            20,
            22
        ],
        [
            20,
            30
        ],
        [
            20,
            38
        ],
        [
            21,
            25
        ],
        [
            21,
            36
        ],
        [
            23,
            26
        ],
        [
            23,
            37
        ],
        [
            24,
            31
        ],
        [
            25,
            37
        ],
        [
            27,
            36
        ],
        [
            28,
            36
        ],
        [
            30,
            34
        ],
        [
            31,
            39
        ],
        [
            33,
            34
        ],
        [
            33,
            38
        ]
    ]
}