{
    "total_node_number": 30,
    "probability_of_edge": 0.2,
    "time": {
        "request": 16000.25,
        "reply": 11001.0,
        "forwarding": 1002.75
    },
    "request_message_count": 155,
    "route": [
        {
            "name": "Shortest Path",
            "route_node_count": 4,
            "route": [
                0,
                8,
                1,
                29
            ]
        },
        {
            "name": "DSRAlgorithm Path",
            "route_node_count": 4,
            "route": [
                0,
                8,
                1,
                29
            ]
        }
    ],
    "edges": [
        [
            0,
            8
        ],
        [
            0,
            14
        ],
        [
            0,
            18
        ],
        [
            0,
            24
        ],
        [
            1,
            3
        ],
        [
            1,
            6
        ],
        [
            1,
            8
        ],
        [
            1,
            13
        ],
        [
            1,
            17
        ],
        [
            1,
            29
        ],
        [
            2,
            5
        ],
        [
            2,
            9
        ],
        [
            2,
            11
        ],
        [
            2,
            13
        ],
        [
            3,
            5
        ],
        [
            3,
            19
        ],
        [
            3,
            21
        ],
        [
            3,
            27
        ],
        [
            4,
            11
        ],
        [
            4,
            15
        ],
        [
            4,
            20
        ],
        [
            4,
            22
        ],
        [
            4,
            23
        ],
        [
            4,
            27
        ],
        [
            5,
            12
        ],
        [
            5,
            13
        ],
        [
            5,
            14
        ],
        [
            5,
            23
        ],
        [
            5,
            24
        ],
        [
            5,
            26
        ],
        [
            6,
            9
        ],
        [
            6,
            13
        ],
        [
            6,
            14
        ],
        [
            6,
            20
        ],
        [
            6,
            22
        ],
        [
            6,
            28
        ],
        [
            7,
            9
        ],
        [
            7,
            28
        ],
        [
            8,
            24
        ],
        [
            8,
            26
        ],
        [
            9,
            20
        ],
        [
            9,
            23
        ],
        [
            9,
            29
        ],
        [
            10,
            14
        ],
        [
            10,
            17
        ],
        [
            10,
            20
        ],
        [
            10,
            21
        ],
        [
            10,
            23
        ],
        [
            10,
            28
        ],
        [
            11,
            17
        ],
        [
            11,
            24
        ],
        [
            12,
            16
        ],
        [
            12,
            29
        ],
        [
            13,
            24
        ],
        [
            14,
            16
        ],
        [
            14,
            28
        ],
        [
            15,
            18
        ],
        [
            15,
            19
        ],
        [
            15,
            24
        ],
        [
            16,
            19
        ],
        [
            16,
            22
        ],
        [
            16,
            24
        ],
        [
            16,
            28
        ],
        [
            17,
            24
        ],
        [
            18,
            21
        ],
        [
            18,
            24
        ],
        [
            18,
            26
        ],
        [
            18,
            28
        ],
        [
            19,
            22
        ],
        [
            20,
            21
        ],
        [
            20,
            24
        ],
        [
            20,
            25
        ],
        [
            21,
            23
        ],
        [
            21,
            24
        ],
        [
            22,
            25
        ],
        [
            23,
            29
        ],
        [
            24,
            26
        ],
        [
            24,
            28
        ],
        [
            25,
            29
        ],
        [
            27,
            28
        ]
    ]
}