{
    "total_node_number": 30,
    "probability_of_edge": 0.2,
    "time": {
        "request": 2978.25,
        "reply": 10000.5,
        "forwarding": 13001.0
    },
    "request_message_count": 164,
    "route": [
        {
            "name": "Shortest Path",
            "route_node_count": 2,
            "route": [
                0,
                29
            ]
        },
        {
            "name": "DSRAlgorithm Path",
            "route_node_count": 2,
            "route": [
                0,
                29
            ]
        }
    ],
    "edges": [
        [
            0,
            5
        ],
        [
            0,
            6
        ],
        [
            0,
            10
        ],
        [
            0,
            19
        ],
        [
            0,
            24
        ],
        [
            0,
            27
        ],
        [
            0,
            29
        ],
        [
            1,
            4
        ],
        [
            1,
            7
        ],
        [
            1,
            9
        ],
        [
            1,
            12
        ],
        [
            1,
            21
        ],
        [
            1,
            27
        ],
        [
            2,
            5
        ],
        [
            2,
            12
        ],
        [
            2,
            18
        ],
        [
            2,
            19
        ],
        [
            2,
            22
        ],
        [
            2,
            27
        ],
        [
            3,
            14
        ],
        [
            3,
            19
        ],
        [
            3,
            24
        ],
        [
            3,
            29
        ],
        [
            4,
            9
        ],
        [
            4,
            11
        ],
        [
            4,
            15
        ],
        [
            4,
            29
        ],
        [
            5,
            14
        ],
        [
            5,
            20
        ],
        [
            5,
            21
        ],
        [
            5,
            26
        ],
        [
            6,
            14
        ],
        [
            6,
            20
        ],
        [
            6,
            23
        ],
        [
            6,
            27
        ],
        [
            7,
            8
        ],
        [
            7,
            12
        ],
        [
            7,
            21
        ],
        [
            8,
            13
        ],
        [
            8,
            18
        ],
        [
            8,
            24
        ],
        [
            9,
            11
        ],
        [
            9,
            14
        ],
        [
            9,
            20
        ],
        [
            9,
            24
        ],
        [
            9,
            25
        ],
        [
            10,
            14
        ],
        [
            10,
            16
        ],
        [
            10,
            17
        ],
        [
            10,
            24
        ],
        [
            11,
            12
        ],
        [
            11,
            13
        ],
        [
            11,
            28
        ],
        [
            11,
            29
        ],
        [
            12,
            13
        ],
        [
            12,
            14
        ],
        [
            12,
            17
        ],
        [
            12,
            19
        ],
        [
            12,
            20
        ],
        [
            12,
            23
        ],
        [
            13,
            17
        ],
        [
            13,
            26
        ],
        [
            13,
            27
        ],
        [
            13,
            29
        ],
        [
            14,
            15
        ],
        [
            14,
            22
        ],
        [
            14,
            23
        ],
        [
            15,
            20
        ],
        [
            15,
            28
        ],
        [
            16,
            21
        ],
        [
            16,
            24
        ],
        [
            16,
            27
        ],
        [
            18,
            23
        ],
        [
            18,
            24
        ],
        [
            18,
            26
        ],
        [
            19,
            22
        ],
        [
            19,
            23
        ],
        [
            19,
            25
        ],
        [
            19,
            27
        ],
        [
            21,
            22
        ],
        [
            21,
            28
        ],
        [
            23,
            24
        ],
        [
            23,
            26
        ],
        [
            23,
            29
        ],
        [
            24,
            26
        ]
    ]
}