{
    "total_node_number": 40,
    "probability_of_edge": 0.1,
    "time": {
        "request": 6000.0,
        "reply": 23000.75,
        "forwarding": 2999.75
    },
    "request_message_count": 175,
    "route": [
        {
            "name": "Shortest Path",
            "route_node_count": 3,
            "route": [
                0,
                18,
                39
            ]
        },
        {
            "name": "DSRAlgorithm Path",
            "route_node_count": 3,
            "route": [
                0,
                18,
                39
            ]
        }
    ],
    "edges": [
        [
            0,
            11
        ],
        [
            0,
            12
        ],
        [
            0,
            18
        ],
        [
            0,
            34
        ],
        [
            1,
            14
        ],
        [
            1,
            18
        ],
        [
            1,
            23
        ],
        [
            1,
            24
        ],
        [
            1,
            29
        ],
        [
            1,
            38
        ],
        [
            2,
            4
        ],
        [
            2,
            10
        ],
        [
            2,
            15
        ],
        [
            2,
            18
        ],
        [
            3,
            17
        ],
        [
            3,
            29
        ],
        [
            3,
            39
        ],
        [
            4,
            12
        ],
        [
            4,
            15
        ],
        [
            4,
            20
        ],
        [
            4,
            23
        ],
        [
            4,
            35
        ],
        [
            4,
            37
        ],
        [
            4,
            38
        ],
        [
            5,
            17
        ],
        [
            5,
            20
        ],
        [
            5,
            27
        ],
        [
            5,
            28
        ],
        [
            6,
            24
        ],
        [
            6,
            30
        ],
        [
            7,
            11
        ],
        [
            7,
            15
        ],
        [
            7,
            23
        ],
        [
            7,
            28
        ],
        [
            7,
            34
        ],
        [
            7,
            39
        ],
        [
            8,
            24
        ],
        [
            9,
            26
        ],
        [
            9,
            28
        ],
        [
            9,
            33
        ],
        [
            9,
            36
        ],
        [
            10,
            16
        ],
        [
            10,
            17
        ],
        [
            10,
            24
        ],
        [
            10,
            25
        ],
        [
            10,
            36
        ],
        [
            11,
            24
        ],
        [
            11,
            25
        ],
        [
            11,
            31
        ],
        [
            11,
            37
        ],
        [
            12,
            13
        ],
        [
            12,
            23
        ],
        [
            13,
            19
        ],
        [
            13,
            29
        ],
        [
            13,
            31
        ],
        [
            13,
            37
        ],
        [
            14,
            18
        ],
        [
            14,
            23
        ],
        [
            14,
            29
        ],
        [
            14,
            30
        ],
        [
            15,
            27
        ],
        [
            15,
            33
        ],
        [
            16,
            19
        ],
        [
            17,
            20
        ],
        [
            17,
            21
        ],
        [
            17,
            28
        ],
        [
            18,
            23
        ],
        [
            18,
            32
        ],
        [
            18,
            36
        ],
        [
            18,
            37
        ],
        [
            18,
            39
        ],
        [
            20,
            23
        ],
        [
            20,
            26
        ],
        [
            20,
            28
        ],
        [
            22,
            33
        ],
        [
            22,
            34
        ],
        [
            23,
            25
        ],
        [
            24,
            28
        ],
        [
            24,
            30
        ],
        [
            24,
            37
        ],
        [
            25,
            33
        ],
        [
            25,
            34
        ],
        [
            26,
            31
        ],
        [
            26,
            38
        ],
        [
            30,
            34
        ],
        [
            30,
            35
        ],
        [
            32,
            34
        ],
        [
            33,
            38
        ],
        [
            34,
            37
        ]
    ]
}