{
    "total_node_number": 40,
    "probability_of_edge": 0.1,
    "time": {
        "request": 19002.25,
        "reply": 13999.25,
        "forwarding": 1000.5
    },
    "request_message_count": 163,
    "route": [
        {
            "name": "Shortest Path",
            "route_node_count": 4,
            "route": [
                0,
                10,
                21,
                39
            ]
        },
        {
            "name": "DSRAlgorithm Path",
            "route_node_count": 4,
            "route": [
                0,
                35,
                27,
                39
            ]
        }
    ],
    "edges": [
        [
            0,
            10
        ],
        [
            0,
            13
        ],
        [
            0,
            20
        ],
        [
            0,
            34
        ],
        [
            0,
            35
        ],
        [
            0,
            36
        ],
        [
            1,
            10
        ],
        [
            1,
            12
        ],
        [
            1,
            21
        ],
        [
            1,
            24
        ],
        [
            1,
            38
        ],
        [
            2,
            31
        ],
        [
            3,
            29
        ],
        [
            3,
            31
        ],
        [
            4,
            11
        ],
        [
            4,
            12
        ],
        [
            4,
            17
        ],
        [
            4,
            37
        ],
        [
            5,
            14
        ],
        [
            5,
            15
        ],
        [
            5,
            22
        ],
        [
            5,
            34
        ],
        [
            6,
            12
        ],
        [
            6,
            14
        ],
        [
            6,
            17
        ],
        [
            6,
            28
        ],
        [
            6,
            34
        ],
        [
            6,
            35
        ],
        [
            6,
            37
        ],
        [
            6,
            39
        ],
        [
            7,
            11
        ],
        [
            7,
            28
        ],
        [
            7,
            35
        ],
        [
            7,
            37
        ],
        [
            8,
            22
        ],
        [
            9,
            16
        ],
        [
            9,
            26
        ],
        [
            9,
            34
        ],
        [
            10,
            21
        ],
        [
            10,
            30
        ],
        [
            10,
            31
        ],
        [
            10,
            36
        ],
        [
            11,
            31
        ],
        [
            11,
            34
        ],
        [
            11,
            38
        ],
        [
            12,
            15
        ],
        [
            12,
            17
        ],
        [
            12,
            18
        ],
        [
            14,
            19
        ],
        [
            14,
            39
        ],
        [
            15,
            28
        ],
        [
            15,
            30
        ],
        [
            16,
            19
        ],
        [
            16,
            20
        ],
        [
            16,
            23
        ],
        [
            16,
            32
        ],
        [
            16,
            39
        ],
        [
            17,
            18
        ],
        [
            17,
            20
        ],
        [
            17,
            21
        ],
        [
            17,
            24
        ],
        [
            18,
            29
        ],
        [
            19,
            20
        ],
        [
            19,
            26
        ],
        [
            19,
            38
        ],
        [
            20,
            37
        ],
        [
            21,
            23
        ],
        [
            21,
            39
        ],
        [
            23,
            24
        ],
        [
            25,
            32
        ],
        [
            26,
            27
        ],
        [
            26,
            28
        ],
        [
            26,
            30
        ],
        [
            27,
            28
        ],
        [
            27,
            30
        ],
        [
            27,
            35
        ],
        [
            27,
            39
        ],
        [
            28,
            39
        ],
        [
            29,
            38
        ],
        [
            29,
            39
        ],
        [
            30,
            34
        ],
        [
            31,
            37
        ],
        [
            32,
            34
        ],
        [
            33,
            39
        ],
        [
            34,
            35
        ],
        [
            36,
            37
        ]
    ]
}