{
    "total_node_number": 40,
    "probability_of_edge": 0.1,
    "time": {
        "request": 9000.25,
        "reply": 25999.75,
        "forwarding": 999.5
    },
    "request_message_count": 187,
    "route": [
        {
            "name": "Shortest Path",
            "route_node_count": 4,
            "route": [
                0,
                37,
                10,
                39
            ]
        },
        {
            "name": "DSRAlgorithm Path",
            "route_node_count": 4,
            "route": [
                0,
                37,
                10,
                39
            ]
        }
    ],
    "edges": [
        [
            0,
            8
        ],
        [
            0,
            21
        ],
        [
            0,
            27
        ],
        [
            0,
            37
        ],
        [
            1,
            2
        ],
        [
            1,
            4
        ],
        [
            1,
            7
        ],
        [
            1,
            9
        ],
        [
            1,
            14
        ],
        [
            1,
            28
        ],
        [
            1,
            35
        ],
        [
            1,
            36
        ],
        [
            2,
            20
        ],
        [
            2,
            31
        ],
        [
            2,
            36
        ],
        [
            3,
            5
        ],
        [
            3,
            7
        ],
        [
            3,
            9
        ],
        [
            3,
            12
        ],
        [
            3,
            20
        ],
        [
            3,
            21
        ],
        [
            3,
            26
        ],
        [
            3,
            30
        ],
        [
            4,
            8
        ],
        [
            4,
            16
        ],
        [
            4,
            26
        ],
        [
            5,
            11
        ],
        [
            5,
            20
        ],
        [
            5,
            22
        ],
        [
            6,
            15
        ],
        [
            6,
            31
        ],
        [
            6,
            32
        ],
        [
            6,
            33
        ],
        [
            7,
            9
        ],
        [
            7,
            13
        ],
        [
            7,
            18
        ],
        [
            7,
            22
        ],
        [
            8,
            21
        ],
        [
            8,
            22
        ],
        [
            8,
            30
        ],
        [
            8,
            31
        ],
        [
            8,
            32
        ],
        [
            9,
            13
        ],
        [
            9,
            17
        ],
        [
            9,
            28
        ],
        [
            9,
            29
        ],
        [
            9,
            33
        ],
        [
            10,
            11
        ],
        [
            10,
            29
        ],
        [
            10,
            37
        ],
        [
            10,
            39
        ],
        [
            12,
            14
        ],
        [
            12,
            19
        ],
        [
            12,
            27
        ],
        [
            12,
            28
        ],
        [
            12,
            33
        ],
        [
            12,
            37
        ],
        [
            13,
            15
        ],
        [
            13,
            29
        ],
        [
            13,
            32
        ],
        [
            13,
            38
        ],
        [
            14,
            18
        ],
        [
            14,
            21
        ],
        [
            14,
            33
        ],
        [
            14,
            35
        ],
        [
            15,
            24
        ],
        [
            16,
            26
        ],
        [
            16,
            29
        ],
        [
            16,
            36
        ],
        [
            18,
            19
        ],
        [
            18,
            23
        ],
        [
            19,
            25
        ],
        [
            19,
            33
        ],
        [
            20,
            37
        ],
        [
            20,
            38
        ],
        [
            21,
            28
        ],
        [
            22,
            30
        ],
        [
            22,
            31
        ],
        [
            22,
            33
        ],
        [
            23,
            31
        ],
        [
            23,
            34
        ],
        [
            24,
            35
        ],
        [
            24,
            38
        ],
        [
            25,
            28
        ],
        [
            27,
            32
        ],
        [
            28,
            29
        ],
        [
            28,
            34
        ],
        [
            29,
            33
        ],
        [
            29,
            38
        ],
        [
            31,
            38
        ],
        [
            32,
            36
        ],
        [
            33,
            36
        ],
        [
            35,
            36
        ],
        [
            36,
            37
        ]
    ]
}