{
    "total_node_number": 40,
    "probability_of_edge": 0.1,
    "time": {
        "request": 19001.25,
        "reply": 9000.5,
        "forwarding": 1001.25
    },
    "request_message_count": 159,
    "route": [
        {
            "name": "Shortest Path",
            "route_node_count": 4,
            "route": [
                0,
                11,
                30,
                39
            ]
        },
        {
            "name": "DSRAlgorithm Path",
            "route_node_count": 4,
            "route": [
                0,
                11,
                30,
                39
            ]
        }
    ],
    "edges": [
        [
            0,
            3
        ],
        [
            0,
            11
        ],
        [
            0,
            20
        ],
        [
            1,
            9
        ],
        [
            1,
            17
        ],
        [
            1,
            24
        ],
        [
            2,
            10
        ],
        [
            2,
            39
        ],
        [
            3,
            12
        ],
        [
            3,
            22
        ],
        [
            3,
            24
        ],
        [
            3,
            26
        ],
        [
            3,
            32
        ],
        [
            3,
            36
        ],
        [
            4,
            6
        ],
        [
            4,
            15
        ],
        [
            4,
            23
        ],
        [
            4,
            24
        ],
        [
            5,
            23
        ],
        [
            5,
            25
        ],
        [
            5,
            28
        ],
        [
            5,
            33
        ],
        [
            6,
            15
        ],
        [
            6,
            29
        ],
        [
            6,
            35
        ],
        [
            7,
            10
        ],
        [
            7,
            23
        ],
        [
            7,
            26
        ],
        [
            7,
            32
        ],
        [
            8,
            32
        ],
        [
            8,
            37
        ],
        [
            9,
            13
        ],
        [
            9,
            18
        ],
        [
            9,
            28
        ],
        [
            9,
            32
        ],
        [
            10,
            12
        ],
        [
            10,
            25
        ],
        [
            10,
            28
        ],
        [
            10,
            31
        ],
        [
            10,
            38
        ],
        [
            11,
            23
        ],
        [
            11,
            28
        ],
        [
            11,
            30
        ],
        [
            11,
            32
        ],
        [
            11,
            35
        ],
        [
            12,
            25
        ],
        [
            12,
            26
        ],
        [
            12,
            27
        ],
        [
            13,
            17
        ],
        [
            13,
            32
        ],
        [
            13,
            38
        ],
        [
            14,
            29
        ],
        [
            14,
            30
        ],
        [
            14,
            31
        ],
        [
            14,
            36
        ],
        [
            14,
            37
        ],
        [
            14,
            39
        ],
        [
            15,
            16
        ],
        [
            15,
            21
        ],
        [
            15,
            34
        ],
        [
            17,
            19
        ],
        [
            17,
            24
        ],
        [
            17,
            33
        ],
        [
            17,
            36
        ],
        [
            17,
            37
        ],
        [
            20,
            21
        ],
        [
            20,
            33
        ],
        [
            21,
            23
        ],
        [
            22,
            29
        ],
        [
            22,
            36
        ],
        [
            22,
            37
        ],
        [
            23,
            29
        ],
        [
            23,
            31
        ],
        [
            24,
            36
        ],
        [
            26,
            28
        ],
        [
            27,
            28
        ],
        [
            27,
            36
        ],
        [
            28,
            30
        ],
        [
            28,
            32
        ],
        [
            30,
            39
        ],
        [
            33,
            36
        ]
    ]
}