{
    "total_node_number": 40,
    "probability_of_edge": 0.1,
    "time": {
        "request": 16000.25,
        "reply": 13000.25,
        "forwarding": 1001.25
    },
    "request_message_count": 149,
    "route": [
        {
            "name": "Shortest Path",
            "route_node_count": 4,
            "route": [
                0,
                6,
                8,
                39
            ]
        },
        {
            "name": "DSRAlgorithm Path",
            "route_node_count": 4,
            "route": [
                0,
                10,
                14,
                39
            ]
        }
    ],
    "edges": [
        [
            0,
            6
        ],
        [
            0,
            9
        ],
        [
            0,
            10
        ],
        [
            0,
            33
        ],
        [
            1,
            2
        ],
        [
            1,
            19
        ],
        [
            1,
            27
        ],
        [
            1,
            29
        ],
        [
            2,
            5
        ],
        [
            2,
            29
        ],
        [
            2,
            39
        ],
        [
            3,
            13
        ],
        [
            3,
            17
        ],
        [
            3,
            22
        ],
        [
            4,
            12
        ],
        [
            4,
            13
        ],
        [
            4,
            21
        ],
        [
            4,
            24
        ],
        [
            5,
            8
        ],
        [
            5,
            25
        ],
        [
            5,
            31
        ],
        [
            5,
            38
        ],
        [
            6,
            8
        ],
        [
            6,
            16
        ],
        [
            6,
            32
        ],
        [
            6,
            35
        ],
        [
            7,
            13
        ],
        [
            7,
            34
        ],
        [
            8,
            13
        ],
        [
            8,
            24
        ],
        [
            8,
            34
        ],
        [
            8,
            39
        ],
        [
            9,
            16
        ],
        [
            9,
            18
        ],
        [
            9,
            34
        ],
        [
            10,
            14
        ],
        [
            10,
            22
        ],
        [
            10,
            38
        ],
        [
            11,
            14
        ],
        [
            11,
            34
        ],
        [
            12,
            20
        ],
        [
            13,
            21
        ],
        [
            13,
            24
        ],
        [
            13,
            28
        ],
        [
            13,
            34
        ],
        [
            14,
            15
        ],
        [
            14,
            23
        ],
        [
            14,
            26
        ],
        [
            14,
            39
        ],
        [
            15,
            21
        ],
        [
            16,
            18
        ],
        [
            16,
            29
        ],
        [
            16,
            33
        ],
        [
            17,
            37
        ],
        [
            18,
            20
        ],
        [
            18,
            23
        ],
        [
            18,
            26
        ],
        [
            18,
            30
        ],
        [
            18,
            36
        ],
        [
            19,
            35
        ],
        [
            20,
            33
        ],
        [
            21,
            39
        ],
        [
            22,
            30
        ],
        [
            22,
            31
        ],
        [
            22,
            36
        ],
        [
            23,
            25
        ],
        [
            23,
            30
        ],
        [
            23,
            35
        ],
        [
            24,
            26
        ],
        [
            25,
            35
        ],
        [
            25,
            37
        ],
        [
            26,
            30
        ],
        [
            27,
            30
        ],
        [
            28,
            32
        ],
        [
            29,
            39
        ],
        [
            31,
            38
        ],
        [
            33,
            36
        ]
    ]
}