{
    "total_node_number": 40,
    "probability_of_edge": 0.1,
    "time": {
        "request": 22000.0,
        "reply": 9001.75,
        "forwarding": 1000.75
    },
    "request_message_count": 169,
    "route": [
        {
            "name": "Shortest Path",
            "route_node_count": 4,
            "route": [
                0,
                22,
                15,
                39
            ]
        },
        {
            "name": "DSRAlgorithm Path",
            "route_node_count": 4,
            "route": [
                0,
                22,
                15,
                39
            ]
        }
    ],
    "edges": [
        [
            0,
            6
        ],
        [
            0,
            8
        ],
        [
            0,
            22
        ],
        [
            0,
            27
        ],
        [
            0,
            29
        ],
        [
            1,
            2
        ],
        [
            1,
            14
        ],
        [
            1,
            15
        ],
        [
            1,
            18
        ],
        [
            1,
            27
        ],
        [
            1,
            32
        ],
        [
            1,
            38
        ],
        [
            2,
            21
        ],
        [
            2,
            28
        ],
        [
            2,
            32
        ],
        [
            3,
            10
        ],
        [
            3,
            14
        ],
        [
            3,
            21
        ],
        [
            3,
            33
        ],
        [
            4,
            16
        ],
        [
            4,
            21
        ],
        [
            4,
            23
        ],
        [
            4,
            25
        ],
        [
            4,
            32
        ],
        [
            4,
            35
        ],
        [
            5,
            20
        ],
        [
            5,
            22
        ],
        [
            5,
            36
        ],
        [
            6,
            20
        ],
        [
            6,
            26
        ],
        [
            6,
            31
        ],
        [
            6,
            34
        ],
        [
            7,
            12
        ],
        [
            7,
            31
        ],
        [
            8,
            10
        ],
        [
            8,
            16
        ],
        [
            9,
            10
        ],
        [
            9,
            27
        ],
        [
            10,
            34
        ],
        [
            10,
            35
        ],
        [
            11,
            22
        ],
        [
            11,
            26
        ],
        [
            11,
            28
        ],
        [
            11,
            31
        ],
        [
            11,
            37
        ],
        [
            12,
            14
        ],
        [
            12,
            27
        ],
        [
            13,
            22
        ],
        [
            13,
            34
        ],
        [
            14,
            22
        ],
        [
            14,
            29
        ],
        [
            14,
            33
        ],
        [
            15,
            22
        ],
        [
            15,
            39
        ],
        [
            16,
            18
        ],
        [
            16,
            23
        ],
        [
            16,
            34
        ],
        [
            16,
            36
        ],
        [
            17,
            30
        ],
        [
            18,
            38
        ],
        [
            19,
            21
        ],
        [
            19,
            25
        ],
        [
            19,
            34
        ],
        [
            19,
            35
        ],
        [
            20,
            25
        ],
        [
            20,
            26
        ],
        [
            20,
            27
        ],
        [
            20,
            35
        ],
        [
            21,
            25
        ],
        [
            22,
            29
        ],
        [
            22,
            32
        ],
        [
            22,
            34
        ],
        [
            23,
            26
        ],
        [
            23,
            35
        ],
        [
            24,
            26
        ],
        [
            24,
            36
        ],
        [
            25,
            26
        ],
        [
            27,
            34
        ],
        [
            28,
            37
        ],
        [
            29,
            31
        ],
        [
            29,
            34
        ],
        [
            30,
            37
        ],
        [
            31,
            34
        ],
        [
            32,
            38
        ],
        [
            34,
            36
        ]
    ]
}