{
    "total_node_number": 40,
    "probability_of_edge": 0.15,
    "time": {
        "request": 5000.0,
        "reply": 23999.5,
        "forwarding": 2999.75
    },
    "request_message_count": 177,
    "route": [
        {
            "name": "Shortest Path",
            "route_node_count": 3,
            "route": [
                0,
                19,
                39
            ]
        },
        {
            "name": "DSRAlgorithm Path",
            "route_node_count": 3,
            "route": [
                0,
                24,
                39
            ]
        }
    ],
    "edges": [
        [
            0,
            19
        ],
        [
            0,
            24
        ],
        [
            0,
            32
        ],
        [
            0,
            36
        ],
        [
            1,
            10
        ],
        [
            1,
            14
        ],
        [
            1,
            33
        ],
        [
            1,
            37
        ],
        [
            2,
            3
        ],
        [
            2,
            14
        ],
        [
            2,
            15
        ],
        [
            2,
            27
        ],
        [
            2,
            36
        ],
        [
            3,
            6
        ],
        [
            3,
            13
        ],
        [
            3,
            14
        ],
        [
            4,
            16
        ],
        [
            4,
            23
        ],
        [
            4,
            24
        ],
        [
            4,
            32
        ],
        [
            4,
            38
        ],
        [
            4,
            39
        ],
        [
            5,
            9
        ],
        [
            5,
            22
        ],
        [
            5,
            28
        ],
        [
            5,
            33
        ],
        [
            5,
            35
        ],
        [
            5,
            37
        ],
        [
            5,
            38
        ],
        [
            6,
            11
        ],
        [
            6,
            14
        ],
        [
            6,
            22
        ],
        [
            6,
            34
        ],
        [
            7,
            16
        ],
        [
            7,
            22
        ],
        [
            8,
            12
        ],
        [
            8,
            19
        ],
        [
            9,
            15
        ],
        [
            9,
            20
        ],
        [
            9,
            32
        ],
        [
            10,
            12
        ],
        [
            10,
            19
        ],
        [
            10,
            23
        ],
        [
            10,
            38
        ],
        [
            11,
            17
        ],
        [
            11,
            21
        ],
        [
            11,
            23
        ],
        [
            11,
            27
        ],
        [
            11,
            32
        ],
        [
            11,
            36
        ],
        [
            12,
            13
        ],
        [
            12,
            29
        ],
        [
            12,
            31
        ],
        [
            13,
            16
        ],
        [
            13,
            20
        ],
        [
            13,
            26
        ],
        [
            13,
            31
        ],
        [
            14,
            18
        ],
        [
            14,
            30
        ],
        [
            14,
            35
        ],
        [
            14,
            37
        ],
        [
            15,
            17
        ],
        [
            15,
            34
        ],
        [
            17,
            29
        ],
        [
            18,
            21
        ],
        [
            18,
            34
        ],
        [
            18,
            37
        ],
        [
            19,
            27
        ],
        [
            19,
            37
        ],
        [
            19,
            39
        ],
        [
            20,
            21
        ],
        [
            21,
            27
        ],
        [
            22,
            35
        ],
        [
            22,
            36
        ],
        [
            22,
            38
        ],
        [
            23,
            27
        ],
        [
            24,
            31
        ],
        [
            24,
            34
        ],
        [
            24,
            39
        ],
        [
            25,
            27
        ],
        [
            26,
            30
        ],
        [
            26,
            34
        ],
        [
            26,
            35
        ],
        [
            28,
            36
        ],
        [
            28,
            37
        ],
        [
            28,
            38
        ],
        [
            29,
            33
        ],
        [
            31,
            36
        ],
        [
            31,
            38
        ],
        [
            33,
            37
        ]
    ]
}