{
    "total_node_number": 40,
    "probability_of_edge": 0.1,
    "time": {
        "request": 16998.5,
        "reply": 14999.5,
        "forwarding": 1000.5
    },
    "request_message_count": 174,
    "route": [
        {
            "name": "Shortest Path",
            "route_node_count": 4,
            "route": [
                0,
                14,
                12,
                39
            ]
        },
        {
            "name": "DSRAlgorithm Path",
            "route_node_count": 4,
            "route": [
                0,
                14,
                12,
                39
            ]
        }
    ],
    "edges": [
        [
            0,
            14
        ],
        [
            0,
            18
        ],
        [
            0,
            25
        ],
        [
            1,
            10
        ],
        [
            1,
            16
        ],
        [
            1,
            19
        ],
        [
            2,
            4
        ],
        [
            2,
            26
        ],
        [
            2,
            28
        ],
        [
            2,
            35
        ],
        [
            2,
            36
        ],
        [
            3,
            27
        ],
        [
            3,
            38
        ],
        [
            4,
            21
        ],
        [
            4,
            39
        ],
        [
            5,
            9
        ],
        [
            5,
            20
        ],
        [
            5,
            29
        ],
        [
            6,
            16
        ],
        [
            6,
            19
        ],
        [
            6,
            21
        ],
        [
            6,
            22
        ],
        [
            6,
            35
        ],
        [
            7,
            9
        ],
        [
            7,
            10
        ],
        [
            7,
            28
        ],
        [
            8,
            20
        ],
        [
            8,
            27
        ],
        [
            8,
            37
        ],
        [
            9,
            13
        ],
        [
            9,
            18
        ],
        [
            9,
            29
        ],
        [
            9,
            33
        ],
        [
            10,
            16
        ],
        [
            10,
            24
        ],
        [
            10,
            26
        ],
        [
            10,
            28
        ],
        [
            10,
            31
        ],
        [
            10,
            33
        ],
        [
            11,
            12
        ],
        [
            11,
            13
        ],
        [
            11,
            19
        ],
        [
            11,
            31
        ],
        [
            11,
            33
        ],
        [
            12,
            14
        ],
        [
            12,
            16
        ],
        [
            12,
            27
        ],
        [
            12,
            39
        ],
        [
            13,
            14
        ],
        [
            13,
            23
        ],
        [
            13,
            24
        ],
        [
            13,
            32
        ],
        [
            13,
            34
        ],
        [
            13,
            37
        ],
        [
            14,
            16
        ],
        [
            14,
            18
        ],
        [
            15,
            31
        ],
        [
            15,
            34
        ],
        [
            15,
            36
        ],
        [
            16,
            18
        ],
        [
            16,
            21
        ],
        [
            16,
            24
        ],
        [
            16,
            28
        ],
        [
            16,
            38
        ],
        [
            17,
            32
        ],
        [
            18,
            26
        ],
        [
            19,
            26
        ],
        [
            19,
            38
        ],
        [
            20,
            22
        ],
        [
            20,
            37
        ],
        [
            21,
            25
        ],
        [
            22,
            23
        ],
        [
            22,
            25
        ],
        [
            22,
            26
        ],
        [
            22,
            28
        ],
        [
            22,
            31
        ],
        [
            23,
            34
        ],
        [
            23,
            35
        ],
        [
            23,
            36
        ],
        [
            24,
            25
        ],
        [
            26,
            30
        ],
        [
            26,
            35
        ],
        [
            28,
            34
        ],
        [
            28,
            39
        ],
        [
            29,
            30
        ],
        [
            29,
            39
        ],
        [
            30,
            37
        ],
        [
            30,
            39
        ],
        [
            36,
            38
        ],
        [
            38,
            39
        ]
    ]
}