{
    "total_node_number": 40,
    "probability_of_edge": 0.15,
    "time": {
        "request": 9999.25,
        "reply": 30999.25,
        "forwarding": 0.0
    },
    "request_message_count": 230,
    "route": [
        {
            "name": "Shortest Path",
            "route_node_count": 3,
            "route": [
                0,
                25,
                39
            ]
        },
        {
            "name": "DSRAlgorithm Path",
            "route_node_count": 3,
            "route": [
                0,
                25,
                39
            ]
        }
    ],
    "edges": [
        [
            0,
            6
        ],
        [
            0,
            17
        ],
        [
            0,
            25
        ],
        [
            0,
            30
        ],
        [
            1,
            8
        ],
        [
            1,
            12
        ],
        [
            1,
            13
        ],
        [
            1,
            14
        ],
        [
            1,
            22
        ],
        [
            1,
            27
        ],
        [
            2,
            3
        ],
        [
            2,
            7
        ],
        [
            2,
            18
        ],
        [
            2,
            19
        ],
        [
            2,
            20
        ],
        [
            2,
            21
        ],
        [
            2,
            26
        ],
        [
            2,
            29
        ],
        [
            2,
            33
        ],
        [
            3,
            7
        ],
        [
            3,
            10
        ],
        [
            3,
            15
        ],
        [
            3,
            17
        ],
        [
            3,
            23
        ],
        [
            3,
            25
        ],
        [
            3,
            30
        ],
        [
            4,
            9
        ],
        [
            4,
            21
        ],
        [
            4,
            29
        ],
        [
            4,
            34
        ],
        [
            5,
            7
        ],
        [
            5,
            8
        ],
        [
            5,
            14
        ],
        [
            5,
            19
        ],
        [
            5,
            21
        ],
        [
            5,
            30
        ],
        [
            5,
            36
        ],
        [
            6,
            13
        ],
        [
            6,
            18
        ],
        [
            6,
            23
        ],
        [
            6,
            27
        ],
        [
            7,
            13
        ],
        [
            7,
            25
        ],
        [
            7,
            37
        ],
        [
            8,
            11
        ],
        [
            8,
            12
        ],
        [
            8,
            13
        ],
        [
            8,
            17
        ],
        [
            9,
            14
        ],
        [
            9,
            17
        ],
        [
            10,
            14
        ],
        [
            10,
            17
        ],
        [
            10,
            23
        ],
        [
            10,
            29
        ],
        [
            11,
            16
        ],
        [
            11,
            17
        ],
        [
            11,
            21
        ],
        [
            11,
            26
        ],
        [
            12,
            16
        ],
        [
            12,
            17
        ],
        [
            12,
            21
        ],
        [
            12,
            32
        ],
        [
            12,
            33
        ],
        [
            12,
            36
        ],
        [
            12,
            38
        ],
        [
            13,
            21
        ],
        [
            13,
            30
        ],
        [
            13,
            31
        ],
        [
            13,
            32
        ],
        [
            13,
            38
        ],
        [
            14,
            16
        ],
        [
            14,
            17
        ],
        [
            14,
            19
        ],
        [
            15,
            23
        ],
        [
            15,
            24
        ],
        [
            15,
            34
        ],
        [
            16,
            22
        ],
        [
            16,
            31
        ],
        [
            16,
            32
        ],
        [
            17,
            21
        ],
        [
            17,
            25
        ],
        [
            17,
            38
        ],
        [
            18,
            22
        ],
        [
            18,
            23
        ],
        [
            18,
            24
        ],
        [
            18,
            31
        ],
        [
            18,
            35
        ],
        [
            19,
            23
        ],
        [
            19,
            27
        ],
        [
            19,
            30
        ],
        [
            20,
            26
        ],
        [
            20,
            27
        ],
        [
            20,
            28
        ],
        [
            21,
            30
        ],
        [
            21,
            38
        ],
        [
            22,
            24
        ],
        [
            23,
            25
        ],
        [
            24,
            26
        ],
        [
            24,
            29
        ],
        [
            24,
            32
        ],
        [
            24,
            34
        ],
        [
            25,
            35
        ],
        [
            25,
            39
        ],
        [
            26,
            38
        ],
        [
            26,
            39
        ],
        [
            27,
            30
        ],
        [
            28,
            29
        ],
        [
            28,
            36
        ],
        [
            28,
            38
        ],
        [
            29,
            39
        ],
        [
            30,
            31
        ],
        [
            30,
            39
        ],
        [
            31,
            34
        ],
        [
            32,
            36
        ],
        [
            33,
            36
        ],
        [
            34,
            35
        ],
        [
            35,
            37
        ]
    ]
}