{
    "total_node_number": 40,
    "probability_of_edge": 0.15,
    "time": {
        "request": 26000.25,
        "reply": 14999.0,
        "forwarding": 1001.0
    },
    "request_message_count": 224,
    "route": [
        {
            "name": "Shortest Path",
            "route_node_count": 5,
            "route": [
                0,
                14,
                1,
                36,
                39
            ]
        },
        {
            "name": "DSRAlgorithm Path",
            "route_node_count": 5,
            "route": [
                0,
                14,
                1,
                36,
                39
            ]
        }
    ],
    "edges": [
        [
            0,
            14
        ],
        [
            1,
            14
        ],
        [
            1,
            20
        ],
        [
            1,
            22
        ],
        [
            1,
            27
        ],
        [
            1,
            36
        ],
        [
            1,
            38
        ],
        [
            2,
            12
        ],
        [
            2,
            28
        ],
        [
            2,
            33
        ],
        [
            2,
            34
        ],
        [
            3,
            4
        ],
        [
            3,
            6
        ],
        [
            3,
            14
        ],
        [
            3,
            22
        ],
        [
            3,
            25
        ],
        [
            3,
            37
        ],
        [
            4,
            19
        ],
        [
            4,
            21
        ],
        [
            4,
            25
        ],
        [
            4,
            27
        ],
        [
            4,
            36
        ],
        [
            5,
            7
        ],
        [
            5,
            9
        ],
        [
            5,
            13
        ],
        [
            5,
            15
        ],
        [
            5,
            23
        ],
        [
            6,
            9
        ],
        [
            6,
            10
        ],
        [
            6,
            18
        ],
        [
            6,
            19
        ],
        [
            6,
            32
        ],
        [
            6,
            38
        ],
        [
            7,
            8
        ],
        [
            7,
            11
        ],
        [
            7,
            13
        ],
        [
            7,
            22
        ],
        [
            7,
            23
        ],
        [
            7,
            24
        ],
        [
            8,
            14
        ],
        [
            8,
            16
        ],
        [
            8,
            33
        ],
        [
            9,
            11
        ],
        [
            9,
            15
        ],
        [
            9,
            18
        ],
        [
            9,
            23
        ],
        [
            9,
            31
        ],
        [
            9,
            33
        ],
        [
            9,
            35
        ],
        [
            10,
            13
        ],
        [
            10,
            16
        ],
        [
            10,
            26
        ],
        [
            11,
            12
        ],
        [
            11,
            28
        ],
        [
            11,
            34
        ],
        [
            11,
            39
        ],
        [
            12,
            18
        ],
        [
            12,
            24
        ],
        [
            12,
            25
        ],
        [
            12,
            26
        ],
        [
            12,
            36
        ],
        [
            13,
            19
        ],
        [
            14,
            23
        ],
        [
            14,
            29
        ],
        [
            14,
            35
        ],
        [
            15,
            16
        ],
        [
            15,
            17
        ],
        [
            15,
            18
        ],
        [
            15,
            22
        ],
        [
            15,
            30
        ],
        [
            15,
            36
        ],
        [
            15,
            37
        ],
        [
            15,
            39
        ],
        [
            16,
            19
        ],
        [
            16,
            21
        ],
        [
            16,
            23
        ],
        [
            16,
            29
        ],
        [
            16,
            37
        ],
        [
            17,
            18
        ],
        [
            17,
            29
        ],
        [
            17,
            32
        ],
        [
            17,
            37
        ],
        [
            18,
            21
        ],
        [
            18,
            22
        ],
        [
            18,
            37
        ],
        [
            19,
            32
        ],
        [
            20,
            21
        ],
        [
            20,
            25
        ],
        [
            20,
            32
        ],
        [
            20,
            36
        ],
        [
            21,
            23
        ],
        [
            21,
            24
        ],
        [
            21,
            28
        ],
        [
            21,
            39
        ],
        [
            22,
            28
        ],
        [
            22,
            32
        ],
        [
            22,
            37
        ],
        [
            23,
            35
        ],
        [
            24,
            38
        ],
        [
            25,
            26
        ],
        [
            25,
            28
        ],
        [
            25,
            31
        ],
        [
            25,
            37
        ],
        [
            26,
            37
        ],
        [
            26,
            39
        ],
        [
            27,
            38
        ],
        [
            30,
            35
        ],
        [
            30,
            36
        ],
        [
            30,
            37
        ],
        [
            32,
            33
        ],
        [
            32,
            34
        ],
        [
            33,
            39
        ],
        [
            34,
            36
        ],
        [
            36,
            38
        ],
        [
            36,
            39
        ]
    ]
}