{
    "total_node_number": 40,
    "probability_of_edge": 0.1,
    "time": {
        "request": 7999.5,
        "reply": 17999.5,
        "forwarding": 0.0
    },
    "request_message_count": 154,
    "route": [
        {
            "name": "Shortest Path",
            "route_node_count": 3,
            "route": [
                0,
                4,
                39
            ]
        },
        {
            "name": "DSRAlgorithm Path",
            "route_node_count": 3,
            "route": [
                0,
                4,
                39
            ]
        }
    ],
    "edges": [
        [
            0,
            2
        ],
        [
            0,
            4
        ],
        [
            0,
            30
        ],
        [
            0,
            36
        ],
        [
            1,
            15
        ],
        [
            1,
            17
        ],
        [
            1,
            37
        ],
        [
            2,
            11
        ],
        [
            2,
            17
        ],
        [
            2,
            24
        ],
        [
            2,
            36
        ],
        [
            2,
            37
        ],
        [
            3,
            12
        ],
        [
            3,
            23
        ],
        [
            3,
            27
        ],
        [
            3,
            38
        ],
        [
            4,
            19
        ],
        [
            4,
            29
        ],
        [
            4,
            30
        ],
        [
            4,
            35
        ],
        [
            4,
            39
        ],
        [
            5,
            15
        ],
        [
            5,
            30
        ],
        [
            5,
            32
        ],
        [
            6,
            11
        ],
        [
            6,
            12
        ],
        [
            6,
            19
        ],
        [
            6,
            24
        ],
        [
            6,
            30
        ],
        [
            7,
            11
        ],
        [
            7,
            17
        ],
        [
            7,
            25
        ],
        [
            7,
            38
        ],
        [
            7,
            39
        ],
        [
            8,
            17
        ],
        [
            8,
            26
        ],
        [
            9,
            17
        ],
        [
            9,
            20
        ],
        [
            9,
            26
        ],
        [
            9,
            37
        ],
        [
            10,
            23
        ],
        [
            10,
            24
        ],
        [
            11,
            16
        ],
        [
            11,
            20
        ],
        [
            11,
            24
        ],
        [
            11,
            32
        ],
        [
            12,
            18
        ],
        [
            13,
            18
        ],
        [
            13,
            20
        ],
        [
            13,
            25
        ],
        [
            13,
            36
        ],
        [
            14,
            20
        ],
        [
            14,
            39
        ],
        [
            15,
            18
        ],
        [
            15,
            22
        ],
        [
            16,
            22
        ],
        [
            16,
            37
        ],
        [
            17,
            24
        ],
        [
            17,
            25
        ],
        [
            17,
            26
        ],
        [
            17,
            34
        ],
        [
            17,
            35
        ],
        [
            18,
            30
        ],
        [
            19,
            38
        ],
        [
            20,
            22
        ],
        [
            20,
            30
        ],
        [
            20,
            37
        ],
        [
            21,
            24
        ],
        [
            25,
            27
        ],
        [
            25,
            32
        ],
        [
            26,
            29
        ],
        [
            28,
            29
        ],
        [
            30,
            32
        ],
        [
            30,
            36
        ],
        [
            31,
            36
        ],
        [
            32,
            33
        ],
        [
            33,
            34
        ],
        [
            33,
            39
        ],
        [
            35,
            36
        ]
    ]
}