{
    "total_node_number": 30,
    "probability_of_edge": 0.2,
    "time": {
        "request": 14998.25,
        "reply": 12000.0,
        "forwarding": 999.75
    },
    "request_message_count": 164,
    "route": [
        {
            "name": "Shortest Path",
            "route_node_count": 4,
            "route": [
                0,
                17,
                12,
                29
            ]
        },
        {
            "name": "DSRAlgorithm Path",
            "route_node_count": 4,
            "route": [
                0,
                17,
                12,
                29
            ]
        }
    ],
    "edges": [
        [
            0,
            5
        ],
        [
            0,
            17
        ],
        [
            0,
            21
        ],
        [
            1,
            4
        ],
        [
            1,
            15
        ],
        [
            1,
            18
        ],
        [
            1,
            20
        ],
        [
            1,
            28
        ],
        [
            2,
            3
        ],
        [
            2,
            14
        ],
        [
            2,
            18
        ],
        [
            2,
            23
        ],
        [
            2,
            24
        ],
        [
            2,
            27
        ],
        [
            3,
            6
        ],
        [
            3,
            16
        ],
        [
            3,
            19
        ],
        [
            3,
            25
        ],
        [
            4,
            9
        ],
        [
            4,
            13
        ],
        [
            4,
            19
        ],
        [
            4,
            26
        ],
        [
            4,
            27
        ],
        [
            5,
            7
        ],
        [
            5,
            20
        ],
        [
            5,
            21
        ],
        [
            5,
            24
        ],
        [
            5,
            25
        ],
        [
            6,
            9
        ],
        [
            6,
            14
        ],
        [
            6,
            18
        ],
        [
            6,
            28
        ],
        [
            6,
            29
        ],
        [
            7,
            8
        ],
        [
            7,
            9
        ],
        [
            7,
            12
        ],
        [
            7,
            19
        ],
        [
            7,
            21
        ],
        [
            8,
            11
        ],
        [
            8,
            16
        ],
        [
            8,
            18
        ],
        [
            8,
            28
        ],
        [
            9,
            11
        ],
        [
            9,
            13
        ],
        [
            9,
            14
        ],
        [
            9,
            15
        ],
        [
            9,
            21
        ],
        [
            10,
            12
        ],
        [
            10,
            16
        ],
        [
            10,
            24
        ],
        [
            10,
            28
        ],
        [
            11,
            12
        ],
        [
            11,
            16
        ],
        [
            11,
            24
        ],
        [
            11,
            26
        ],
        [
            11,
            28
        ],
        [
            12,
            17
        ],
        [
            12,
            23
        ],
        [
            12,
            29
        ],
        [
            13,
            14
        ],
        [
            13,
            15
        ],
        [
            13,
            19
        ],
        [
            13,
            20
        ],
        [
            13,
            22
        ],
        [
            14,
            20
        ],
        [
            14,
            29
        ],
        [
            15,
            17
        ],
        [
            15,
            21
        ],
        [
            15,
            27
        ],
        [
            16,
            20
        ],
        [
            16,
            22
        ],
        [
            17,
            18
        ],
        [
            18,
            23
        ],
        [
            18,
            27
        ],
        [
            19,
            21
        ],
        [
            19,
            24
        ],
        [
            20,
            25
        ],
        [
            21,
            25
        ],
        [
            22,
            29
        ],
        [
            23,
            25
        ],
        [
            23,
            27
        ],
        [
            24,
            25
        ],
        [
            25,
            27
        ],
        [
            27,
            28
        ]
    ]
}