{
    "total_node_number": 40,
    "probability_of_edge": 0.15,
    "time": {
        "request": 29000.5,
        "reply": 9999.75,
        "forwarding": 999.75
    },
    "request_message_count": 219,
    "route": [
        {
            "name": "Shortest Path",
            "route_node_count": 4,
            "route": [
                0,
                15,
                11,
                39
            ]
        },
        {
            "name": "DSRAlgorithm Path",
            "route_node_count": 4,
            "route": [
                0,
                32,
                23,
                39
            ]
        }
    ],
    "edges": [
        [
            0,
            5
        ],
        [
            0,
            15
        ],
        [
            0,
            32
        ],
        [
            0,
            34
        ],
        [
            0,
            38
        ],
        [
            1,
            21
        ],
        [
            1,
            34
        ],
        [
            2,
            10
        ],
        [
            2,
            13
        ],
        [
            2,
            38
        ],
        [
            3,
            4
        ],
        [
            3,
            11
        ],
        [
            3,
            17
        ],
        [
            3,
            26
        ],
        [
            3,
            27
        ],
        [
            3,
            36
        ],
        [
            4,
            9
        ],
        [
            4,
            14
        ],
        [
            4,
            20
        ],
        [
            4,
            30
        ],
        [
            5,
            16
        ],
        [
            5,
            28
        ],
        [
            6,
            7
        ],
        [
            6,
            10
        ],
        [
            6,
            24
        ],
        [
            6,
            27
        ],
        [
            7,
            12
        ],
        [
            7,
            17
        ],
        [
            7,
            18
        ],
        [
            7,
            35
        ],
        [
            7,
            38
        ],
        [
            7,
            39
        ],
        [
            8,
            25
        ],
        [
            8,
            27
        ],
        [
            8,
            30
        ],
        [
            8,
            31
        ],
        [
            9,
            18
        ],
        [
            9,
            20
        ],
        [
            9,
            31
        ],
        [
            9,
            34
        ],
        [
            9,
            37
        ],
        [
            9,
            38
        ],
        [
            10,
            14
        ],
        [
            10,
            17
        ],
        [
            10,
            19
        ],
        [
            10,
            22
        ],
        [
            10,
            26
        ],
        [
            10,
            32
        ],
        [
            10,
            36
        ],
        [
            11,
            15
        ],
        [
            11,
            16
        ],
        [
            11,
            19
        ],
        [
            11,
            39
        ],
        [
            12,
            15
        ],
        [
            12,
            20
        ],
        [
            12,
            26
        ],
        [
            12,
            30
        ],
        [
            12,
            37
        ],
        [
            12,
            39
        ],
        [
            13,
            31
        ],
        [
            13,
            37
        ],
        [
            14,
            17
        ],
        [
            14,
            22
        ],
        [
            14,
            27
        ],
        [
            14,
            31
        ],
        [
            14,
            36
        ],
        [
            14,
            37
        ],
        [
            15,
            21
        ],
        [
            15,
            27
        ],
        [
            15,
            31
        ],
        [
            15,
            32
        ],
        [
            15,
            35
        ],
        [
            16,
            19
        ],
        [
            16,
            20
        ],
        [
            16,
            23
        ],
        [
            16,
            28
        ],
        [
            16,
            36
        ],
        [
            16,
            37
        ],
        [
            18,
            19
        ],
        [
            18,
            33
        ],
        [
            19,
            27
        ],
        [
            19,
            31
        ],
        [
            19,
            34
        ],
        [
            19,
            36
        ],
        [
            19,
            37
        ],
        [
            20,
            21
        ],
        [
            20,
            25
        ],
        [
            20,
            36
        ],
        [
            22,
            25
        ],
        [
            22,
            31
        ],
        [
            22,
            34
        ],
        [
            23,
            27
        ],
        [
            23,
            32
        ],
        [
            23,
            39
        ],
        [
            24,
            37
        ],
        [
            25,
            27
        ],
        [
            25,
            28
        ],
        [
            25,
            37
        ],
        [
            26,
            30
        ],
        [
            26,
            32
        ],
        [
            26,
            36
        ],
        [
            27,
            29
        ],
        [
            28,
            32
        ],
        [
            28,
            34
        ],
        [
            28,
            35
        ],
        [
            29,
            30
        ],
        [
            31,
            32
        ],
        [
            31,
            34
        ],
        [
            31,
            36
        ],
        [
            31,
            37
        ],
        [
            36,
            37
        ],
        [
            36,
            39
        ]
    ]
}