{
    "total_node_number": 30,
    "probability_of_edge": 0.2,
    "time": {
        "request": 25972.75,
        "reply": 3999.25,
        "forwarding": 1971.75
    },
    "request_message_count": 164,
    "route": [
        {
            "name": "Shortest Path",
            "route_node_count": 4,
            "route": [
                0,
                18,
                13,
                29
            ]
        },
        {
            "name": "DSRAlgorithm Path",
            "route_node_count": 5,
            "route": [
                0,
                5,
                28,
                11,
                29
            ]
        }
    ],
    "edges": [
        [
            0,
            5
        ],
        [
            0,
            8
        ],
        [
            0,
            14
        ],
        [
            0,
            18
        ],
        [
            0,
            27
        ],
        [
            1,
            2
        ],
        [
            1,
            15
        ],
        [
            1,
            21
        ],
        [
            1,
            26
        ],
        [
            1,
            27
        ],
        [
            1,
            28
        ],
        [
            2,
            11
        ],
        [
            2,
            20
        ],
        [
            2,
            21
        ],
        [
            2,
            23
        ],
        [
            2,
            26
        ],
        [
            2,
            29
        ],
        [
            3,
            4
        ],
        [
            3,
            5
        ],
        [
            3,
            15
        ],
        [
            3,
            16
        ],
        [
            3,
            28
        ],
        [
            4,
            7
        ],
        [
            4,
            9
        ],
        [
            4,
            10
        ],
        [
            4,
            14
        ],
        [
            4,
            16
        ],
        [
            4,
            18
        ],
        [
            4,
            19
        ],
        [
            4,
            22
        ],
        [
            4,
            24
        ],
        [
            4,
            26
        ],
        [
            5,
            7
        ],
        [
            5,
            9
        ],
        [
            5,
            16
        ],
        [
            5,
            20
        ],
        [
            5,
            22
        ],
        [
            5,
            25
        ],
        [
            5,
            28
        ],
        [
            6,
            7
        ],
        [
            6,
            8
        ],
        [
            6,
            11
        ],
        [
            6,
            19
        ],
        [
            7,
            9
        ],
        [
            7,
            22
        ],
        [
            7,
            25
        ],
        [
            8,
            9
        ],
        [
            8,
            20
        ],
        [
            8,
            24
        ],
        [
            9,
            22
        ],
        [
            9,
            28
        ],
        [
            10,
            17
        ],
        [
            10,
            18
        ],
        [
            10,
            19
        ],
        [
            11,
            13
        ],
        [
            11,
            28
        ],
        [
            11,
            29
        ],
        [
            12,
            13
        ],
        [
            12,
            19
        ],
        [
            12,
            21
        ],
        [
            13,
            18
        ],
        [
            13,
            19
        ],
        [
            13,
            21
        ],
        [
            13,
            29
        ],
        [
            14,
            28
        ],
        [
            15,
            21
        ],
        [
            17,
            19
        ],
        [
            17,
            20
        ],
        [
            17,
            21
        ],
        [
            17,
            22
        ],
        [
            17,
            24
        ],
        [
            18,
            20
        ],
        [
            18,
            22
        ],
        [
            18,
            27
        ],
        [
            18,
            28
        ],
        [
            19,
            22
        ],
        [
            19,
            24
        ],
        [
            19,
            25
        ],
        [
            20,
            22
        ],
        [
            20,
            26
        ],
        [
            21,
            28
        ],
        [
            22,
            27
        ],
        [
            23,
            29
        ],
        [
            24,
            27
        ]
    ]
}