{
    "total_node_number": 40,
    "probability_of_edge": 0.1,
    "time": {
        "request": 12998.0,
        "reply": 15999.0,
        "forwarding": 1000.25
    },
    "request_message_count": 153,
    "route": [
        {
            "name": "Shortest Path",
            "route_node_count": 4,
            "route": [
                0,
                11,
                14,
                39
            ]
        },
        {
            "name": "DSRAlgorithm Path",
            "route_node_count": 4,
            "route": [
                0,
                11,
                14,
                39
            ]
        }
    ],
    "edges": [
        [
            0,
            5
        ],
        [
            0,
            11
        ],
        [
            0,
            15
        ],
        [
            0,
            29
        ],
        [
            0,
            36
        ],
        [
            1,
            9
        ],
        [
            2,
            16
        ],
        [
            2,
            31
        ],
        [
            3,
            11
        ],
        [
            3,
            17
        ],
        [
            3,
            21
        ],
        [
            4,
            15
        ],
        [
            4,
            19
        ],
        [
            4,
            23
        ],
        [
            5,
            28
        ],
        [
            5,
            30
        ],
        [
            5,
            32
        ],
        [
            5,
            36
        ],
        [
            5,
            37
        ],
        [
            6,
            25
        ],
        [
            6,
            33
        ],
        [
            7,
            19
        ],
        [
            7,
            33
        ],
        [
            7,
            38
        ],
        [
            8,
            18
        ],
        [
            8,
            31
        ],
        [
            9,
            13
        ],
        [
            9,
            17
        ],
        [
            9,
            27
        ],
        [
            10,
            15
        ],
        [
            10,
            21
        ],
        [
            10,
            22
        ],
        [
            10,
            25
        ],
        [
            10,
            34
        ],
        [
            11,
            14
        ],
        [
            11,
            24
        ],
        [
            12,
            16
        ],
        [
            12,
            17
        ],
        [
            13,
            21
        ],
        [
            13,
            35
        ],
        [
            13,
            37
        ],
        [
            14,
            18
        ],
        [
            14,
            21
        ],
        [
            14,
            24
        ],
        [
            14,
            26
        ],
        [
            14,
            31
        ],
        [
            14,
            39
        ],
        [
            15,
            22
        ],
        [
            15,
            28
        ],
        [
            15,
            34
        ],
        [
            16,
            25
        ],
        [
            16,
            26
        ],
        [
            17,
            28
        ],
        [
            17,
            31
        ],
        [
            17,
            37
        ],
        [
            18,
            21
        ],
        [
            18,
            28
        ],
        [
            18,
            32
        ],
        [
            19,
            25
        ],
        [
            19,
            33
        ],
        [
            19,
            37
        ],
        [
            20,
            39
        ],
        [
            21,
            36
        ],
        [
            22,
            35
        ],
        [
            22,
            38
        ],
        [
            23,
            27
        ],
        [
            25,
            29
        ],
        [
            25,
            37
        ],
        [
            25,
            39
        ],
        [
            27,
            30
        ],
        [
            28,
            34
        ],
        [
            30,
            38
        ],
        [
            31,
            33
        ],
        [
            31,
            34
        ],
        [
            31,
            39
        ],
        [
            32,
            35
        ],
        [
            32,
            38
        ],
        [
            33,
            36
        ],
        [
            35,
            38
        ]
    ]
}