{
    "total_node_number": 40,
    "probability_of_edge": 0.1,
    "time": {
        "request": 999.75,
        "reply": 20000.25,
        "forwarding": 3000.0
    },
    "request_message_count": 180,
    "route": [
        {
            "name": "Shortest Path",
            "route_node_count": 3,
            "route": [
                0,
                38,
                39
            ]
        },
        {
            "name": "DSRAlgorithm Path",
            "route_node_count": 3,
            "route": [
                0,
                38,
                39
            ]
        }
    ],
    "edges": [
        [
            0,
            38
        ],
        [
            1,
            20
        ],
        [
            1,
            25
        ],
        [
            1,
            28
        ],
        [
            1,
            29
        ],
        [
            2,
            8
        ],
        [
            2,
            12
        ],
        [
            2,
            23
        ],
        [
            3,
            8
        ],
        [
            3,
            10
        ],
        [
            3,
            13
        ],
        [
            3,
            18
        ],
        [
            3,
            19
        ],
        [
            3,
            20
        ],
        [
            3,
            39
        ],
        [
            4,
            23
        ],
        [
            4,
            35
        ],
        [
            4,
            36
        ],
        [
            4,
            37
        ],
        [
            4,
            39
        ],
        [
            5,
            6
        ],
        [
            5,
            22
        ],
        [
            5,
            29
        ],
        [
            5,
            32
        ],
        [
            5,
            38
        ],
        [
            6,
            10
        ],
        [
            6,
            11
        ],
        [
            6,
            24
        ],
        [
            6,
            25
        ],
        [
            6,
            30
        ],
        [
            6,
            32
        ],
        [
            7,
            16
        ],
        [
            7,
            39
        ],
        [
            8,
            21
        ],
        [
            8,
            22
        ],
        [
            8,
            28
        ],
        [
            8,
            38
        ],
        [
            8,
            39
        ],
        [
            9,
            10
        ],
        [
            9,
            16
        ],
        [
            9,
            22
        ],
        [
            9,
            29
        ],
        [
            9,
            32
        ],
        [
            9,
            33
        ],
        [
            10,
            15
        ],
        [
            10,
            16
        ],
        [
            10,
            22
        ],
        [
            10,
            23
        ],
        [
            10,
            31
        ],
        [
            11,
            15
        ],
        [
            11,
            16
        ],
        [
            11,
            20
        ],
        [
            11,
            25
        ],
        [
            12,
            17
        ],
        [
            12,
            21
        ],
        [
            12,
            32
        ],
        [
            13,
            22
        ],
        [
            13,
            27
        ],
        [
            13,
            30
        ],
        [
            14,
            20
        ],
        [
            14,
            21
        ],
        [
            14,
            29
        ],
        [
            14,
            34
        ],
        [
            14,
            37
        ],
        [
            15,
            23
        ],
        [
            16,
            18
        ],
        [
            16,
            22
        ],
        [
            16,
            24
        ],
        [
            16,
            27
        ],
        [
            16,
            34
        ],
        [
            17,
            19
        ],
        [
            17,
            30
        ],
        [
            17,
            32
        ],
        [
            18,
            32
        ],
        [
            18,
            35
        ],
        [
            19,
            31
        ],
        [
            19,
            37
        ],
        [
            19,
            39
        ],
        [
            20,
            21
        ],
        [
            20,
            22
        ],
        [
            20,
            39
        ],
        [
            21,
            32
        ],
        [
            25,
            26
        ],
        [
            26,
            33
        ],
        [
            27,
            29
        ],
        [
            27,
            32
        ],
        [
            29,
            37
        ],
        [
            30,
            33
        ],
        [
            30,
            34
        ],
        [
            31,
            33
        ],
        [
            32,
            36
        ],
        [
            32,
            38
        ],
        [
            35,
            39
        ],
        [
            38,
            39
        ]
    ]
}