{
    "total_node_number": 40,
    "probability_of_edge": 0.15,
    "time": {
        "request": 17000.25,
        "reply": 17001.25,
        "forwarding": 1000.5
    },
    "request_message_count": 185,
    "route": [
        {
            "name": "Shortest Path",
            "route_node_count": 4,
            "route": [
                0,
                13,
                18,
                39
            ]
        },
        {
            "name": "DSRAlgorithm Path",
            "route_node_count": 4,
            "route": [
                0,
                1,
                36,
                39
            ]
        }
    ],
    "edges": [
        [
            0,
            1
        ],
        [
            0,
            13
        ],
        [
            0,
            20
        ],
        [
            0,
            26
        ],
        [
            0,
            34
        ],
        [
            0,
            35
        ],
        [
            1,
            10
        ],
        [
            1,
            16
        ],
        [
            1,
            36
        ],
        [
            2,
            17
        ],
        [
            2,
            18
        ],
        [
            3,
            12
        ],
        [
            3,
            15
        ],
        [
            3,
            16
        ],
        [
            3,
            23
        ],
        [
            3,
            32
        ],
        [
            3,
            36
        ],
        [
            3,
            37
        ],
        [
            4,
            16
        ],
        [
            4,
            34
        ],
        [
            4,
            37
        ],
        [
            5,
            7
        ],
        [
            5,
            16
        ],
        [
            5,
            19
        ],
        [
            5,
            23
        ],
        [
            5,
            31
        ],
        [
            6,
            15
        ],
        [
            6,
            29
        ],
        [
            6,
            33
        ],
        [
            6,
            38
        ],
        [
            6,
            39
        ],
        [
            7,
            16
        ],
        [
            7,
            27
        ],
        [
            7,
            31
        ],
        [
            7,
            35
        ],
        [
            8,
            13
        ],
        [
            8,
            14
        ],
        [
            8,
            20
        ],
        [
            8,
            22
        ],
        [
            8,
            34
        ],
        [
            9,
            12
        ],
        [
            9,
            28
        ],
        [
            9,
            33
        ],
        [
            10,
            19
        ],
        [
            10,
            33
        ],
        [
            10,
            37
        ],
        [
            11,
            22
        ],
        [
            11,
            30
        ],
        [
            11,
            31
        ],
        [
            11,
            32
        ],
        [
            11,
            34
        ],
        [
            12,
            20
        ],
        [
            12,
            26
        ],
        [
            12,
            34
        ],
        [
            13,
            14
        ],
        [
            13,
            18
        ],
        [
            13,
            28
        ],
        [
            13,
            31
        ],
        [
            14,
            20
        ],
        [
            14,
            30
        ],
        [
            15,
            17
        ],
        [
            15,
            24
        ],
        [
            15,
            37
        ],
        [
            15,
            39
        ],
        [
            16,
            28
        ],
        [
            16,
            34
        ],
        [
            17,
            21
        ],
        [
            17,
            23
        ],
        [
            17,
            24
        ],
        [
            17,
            27
        ],
        [
            18,
            24
        ],
        [
            18,
            25
        ],
        [
            18,
            26
        ],
        [
            18,
            29
        ],
        [
            18,
            31
        ],
        [
            18,
            39
        ],
        [
            19,
            25
        ],
        [
            20,
            30
        ],
        [
            21,
            30
        ],
        [
            21,
            38
        ],
        [
            21,
            39
        ],
        [
            22,
            27
        ],
        [
            24,
            31
        ],
        [
            24,
            37
        ],
        [
            25,
            29
        ],
        [
            25,
            34
        ],
        [
            25,
            35
        ],
        [
            26,
            36
        ],
        [
            27,
            29
        ],
        [
            28,
            30
        ],
        [
            28,
            32
        ],
        [
            30,
            33
        ],
        [
            32,
            34
        ],
        [
            35,
            37
        ],
        [
            36,
            39
        ]
    ]
}