{
    "total_node_number": 40,
    "probability_of_edge": 0.1,
    "time": {
        "request": 22999.75,
        "reply": 8999.75,
        "forwarding": 1001.0
    },
    "request_message_count": 177,
    "route": [
        {
            "name": "Shortest Path",
            "route_node_count": 4,
            "route": [
                0,
                16,
                5,
                39
            ]
        },
        {
            "name": "DSRAlgorithm Path",
            "route_node_count": 4,
            "route": [
                0,
                37,
                11,
                39
            ]
        }
    ],
    "edges": [
        [
            0,
            6
        ],
        [
            0,
            16
        ],
        [
            0,
            18
        ],
        [
            0,
            21
        ],
        [
            0,
            26
        ],
        [
            0,
            31
        ],
        [
            0,
            37
        ],
        [
            1,
            8
        ],
        [
            2,
            15
        ],
        [
            2,
            21
        ],
        [
            2,
            29
        ],
        [
            2,
            33
        ],
        [
            2,
            35
        ],
        [
            2,
            37
        ],
        [
            3,
            4
        ],
        [
            3,
            13
        ],
        [
            3,
            26
        ],
        [
            4,
            17
        ],
        [
            4,
            18
        ],
        [
            4,
            22
        ],
        [
            4,
            25
        ],
        [
            4,
            27
        ],
        [
            4,
            33
        ],
        [
            4,
            35
        ],
        [
            5,
            16
        ],
        [
            5,
            17
        ],
        [
            5,
            21
        ],
        [
            5,
            30
        ],
        [
            5,
            35
        ],
        [
            5,
            39
        ],
        [
            6,
            11
        ],
        [
            6,
            15
        ],
        [
            6,
            19
        ],
        [
            6,
            35
        ],
        [
            6,
            36
        ],
        [
            7,
            10
        ],
        [
            7,
            30
        ],
        [
            8,
            16
        ],
        [
            8,
            29
        ],
        [
            8,
            34
        ],
        [
            8,
            35
        ],
        [
            9,
            14
        ],
        [
            9,
            28
        ],
        [
            10,
            16
        ],
        [
            10,
            32
        ],
        [
            11,
            23
        ],
        [
            11,
            27
        ],
        [
            11,
            31
        ],
        [
            11,
            33
        ],
        [
            11,
            37
        ],
        [
            11,
            39
        ],
        [
            12,
            33
        ],
        [
            13,
            37
        ],
        [
            13,
            38
        ],
        [
            14,
            31
        ],
        [
            14,
            37
        ],
        [
            15,
            18
        ],
        [
            15,
            23
        ],
        [
            15,
            28
        ],
        [
            15,
            31
        ],
        [
            15,
            33
        ],
        [
            15,
            36
        ],
        [
            15,
            37
        ],
        [
            16,
            19
        ],
        [
            16,
            28
        ],
        [
            17,
            23
        ],
        [
            17,
            32
        ],
        [
            17,
            38
        ],
        [
            18,
            33
        ],
        [
            19,
            24
        ],
        [
            19,
            25
        ],
        [
            19,
            26
        ],
        [
            19,
            34
        ],
        [
            19,
            35
        ],
        [
            20,
            27
        ],
        [
            21,
            22
        ],
        [
            21,
            31
        ],
        [
            21,
            34
        ],
        [
            22,
            29
        ],
        [
            22,
            31
        ],
        [
            22,
            35
        ],
        [
            23,
            32
        ],
        [
            25,
            30
        ],
        [
            27,
            29
        ],
        [
            28,
            35
        ],
        [
            28,
            36
        ],
        [
            29,
            31
        ],
        [
            29,
            38
        ],
        [
            31,
            37
        ],
        [
            32,
            39
        ]
    ]
}