{
    "total_node_number": 40,
    "probability_of_edge": 0.1,
    "time": {
        "request": 17000.75,
        "reply": 11000.0,
        "forwarding": 999.75
    },
    "request_message_count": 172,
    "route": [
        {
            "name": "Shortest Path",
            "route_node_count": 4,
            "route": [
                0,
                25,
                23,
                39
            ]
        },
        {
            "name": "DSRAlgorithm Path",
            "route_node_count": 4,
            "route": [
                0,
                11,
                28,
                39
            ]
        }
    ],
    "edges": [
        [
            0,
            7
        ],
        [
            0,
            11
        ],
        [
            0,
            17
        ],
        [
            0,
            24
        ],
        [
            0,
            25
        ],
        [
            1,
            8
        ],
        [
            1,
            14
        ],
        [
            2,
            14
        ],
        [
            2,
            26
        ],
        [
            2,
            31
        ],
        [
            2,
            32
        ],
        [
            2,
            34
        ],
        [
            2,
            37
        ],
        [
            3,
            18
        ],
        [
            3,
            28
        ],
        [
            3,
            33
        ],
        [
            4,
            6
        ],
        [
            4,
            7
        ],
        [
            4,
            17
        ],
        [
            4,
            25
        ],
        [
            4,
            28
        ],
        [
            4,
            34
        ],
        [
            5,
            23
        ],
        [
            5,
            34
        ],
        [
            6,
            11
        ],
        [
            7,
            17
        ],
        [
            7,
            18
        ],
        [
            7,
            24
        ],
        [
            7,
            34
        ],
        [
            7,
            37
        ],
        [
            8,
            32
        ],
        [
            8,
            38
        ],
        [
            8,
            39
        ],
        [
            9,
            31
        ],
        [
            9,
            38
        ],
        [
            10,
            17
        ],
        [
            10,
            18
        ],
        [
            10,
            19
        ],
        [
            10,
            24
        ],
        [
            10,
            29
        ],
        [
            11,
            22
        ],
        [
            11,
            28
        ],
        [
            12,
            19
        ],
        [
            12,
            24
        ],
        [
            12,
            27
        ],
        [
            12,
            38
        ],
        [
            13,
            17
        ],
        [
            13,
            32
        ],
        [
            13,
            35
        ],
        [
            14,
            18
        ],
        [
            14,
            26
        ],
        [
            14,
            27
        ],
        [
            14,
            32
        ],
        [
            15,
            25
        ],
        [
            15,
            36
        ],
        [
            16,
            20
        ],
        [
            16,
            24
        ],
        [
            16,
            37
        ],
        [
            17,
            18
        ],
        [
            17,
            33
        ],
        [
            17,
            36
        ],
        [
            18,
            19
        ],
        [
            18,
            21
        ],
        [
            19,
            27
        ],
        [
            19,
            28
        ],
        [
            19,
            33
        ],
        [
            20,
            34
        ],
        [
            20,
            36
        ],
        [
            21,
            32
        ],
        [
            21,
            33
        ],
        [
            21,
            35
        ],
        [
            21,
            39
        ],
        [
            22,
            30
        ],
        [
            22,
            33
        ],
        [
            23,
            25
        ],
        [
            23,
            26
        ],
        [
            23,
            31
        ],
        [
            23,
            33
        ],
        [
            23,
            39
        ],
        [
            27,
            28
        ],
        [
            27,
            34
        ],
        [
            27,
            36
        ],
        [
            28,
            37
        ],
        [
            28,
            39
        ],
        [
            32,
            36
        ],
        [
            34,
            38
        ],
        [
            36,
            37
        ],
        [
            36,
            38
        ]
    ]
}