{
    "total_node_number": 30,
    "probability_of_edge": 0.13333333333333333,
    "time": {
        "request": 10003.5,
        "reply": 17000.0,
        "forwarding": 0.0
    },
    "request_message_count": 155,
    "route": [
        {
            "name": "Shortest Path",
            "route_node_count": 3,
            "route": [
                0,
                8,
                29
            ]
        },
        {
            "name": "DSRAlgorithm Path",
            "route_node_count": 3,
            "route": [
                0,
                8,
                29
            ]
        }
    ],
    "edges": [
        [
            0,
            8
        ],
        [
            0,
            11
        ],
        [
            0,
            16
        ],
        [
            0,
            17
        ],
        [
            0,
            21
        ],
        [
            0,
            26
        ],
        [
            1,
            20
        ],
        [
            1,
            21
        ],
        [
            1,
            24
        ],
        [
            1,
            28
        ],
        [
            2,
            4
        ],
        [
            2,
            9
        ],
        [
            2,
            10
        ],
        [
            2,
            18
        ],
        [
            2,
            20
        ],
        [
            2,
            22
        ],
        [
            2,
            29
        ],
        [
            3,
            8
        ],
        [
            3,
            15
        ],
        [
            3,
            16
        ],
        [
            3,
            18
        ],
        [
            3,
            24
        ],
        [
            3,
            28
        ],
        [
            3,
            29
        ],
        [
            4,
            5
        ],
        [
            4,
            12
        ],
        [
            4,
            13
        ],
        [
            4,
            15
        ],
        [
            4,
            20
        ],
        [
            4,
            27
        ],
        [
            4,
            29
        ],
        [
            5,
            9
        ],
        [
            5,
            10
        ],
        [
            5,
            11
        ],
        [
            5,
            12
        ],
        [
            5,
            16
        ],
        [
            5,
            25
        ],
        [
            6,
            12
        ],
        [
            7,
            8
        ],
        [
            7,
            11
        ],
        [
            7,
            14
        ],
        [
            7,
            25
        ],
        [
            7,
            26
        ],
        [
            8,
            11
        ],
        [
            8,
            12
        ],
        [
            8,
            21
        ],
        [
            8,
            29
        ],
        [
            9,
            17
        ],
        [
            9,
            23
        ],
        [
            9,
            26
        ],
        [
            10,
            15
        ],
        [
            10,
            27
        ],
        [
            11,
            19
        ],
        [
            12,
            15
        ],
        [
            12,
            22
        ],
        [
            12,
            26
        ],
        [
            13,
            16
        ],
        [
            13,
            18
        ],
        [
            13,
            22
        ],
        [
            13,
            24
        ],
        [
            13,
            28
        ],
        [
            14,
            17
        ],
        [
            14,
            20
        ],
        [
            15,
            20
        ],
        [
            15,
            23
        ],
        [
            17,
            18
        ],
        [
            17,
            23
        ],
        [
            17,
            27
        ],
        [
            17,
            28
        ],
        [
            18,
            26
        ],
        [
            19,
            25
        ],
        [
            19,
            28
        ],
        [
            20,
            21
        ],
        [
            20,
            24
        ],
        [
            20,
            28
        ],
        [
            21,
            28
        ],
        [
            23,
            28
        ],
        [
            24,
            28
        ],
        [
            25,
            29
        ],
        [
            26,
            28
        ]
    ]
}