{
    "total_node_number": 30,
    "probability_of_edge": 0.2,
    "time": {
        "request": 14000.0,
        "reply": 12998.75,
        "forwarding": 1000.25
    },
    "request_message_count": 159,
    "route": [
        {
            "name": "Shortest Path",
            "route_node_count": 3,
            "route": [
                0,
                13,
                29
            ]
        },
        {
            "name": "DSRAlgorithm Path",
            "route_node_count": 3,
            "route": [
                0,
                13,
                29
            ]
        }
    ],
    "edges": [
        [
            0,
            1
        ],
        [
            0,
            7
        ],
        [
            0,
            13
        ],
        [
            0,
            14
        ],
        [
            0,
            18
        ],
        [
            0,
            23
        ],
        [
            1,
            5
        ],
        [
            1,
            6
        ],
        [
            1,
            20
        ],
        [
            1,
            23
        ],
        [
            1,
            25
        ],
        [
            1,
            27
        ],
        [
            2,
            7
        ],
        [
            2,
            13
        ],
        [
            2,
            16
        ],
        [
            2,
            22
        ],
        [
            2,
            23
        ],
        [
            2,
            25
        ],
        [
            2,
            28
        ],
        [
            2,
            29
        ],
        [
            3,
            5
        ],
        [
            3,
            10
        ],
        [
            3,
            12
        ],
        [
            3,
            27
        ],
        [
            4,
            16
        ],
        [
            4,
            19
        ],
        [
            4,
            20
        ],
        [
            4,
            22
        ],
        [
            4,
            26
        ],
        [
            5,
            12
        ],
        [
            5,
            22
        ],
        [
            5,
            28
        ],
        [
            6,
            7
        ],
        [
            6,
            8
        ],
        [
            6,
            13
        ],
        [
            6,
            24
        ],
        [
            7,
            19
        ],
        [
            7,
            22
        ],
        [
            7,
            23
        ],
        [
            7,
            25
        ],
        [
            8,
            13
        ],
        [
            8,
            23
        ],
        [
            8,
            26
        ],
        [
            9,
            26
        ],
        [
            9,
            27
        ],
        [
            10,
            20
        ],
        [
            10,
            25
        ],
        [
            11,
            17
        ],
        [
            11,
            18
        ],
        [
            11,
            19
        ],
        [
            11,
            20
        ],
        [
            12,
            14
        ],
        [
            12,
            17
        ],
        [
            12,
            19
        ],
        [
            12,
            23
        ],
        [
            13,
            18
        ],
        [
            13,
            20
        ],
        [
            13,
            29
        ],
        [
            14,
            19
        ],
        [
            14,
            25
        ],
        [
            14,
            26
        ],
        [
            14,
            28
        ],
        [
            15,
            16
        ],
        [
            15,
            23
        ],
        [
            15,
            29
        ],
        [
            16,
            23
        ],
        [
            16,
            26
        ],
        [
            17,
            23
        ],
        [
            17,
            28
        ],
        [
            18,
            25
        ],
        [
            18,
            27
        ],
        [
            19,
            23
        ],
        [
            20,
            22
        ],
        [
            20,
            25
        ],
        [
            20,
            26
        ],
        [
            21,
            25
        ],
        [
            23,
            24
        ],
        [
            23,
            26
        ],
        [
            24,
            25
        ],
        [
            24,
            26
        ],
        [
            24,
            27
        ]
    ]
}