{
    "total_node_number": 40,
    "probability_of_edge": 0.15,
    "time": {
        "request": 25970.75,
        "reply": 20002.5,
        "forwarding": 1001.75
    },
    "request_message_count": 263,
    "route": [
        {
            "name": "Shortest Path",
            "route_node_count": 4,
            "route": [
                0,
                14,
                21,
                39
            ]
        },
        {
            "name": "DSRAlgorithm Path",
            "route_node_count": 4,
            "route": [
                0,
                3,
                27,
                39
            ]
        }
    ],
    "edges": [
        [
            0,
            3
        ],
        [
            0,
            5
        ],
        [
            0,
            14
        ],
        [
            0,
            28
        ],
        [
            1,
            6
        ],
        [
            1,
            30
        ],
        [
            1,
            33
        ],
        [
            1,
            38
        ],
        [
            1,
            39
        ],
        [
            2,
            5
        ],
        [
            2,
            9
        ],
        [
            2,
            10
        ],
        [
            2,
            23
        ],
        [
            2,
            27
        ],
        [
            2,
            29
        ],
        [
            2,
            30
        ],
        [
            2,
            31
        ],
        [
            2,
            35
        ],
        [
            3,
            19
        ],
        [
            3,
            25
        ],
        [
            3,
            27
        ],
        [
            3,
            28
        ],
        [
            3,
            34
        ],
        [
            4,
            5
        ],
        [
            4,
            10
        ],
        [
            4,
            11
        ],
        [
            4,
            20
        ],
        [
            4,
            25
        ],
        [
            4,
            33
        ],
        [
            4,
            36
        ],
        [
            4,
            37
        ],
        [
            5,
            10
        ],
        [
            5,
            13
        ],
        [
            5,
            14
        ],
        [
            5,
            23
        ],
        [
            5,
            30
        ],
        [
            5,
            33
        ],
        [
            6,
            18
        ],
        [
            6,
            25
        ],
        [
            6,
            30
        ],
        [
            6,
            33
        ],
        [
            7,
            8
        ],
        [
            7,
            10
        ],
        [
            7,
            12
        ],
        [
            7,
            18
        ],
        [
            7,
            24
        ],
        [
            7,
            37
        ],
        [
            8,
            10
        ],
        [
            8,
            22
        ],
        [
            8,
            27
        ],
        [
            8,
            33
        ],
        [
            8,
            36
        ],
        [
            8,
            37
        ],
        [
            9,
            12
        ],
        [
            9,
            22
        ],
        [
            10,
            11
        ],
        [
            10,
            13
        ],
        [
            10,
            16
        ],
        [
            10,
            20
        ],
        [
            10,
            23
        ],
        [
            11,
            12
        ],
        [
            11,
            15
        ],
        [
            11,
            18
        ],
        [
            11,
            22
        ],
        [
            11,
            24
        ],
        [
            11,
            30
        ],
        [
            11,
            32
        ],
        [
            11,
            33
        ],
        [
            12,
            13
        ],
        [
            12,
            14
        ],
        [
            12,
            16
        ],
        [
            13,
            26
        ],
        [
            13,
            32
        ],
        [
            13,
            37
        ],
        [
            14,
            15
        ],
        [
            14,
            21
        ],
        [
            14,
            25
        ],
        [
            14,
            29
        ],
        [
            15,
            20
        ],
        [
            15,
            22
        ],
        [
            15,
            25
        ],
        [
            15,
            31
        ],
        [
            15,
            38
        ],
        [
            16,
            17
        ],
        [
            16,
            21
        ],
        [
            16,
            27
        ],
        [
            16,
            38
        ],
        [
            17,
            21
        ],
        [
            17,
            32
        ],
        [
            17,
            35
        ],
        [
            18,
            23
        ],
        [
            18,
            29
        ],
        [
            19,
            25
        ],
        [
            19,
            28
        ],
        [
            19,
            33
        ],
        [
            19,
            35
        ],
        [
            19,
            36
        ],
        [
            19,
            37
        ],
        [
            20,
            24
        ],
        [
            20,
            26
        ],
        [
            20,
            27
        ],
        [
            20,
            35
        ],
        [
            20,
            36
        ],
        [
            21,
            24
        ],
        [
            21,
            30
        ],
        [
            21,
            33
        ],
        [
            21,
            34
        ],
        [
            21,
            39
        ],
        [
            22,
            27
        ],
        [
            22,
            33
        ],
        [
            23,
            24
        ],
        [
            23,
            29
        ],
        [
            23,
            34
        ],
        [
            24,
            28
        ],
        [
            24,
            31
        ],
        [
            24,
            35
        ],
        [
            25,
            26
        ],
        [
            26,
            28
        ],
        [
            26,
            33
        ],
        [
            26,
            38
        ],
        [
            27,
            39
        ],
        [
            28,
            37
        ],
        [
            29,
            30
        ],
        [
            29,
            31
        ],
        [
            29,
            32
        ],
        [
            29,
            35
        ],
        [
            29,
            37
        ],
        [
            30,
            33
        ],
        [
            30,
            37
        ],
        [
            31,
            37
        ],
        [
            32,
            35
        ],
        [
            34,
            36
        ],
        [
            35,
            38
        ]
    ]
}