{
    "total_node_number": 30,
    "probability_of_edge": 0.2,
    "time": {
        "request": 17000.25,
        "reply": 13000.75,
        "forwarding": 1000.0
    },
    "request_message_count": 173,
    "route": [
        {
            "name": "Shortest Path",
            "route_node_count": 3,
            "route": [
                0,
                5,
                29
            ]
        },
        {
            "name": "DSRAlgorithm Path",
            "route_node_count": 4,
            "route": [
                0,
                9,
                28,
                29
            ]
        }
    ],
    "edges": [
        [
            0,
            3
        ],
        [
            0,
            5
        ],
        [
            0,
            9
        ],
        [
            0,
            10
        ],
        [
            0,
            15
        ],
        [
            0,
            19
        ],
        [
            0,
            21
        ],
        [
            0,
            23
        ],
        [
            0,
            25
        ],
        [
            0,
            28
        ],
        [
            1,
            5
        ],
        [
            1,
            7
        ],
        [
            1,
            13
        ],
        [
            1,
            15
        ],
        [
            1,
            17
        ],
        [
            1,
            21
        ],
        [
            2,
            6
        ],
        [
            2,
            9
        ],
        [
            2,
            12
        ],
        [
            2,
            13
        ],
        [
            2,
            24
        ],
        [
            2,
            29
        ],
        [
            3,
            9
        ],
        [
            3,
            12
        ],
        [
            3,
            18
        ],
        [
            3,
            19
        ],
        [
            3,
            25
        ],
        [
            4,
            5
        ],
        [
            4,
            12
        ],
        [
            5,
            12
        ],
        [
            5,
            14
        ],
        [
            5,
            20
        ],
        [
            5,
            21
        ],
        [
            5,
            29
        ],
        [
            6,
            8
        ],
        [
            6,
            10
        ],
        [
            6,
            13
        ],
        [
            6,
            23
        ],
        [
            7,
            14
        ],
        [
            7,
            16
        ],
        [
            7,
            23
        ],
        [
            7,
            24
        ],
        [
            7,
            29
        ],
        [
            8,
            16
        ],
        [
            8,
            24
        ],
        [
            8,
            26
        ],
        [
            9,
            16
        ],
        [
            9,
            19
        ],
        [
            9,
            28
        ],
        [
            10,
            17
        ],
        [
            10,
            18
        ],
        [
            10,
            19
        ],
        [
            10,
            24
        ],
        [
            10,
            28
        ],
        [
            11,
            14
        ],
        [
            11,
            20
        ],
        [
            11,
            21
        ],
        [
            11,
            22
        ],
        [
            12,
            19
        ],
        [
            12,
            25
        ],
        [
            12,
            27
        ],
        [
            13,
            17
        ],
        [
            13,
            19
        ],
        [
            13,
            20
        ],
        [
            14,
            15
        ],
        [
            14,
            20
        ],
        [
            14,
            25
        ],
        [
            14,
            26
        ],
        [
            15,
            19
        ],
        [
            15,
            27
        ],
        [
            15,
            28
        ],
        [
            16,
            17
        ],
        [
            16,
            25
        ],
        [
            16,
            27
        ],
        [
            16,
            28
        ],
        [
            17,
            19
        ],
        [
            17,
            24
        ],
        [
            18,
            25
        ],
        [
            20,
            21
        ],
        [
            20,
            22
        ],
        [
            20,
            24
        ],
        [
            20,
            28
        ],
        [
            21,
            22
        ],
        [
            22,
            26
        ],
        [
            22,
            29
        ],
        [
            23,
            28
        ],
        [
            26,
            29
        ],
        [
            27,
            28
        ],
        [
            27,
            29
        ],
        [
            28,
            29
        ]
    ]
}