{
    "total_node_number": 40,
    "probability_of_edge": 0.1,
    "time": {
        "request": 28999.5,
        "reply": 2999.75,
        "forwarding": 2000.5
    },
    "request_message_count": 168,
    "route": [
        {
            "name": "Shortest Path",
            "route_node_count": 5,
            "route": [
                0,
                19,
                9,
                21,
                39
            ]
        },
        {
            "name": "DSRAlgorithm Path",
            "route_node_count": 5,
            "route": [
                0,
                19,
                9,
                21,
                39
            ]
        }
    ],
    "edges": [
        [
            0,
            17
        ],
        [
            0,
            19
        ],
        [
            0,
            22
        ],
        [
            0,
            35
        ],
        [
            1,
            7
        ],
        [
            1,
            12
        ],
        [
            2,
            4
        ],
        [
            2,
            27
        ],
        [
            2,
            35
        ],
        [
            2,
            36
        ],
        [
            3,
            7
        ],
        [
            3,
            11
        ],
        [
            3,
            13
        ],
        [
            4,
            5
        ],
        [
            4,
            11
        ],
        [
            4,
            22
        ],
        [
            5,
            7
        ],
        [
            5,
            25
        ],
        [
            5,
            33
        ],
        [
            6,
            15
        ],
        [
            7,
            15
        ],
        [
            7,
            26
        ],
        [
            7,
            36
        ],
        [
            8,
            28
        ],
        [
            8,
            31
        ],
        [
            8,
            37
        ],
        [
            9,
            15
        ],
        [
            9,
            16
        ],
        [
            9,
            18
        ],
        [
            9,
            19
        ],
        [
            9,
            21
        ],
        [
            9,
            23
        ],
        [
            9,
            24
        ],
        [
            9,
            36
        ],
        [
            9,
            37
        ],
        [
            10,
            26
        ],
        [
            11,
            15
        ],
        [
            11,
            19
        ],
        [
            11,
            22
        ],
        [
            11,
            38
        ],
        [
            12,
            32
        ],
        [
            13,
            15
        ],
        [
            13,
            20
        ],
        [
            13,
            31
        ],
        [
            14,
            29
        ],
        [
            14,
            32
        ],
        [
            14,
            34
        ],
        [
            14,
            37
        ],
        [
            14,
            38
        ],
        [
            15,
            16
        ],
        [
            15,
            32
        ],
        [
            16,
            27
        ],
        [
            16,
            34
        ],
        [
            16,
            38
        ],
        [
            17,
            25
        ],
        [
            17,
            32
        ],
        [
            17,
            38
        ],
        [
            18,
            26
        ],
        [
            18,
            31
        ],
        [
            18,
            34
        ],
        [
            19,
            22
        ],
        [
            19,
            27
        ],
        [
            19,
            34
        ],
        [
            20,
            35
        ],
        [
            21,
            36
        ],
        [
            21,
            39
        ],
        [
            22,
            24
        ],
        [
            22,
            38
        ],
        [
            23,
            29
        ],
        [
            23,
            35
        ],
        [
            24,
            31
        ],
        [
            24,
            35
        ],
        [
            24,
            38
        ],
        [
            25,
            27
        ],
        [
            25,
            31
        ],
        [
            26,
            39
        ],
        [
            28,
            36
        ],
        [
            29,
            30
        ],
        [
            29,
            32
        ],
        [
            29,
            33
        ],
        [
            31,
            32
        ],
        [
            31,
            38
        ],
        [
            32,
            33
        ],
        [
            33,
            36
        ],
        [
            35,
            38
        ]
    ]
}