{
    "total_node_number": 40,
    "probability_of_edge": 0.1,
    "time": {
        "request": 18999.75,
        "reply": 13001.0,
        "forwarding": 1001.75
    },
    "request_message_count": 175,
    "route": [
        {
            "name": "Shortest Path",
            "route_node_count": 4,
            "route": [
                0,
                15,
                7,
                39
            ]
        },
        {
            "name": "DSRAlgorithm Path",
            "route_node_count": 4,
            "route": [
                0,
                37,
                28,
                39
            ]
        }
    ],
    "edges": [
        [
            0,
            15
        ],
        [
            0,
            20
        ],
        [
            0,
            26
        ],
        [
            0,
            32
        ],
        [
            0,
            37
        ],
        [
            1,
            18
        ],
        [
            1,
            19
        ],
        [
            1,
            24
        ],
        [
            1,
            30
        ],
        [
            2,
            26
        ],
        [
            3,
            23
        ],
        [
            3,
            26
        ],
        [
            3,
            27
        ],
        [
            3,
            28
        ],
        [
            3,
            35
        ],
        [
            4,
            19
        ],
        [
            4,
            21
        ],
        [
            4,
            31
        ],
        [
            4,
            33
        ],
        [
            5,
            19
        ],
        [
            5,
            29
        ],
        [
            5,
            35
        ],
        [
            6,
            8
        ],
        [
            6,
            10
        ],
        [
            6,
            26
        ],
        [
            6,
            34
        ],
        [
            7,
            11
        ],
        [
            7,
            15
        ],
        [
            7,
            39
        ],
        [
            8,
            11
        ],
        [
            8,
            19
        ],
        [
            8,
            32
        ],
        [
            9,
            15
        ],
        [
            9,
            21
        ],
        [
            9,
            24
        ],
        [
            9,
            26
        ],
        [
            10,
            17
        ],
        [
            10,
            21
        ],
        [
            10,
            33
        ],
        [
            11,
            12
        ],
        [
            11,
            34
        ],
        [
            12,
            13
        ],
        [
            12,
            28
        ],
        [
            12,
            33
        ],
        [
            12,
            37
        ],
        [
            13,
            21
        ],
        [
            13,
            23
        ],
        [
            13,
            31
        ],
        [
            14,
            17
        ],
        [
            14,
            22
        ],
        [
            14,
            29
        ],
        [
            14,
            34
        ],
        [
            15,
            16
        ],
        [
            15,
            28
        ],
        [
            15,
            34
        ],
        [
            15,
            35
        ],
        [
            15,
            36
        ],
        [
            16,
            20
        ],
        [
            16,
            25
        ],
        [
            16,
            27
        ],
        [
            17,
            27
        ],
        [
            17,
            30
        ],
        [
            17,
            37
        ],
        [
            18,
            20
        ],
        [
            18,
            26
        ],
        [
            18,
            39
        ],
        [
            19,
            23
        ],
        [
            19,
            27
        ],
        [
            19,
            34
        ],
        [
            20,
            29
        ],
        [
            20,
            34
        ],
        [
            21,
            39
        ],
        [
            22,
            24
        ],
        [
            22,
            25
        ],
        [
            22,
            33
        ],
        [
            22,
            37
        ],
        [
            22,
            38
        ],
        [
            23,
            25
        ],
        [
            24,
            32
        ],
        [
            25,
            28
        ],
        [
            25,
            29
        ],
        [
            25,
            39
        ],
        [
            27,
            30
        ],
        [
            28,
            35
        ],
        [
            28,
            37
        ],
        [
            28,
            39
        ],
        [
            29,
            36
        ],
        [
            30,
            38
        ],
        [
            32,
            38
        ],
        [
            37,
            38
        ]
    ]
}