{
    "total_node_number": 40,
    "probability_of_edge": 0.15,
    "time": {
        "request": 34998.0,
        "reply": 13002.75,
        "forwarding": 1998.25
    },
    "request_message_count": 241,
    "route": [
        {
            "name": "Shortest Path",
            "route_node_count": 4,
            "route": [
                0,
                11,
                31,
                39
            ]
        },
        {
            "name": "DSRAlgorithm Path",
            "route_node_count": 5,
            "route": [
                0,
                21,
                20,
                31,
                39
            ]
        }
    ],
    "edges": [
        [
            0,
            11
        ],
        [
            0,
            21
        ],
        [
            0,
            26
        ],
        [
            1,
            3
        ],
        [
            1,
            4
        ],
        [
            1,
            9
        ],
        [
            1,
            11
        ],
        [
            1,
            13
        ],
        [
            1,
            14
        ],
        [
            1,
            27
        ],
        [
            1,
            38
        ],
        [
            2,
            19
        ],
        [
            2,
            25
        ],
        [
            2,
            29
        ],
        [
            2,
            37
        ],
        [
            2,
            38
        ],
        [
            3,
            6
        ],
        [
            3,
            13
        ],
        [
            3,
            15
        ],
        [
            3,
            21
        ],
        [
            3,
            29
        ],
        [
            4,
            12
        ],
        [
            4,
            13
        ],
        [
            4,
            30
        ],
        [
            5,
            17
        ],
        [
            5,
            18
        ],
        [
            5,
            27
        ],
        [
            5,
            31
        ],
        [
            5,
            37
        ],
        [
            6,
            10
        ],
        [
            6,
            14
        ],
        [
            6,
            18
        ],
        [
            6,
            21
        ],
        [
            6,
            23
        ],
        [
            6,
            31
        ],
        [
            6,
            37
        ],
        [
            6,
            38
        ],
        [
            7,
            9
        ],
        [
            7,
            15
        ],
        [
            7,
            26
        ],
        [
            7,
            35
        ],
        [
            7,
            38
        ],
        [
            8,
            23
        ],
        [
            8,
            29
        ],
        [
            9,
            11
        ],
        [
            9,
            13
        ],
        [
            9,
            19
        ],
        [
            9,
            20
        ],
        [
            9,
            21
        ],
        [
            9,
            22
        ],
        [
            9,
            29
        ],
        [
            9,
            31
        ],
        [
            10,
            14
        ],
        [
            10,
            22
        ],
        [
            11,
            16
        ],
        [
            11,
            21
        ],
        [
            11,
            31
        ],
        [
            12,
            20
        ],
        [
            12,
            22
        ],
        [
            12,
            23
        ],
        [
            12,
            30
        ],
        [
            12,
            34
        ],
        [
            12,
            35
        ],
        [
            13,
            16
        ],
        [
            13,
            23
        ],
        [
            13,
            31
        ],
        [
            13,
            33
        ],
        [
            13,
            35
        ],
        [
            14,
            24
        ],
        [
            14,
            31
        ],
        [
            14,
            33
        ],
        [
            15,
            19
        ],
        [
            15,
            23
        ],
        [
            15,
            26
        ],
        [
            15,
            32
        ],
        [
            15,
            33
        ],
        [
            16,
            26
        ],
        [
            17,
            23
        ],
        [
            17,
            28
        ],
        [
            17,
            36
        ],
        [
            17,
            39
        ],
        [
            18,
            19
        ],
        [
            18,
            24
        ],
        [
            18,
            25
        ],
        [
            18,
            28
        ],
        [
            18,
            30
        ],
        [
            19,
            23
        ],
        [
            19,
            34
        ],
        [
            20,
            21
        ],
        [
            20,
            23
        ],
        [
            20,
            27
        ],
        [
            20,
            31
        ],
        [
            20,
            32
        ],
        [
            20,
            35
        ],
        [
            20,
            37
        ],
        [
            21,
            22
        ],
        [
            21,
            24
        ],
        [
            21,
            26
        ],
        [
            21,
            29
        ],
        [
            21,
            34
        ],
        [
            23,
            34
        ],
        [
            23,
            36
        ],
        [
            23,
            39
        ],
        [
            24,
            27
        ],
        [
            25,
            33
        ],
        [
            26,
            30
        ],
        [
            26,
            34
        ],
        [
            26,
            38
        ],
        [
            28,
            29
        ],
        [
            28,
            32
        ],
        [
            29,
            34
        ],
        [
            29,
            35
        ],
        [
            29,
            36
        ],
        [
            30,
            36
        ],
        [
            30,
            37
        ],
        [
            31,
            32
        ],
        [
            31,
            34
        ],
        [
            31,
            36
        ],
        [
            31,
            39
        ],
        [
            32,
            34
        ],
        [
            32,
            39
        ],
        [
            35,
            36
        ],
        [
            36,
            39
        ]
    ]
}