{
    "total_node_number": 30,
    "probability_of_edge": 0.2,
    "time": {
        "request": 5001.25,
        "reply": 23000.0,
        "forwarding": 0.0
    },
    "request_message_count": 152,
    "route": [
        {
            "name": "Shortest Path",
            "route_node_count": 3,
            "route": [
                0,
                1,
                29
            ]
        },
        {
            "name": "DSRAlgorithm Path",
            "route_node_count": 3,
            "route": [
                0,
                1,
                29
            ]
        }
    ],
    "edges": [
        [
            0,
            1
        ],
        [
            0,
            8
        ],
        [
            0,
            22
        ],
        [
            1,
            9
        ],
        [
            1,
            11
        ],
        [
            1,
            28
        ],
        [
            1,
            29
        ],
        [
            2,
            3
        ],
        [
            2,
            14
        ],
        [
            2,
            26
        ],
        [
            3,
            5
        ],
        [
            3,
            9
        ],
        [
            3,
            20
        ],
        [
            3,
            22
        ],
        [
            4,
            5
        ],
        [
            4,
            6
        ],
        [
            4,
            12
        ],
        [
            4,
            20
        ],
        [
            5,
            11
        ],
        [
            5,
            16
        ],
        [
            5,
            23
        ],
        [
            5,
            29
        ],
        [
            6,
            8
        ],
        [
            6,
            18
        ],
        [
            6,
            24
        ],
        [
            6,
            26
        ],
        [
            6,
            27
        ],
        [
            6,
            29
        ],
        [
            7,
            8
        ],
        [
            7,
            19
        ],
        [
            7,
            25
        ],
        [
            8,
            11
        ],
        [
            8,
            12
        ],
        [
            8,
            13
        ],
        [
            8,
            19
        ],
        [
            8,
            24
        ],
        [
            8,
            27
        ],
        [
            9,
            19
        ],
        [
            9,
            24
        ],
        [
            9,
            26
        ],
        [
            9,
            27
        ],
        [
            9,
            28
        ],
        [
            10,
            21
        ],
        [
            10,
            27
        ],
        [
            10,
            29
        ],
        [
            11,
            24
        ],
        [
            12,
            17
        ],
        [
            12,
            22
        ],
        [
            12,
            23
        ],
        [
            12,
            25
        ],
        [
            13,
            16
        ],
        [
            13,
            23
        ],
        [
            13,
            25
        ],
        [
            13,
            27
        ],
        [
            13,
            29
        ],
        [
            14,
            16
        ],
        [
            14,
            21
        ],
        [
            14,
            22
        ],
        [
            15,
            19
        ],
        [
            15,
            20
        ],
        [
            15,
            23
        ],
        [
            15,
            25
        ],
        [
            16,
            18
        ],
        [
            16,
            20
        ],
        [
            16,
            22
        ],
        [
            16,
            25
        ],
        [
            17,
            20
        ],
        [
            18,
            20
        ],
        [
            18,
            21
        ],
        [
            18,
            23
        ],
        [
            19,
            22
        ],
        [
            19,
            26
        ],
        [
            20,
            24
        ],
        [
            20,
            26
        ],
        [
            20,
            27
        ],
        [
            21,
            28
        ],
        [
            21,
            29
        ],
        [
            22,
            29
        ],
        [
            23,
            29
        ],
        [
            25,
            27
        ]
    ]
}