{
    "total_node_number": 40,
    "probability_of_edge": 0.15,
    "time": {
        "request": 24999.75,
        "reply": 12000.5,
        "forwarding": 1000.0
    },
    "request_message_count": 198,
    "route": [
        {
            "name": "Shortest Path",
            "route_node_count": 4,
            "route": [
                0,
                10,
                22,
                39
            ]
        },
        {
            "name": "DSRAlgorithm Path",
            "route_node_count": 4,
            "route": [
                0,
                10,
                22,
                39
            ]
        }
    ],
    "edges": [
        [
            0,
            3
        ],
        [
            0,
            10
        ],
        [
            0,
            11
        ],
        [
            0,
            16
        ],
        [
            0,
            23
        ],
        [
            0,
            38
        ],
        [
            1,
            12
        ],
        [
            1,
            29
        ],
        [
            1,
            31
        ],
        [
            1,
            37
        ],
        [
            2,
            9
        ],
        [
            2,
            18
        ],
        [
            2,
            21
        ],
        [
            2,
            22
        ],
        [
            2,
            24
        ],
        [
            2,
            26
        ],
        [
            2,
            31
        ],
        [
            3,
            7
        ],
        [
            3,
            9
        ],
        [
            3,
            13
        ],
        [
            3,
            15
        ],
        [
            3,
            27
        ],
        [
            3,
            32
        ],
        [
            3,
            33
        ],
        [
            4,
            7
        ],
        [
            4,
            8
        ],
        [
            4,
            9
        ],
        [
            4,
            22
        ],
        [
            4,
            24
        ],
        [
            4,
            26
        ],
        [
            4,
            34
        ],
        [
            4,
            35
        ],
        [
            4,
            39
        ],
        [
            5,
            14
        ],
        [
            5,
            19
        ],
        [
            6,
            8
        ],
        [
            6,
            20
        ],
        [
            6,
            26
        ],
        [
            6,
            34
        ],
        [
            7,
            8
        ],
        [
            7,
            11
        ],
        [
            7,
            12
        ],
        [
            7,
            14
        ],
        [
            7,
            18
        ],
        [
            7,
            27
        ],
        [
            7,
            29
        ],
        [
            7,
            31
        ],
        [
            7,
            38
        ],
        [
            8,
            10
        ],
        [
            8,
            13
        ],
        [
            8,
            25
        ],
        [
            9,
            16
        ],
        [
            9,
            20
        ],
        [
            9,
            27
        ],
        [
            9,
            33
        ],
        [
            9,
            35
        ],
        [
            9,
            36
        ],
        [
            10,
            13
        ],
        [
            10,
            22
        ],
        [
            10,
            33
        ],
        [
            11,
            29
        ],
        [
            12,
            20
        ],
        [
            12,
            21
        ],
        [
            12,
            26
        ],
        [
            12,
            31
        ],
        [
            13,
            18
        ],
        [
            13,
            19
        ],
        [
            13,
            22
        ],
        [
            13,
            23
        ],
        [
            13,
            24
        ],
        [
            13,
            28
        ],
        [
            13,
            36
        ],
        [
            14,
            34
        ],
        [
            14,
            35
        ],
        [
            15,
            18
        ],
        [
            15,
            33
        ],
        [
            15,
            35
        ],
        [
            16,
            18
        ],
        [
            16,
            37
        ],
        [
            17,
            31
        ],
        [
            17,
            34
        ],
        [
            18,
            29
        ],
        [
            18,
            39
        ],
        [
            19,
            39
        ],
        [
            20,
            21
        ],
        [
            22,
            27
        ],
        [
            22,
            39
        ],
        [
            23,
            25
        ],
        [
            24,
            33
        ],
        [
            25,
            26
        ],
        [
            25,
            38
        ],
        [
            27,
            36
        ],
        [
            28,
            39
        ],
        [
            29,
            35
        ],
        [
            29,
            39
        ],
        [
            30,
            31
        ],
        [
            30,
            32
        ],
        [
            31,
            36
        ],
        [
            31,
            37
        ],
        [
            32,
            33
        ],
        [
            32,
            36
        ],
        [
            34,
            38
        ]
    ]
}