{
    "total_node_number": 30,
    "probability_of_edge": 0.2,
    "time": {
        "request": 998.5,
        "reply": 6999.75,
        "forwarding": 10000.25
    },
    "request_message_count": 175,
    "route": [
        {
            "name": "Shortest Path",
            "route_node_count": 2,
            "route": [
                0,
                29
            ]
        },
        {
            "name": "DSRAlgorithm Path",
            "route_node_count": 2,
            "route": [
                0,
                29
            ]
        }
    ],
    "edges": [
        [
            0,
            2
        ],
        [
            0,
            10
        ],
        [
            0,
            12
        ],
        [
            0,
            29
        ],
        [
            1,
            3
        ],
        [
            1,
            9
        ],
        [
            1,
            11
        ],
        [
            1,
            13
        ],
        [
            1,
            28
        ],
        [
            2,
            4
        ],
        [
            2,
            5
        ],
        [
            2,
            7
        ],
        [
            2,
            10
        ],
        [
            2,
            12
        ],
        [
            2,
            20
        ],
        [
            2,
            22
        ],
        [
            3,
            7
        ],
        [
            3,
            11
        ],
        [
            3,
            13
        ],
        [
            3,
            18
        ],
        [
            3,
            22
        ],
        [
            3,
            24
        ],
        [
            3,
            25
        ],
        [
            4,
            5
        ],
        [
            4,
            20
        ],
        [
            4,
            21
        ],
        [
            4,
            22
        ],
        [
            4,
            28
        ],
        [
            5,
            7
        ],
        [
            5,
            15
        ],
        [
            5,
            20
        ],
        [
            5,
            28
        ],
        [
            6,
            7
        ],
        [
            6,
            8
        ],
        [
            6,
            12
        ],
        [
            6,
            13
        ],
        [
            6,
            18
        ],
        [
            6,
            22
        ],
        [
            6,
            28
        ],
        [
            7,
            10
        ],
        [
            7,
            13
        ],
        [
            7,
            18
        ],
        [
            7,
            19
        ],
        [
            7,
            24
        ],
        [
            7,
            25
        ],
        [
            8,
            9
        ],
        [
            8,
            15
        ],
        [
            8,
            18
        ],
        [
            8,
            23
        ],
        [
            8,
            26
        ],
        [
            9,
            13
        ],
        [
            9,
            25
        ],
        [
            10,
            13
        ],
        [
            10,
            15
        ],
        [
            10,
            24
        ],
        [
            10,
            29
        ],
        [
            11,
            16
        ],
        [
            11,
            18
        ],
        [
            12,
            13
        ],
        [
            12,
            14
        ],
        [
            12,
            18
        ],
        [
            13,
            23
        ],
        [
            13,
            26
        ],
        [
            13,
            27
        ],
        [
            14,
            21
        ],
        [
            15,
            17
        ],
        [
            15,
            19
        ],
        [
            15,
            20
        ],
        [
            15,
            21
        ],
        [
            15,
            22
        ],
        [
            15,
            26
        ],
        [
            16,
            25
        ],
        [
            17,
            18
        ],
        [
            17,
            20
        ],
        [
            17,
            23
        ],
        [
            18,
            19
        ],
        [
            18,
            25
        ],
        [
            18,
            26
        ],
        [
            18,
            27
        ],
        [
            18,
            29
        ],
        [
            19,
            20
        ],
        [
            20,
            23
        ],
        [
            20,
            27
        ],
        [
            21,
            26
        ],
        [
            22,
            24
        ],
        [
            22,
            29
        ],
        [
            23,
            26
        ],
        [
            24,
            25
        ],
        [
            24,
            29
        ],
        [
            26,
            28
        ]
    ]
}