{
    "total_node_number": 30,
    "probability_of_edge": 0.2,
    "time": {
        "request": 4999.75,
        "reply": 28001.0,
        "forwarding": 0.0
    },
    "request_message_count": 168,
    "route": [
        {
            "name": "Shortest Path",
            "route_node_count": 3,
            "route": [
                0,
                4,
                29
            ]
        },
        {
            "name": "DSRAlgorithm Path",
            "route_node_count": 3,
            "route": [
                0,
                4,
                29
            ]
        }
    ],
    "edges": [
        [
            0,
            4
        ],
        [
            0,
            5
        ],
        [
            0,
            24
        ],
        [
            0,
            25
        ],
        [
            0,
            28
        ],
        [
            1,
            4
        ],
        [
            1,
            7
        ],
        [
            1,
            9
        ],
        [
            1,
            11
        ],
        [
            1,
            16
        ],
        [
            1,
            21
        ],
        [
            1,
            23
        ],
        [
            2,
            3
        ],
        [
            2,
            15
        ],
        [
            2,
            17
        ],
        [
            2,
            25
        ],
        [
            2,
            29
        ],
        [
            3,
            6
        ],
        [
            3,
            9
        ],
        [
            3,
            17
        ],
        [
            3,
            28
        ],
        [
            4,
            29
        ],
        [
            5,
            6
        ],
        [
            5,
            22
        ],
        [
            6,
            7
        ],
        [
            6,
            8
        ],
        [
            6,
            11
        ],
        [
            6,
            16
        ],
        [
            6,
            17
        ],
        [
            6,
            25
        ],
        [
            6,
            27
        ],
        [
            7,
            10
        ],
        [
            7,
            13
        ],
        [
            7,
            16
        ],
        [
            7,
            18
        ],
        [
            7,
            20
        ],
        [
            7,
            24
        ],
        [
            8,
            9
        ],
        [
            8,
            25
        ],
        [
            8,
            26
        ],
        [
            8,
            27
        ],
        [
            8,
            28
        ],
        [
            9,
            13
        ],
        [
            9,
            20
        ],
        [
            9,
            24
        ],
        [
            9,
            28
        ],
        [
            10,
            12
        ],
        [
            10,
            14
        ],
        [
            10,
            22
        ],
        [
            10,
            26
        ],
        [
            11,
            12
        ],
        [
            11,
            14
        ],
        [
            11,
            19
        ],
        [
            12,
            14
        ],
        [
            12,
            15
        ],
        [
            12,
            23
        ],
        [
            12,
            25
        ],
        [
            13,
            25
        ],
        [
            13,
            28
        ],
        [
            14,
            17
        ],
        [
            14,
            19
        ],
        [
            14,
            21
        ],
        [
            14,
            22
        ],
        [
            14,
            24
        ],
        [
            15,
            23
        ],
        [
            15,
            24
        ],
        [
            15,
            26
        ],
        [
            16,
            20
        ],
        [
            16,
            21
        ],
        [
            16,
            23
        ],
        [
            16,
            29
        ],
        [
            18,
            24
        ],
        [
            18,
            25
        ],
        [
            18,
            27
        ],
        [
            19,
            21
        ],
        [
            19,
            23
        ],
        [
            19,
            28
        ],
        [
            20,
            21
        ],
        [
            20,
            22
        ],
        [
            21,
            22
        ],
        [
            21,
            23
        ],
        [
            22,
            26
        ],
        [
            22,
            29
        ],
        [
            23,
            26
        ],
        [
            24,
            27
        ],
        [
            26,
            28
        ]
    ]
}