{
    "total_node_number": 40,
    "probability_of_edge": 0.15,
    "time": {
        "request": 8000.75,
        "reply": 28999.75,
        "forwarding": 0.0
    },
    "request_message_count": 206,
    "route": [
        {
            "name": "Shortest Path",
            "route_node_count": 3,
            "route": [
                0,
                6,
                39
            ]
        },
        {
            "name": "DSRAlgorithm Path",
            "route_node_count": 3,
            "route": [
                0,
                6,
                39
            ]
        }
    ],
    "edges": [
        [
            0,
            6
        ],
        [
            0,
            8
        ],
        [
            0,
            18
        ],
        [
            0,
            21
        ],
        [
            0,
            32
        ],
        [
            0,
            34
        ],
        [
            1,
            4
        ],
        [
            1,
            8
        ],
        [
            1,
            20
        ],
        [
            1,
            25
        ],
        [
            1,
            26
        ],
        [
            1,
            27
        ],
        [
            2,
            17
        ],
        [
            2,
            20
        ],
        [
            2,
            24
        ],
        [
            2,
            27
        ],
        [
            2,
            38
        ],
        [
            3,
            13
        ],
        [
            3,
            16
        ],
        [
            3,
            17
        ],
        [
            3,
            21
        ],
        [
            3,
            30
        ],
        [
            4,
            7
        ],
        [
            4,
            34
        ],
        [
            5,
            16
        ],
        [
            5,
            19
        ],
        [
            5,
            25
        ],
        [
            5,
            29
        ],
        [
            5,
            38
        ],
        [
            5,
            39
        ],
        [
            6,
            8
        ],
        [
            6,
            24
        ],
        [
            6,
            27
        ],
        [
            6,
            39
        ],
        [
            7,
            21
        ],
        [
            7,
            23
        ],
        [
            7,
            24
        ],
        [
            7,
            28
        ],
        [
            7,
            31
        ],
        [
            8,
            19
        ],
        [
            8,
            24
        ],
        [
            8,
            32
        ],
        [
            8,
            36
        ],
        [
            9,
            21
        ],
        [
            9,
            32
        ],
        [
            9,
            37
        ],
        [
            10,
            17
        ],
        [
            10,
            33
        ],
        [
            11,
            21
        ],
        [
            11,
            37
        ],
        [
            11,
            39
        ],
        [
            12,
            15
        ],
        [
            12,
            21
        ],
        [
            12,
            33
        ],
        [
            12,
            36
        ],
        [
            13,
            15
        ],
        [
            13,
            29
        ],
        [
            14,
            18
        ],
        [
            14,
            20
        ],
        [
            14,
            21
        ],
        [
            14,
            28
        ],
        [
            14,
            38
        ],
        [
            15,
            18
        ],
        [
            15,
            19
        ],
        [
            15,
            29
        ],
        [
            15,
            34
        ],
        [
            15,
            37
        ],
        [
            15,
            38
        ],
        [
            16,
            30
        ],
        [
            16,
            33
        ],
        [
            16,
            39
        ],
        [
            17,
            19
        ],
        [
            17,
            22
        ],
        [
            17,
            29
        ],
        [
            18,
            22
        ],
        [
            18,
            26
        ],
        [
            19,
            31
        ],
        [
            19,
            38
        ],
        [
            20,
            21
        ],
        [
            21,
            29
        ],
        [
            22,
            23
        ],
        [
            22,
            30
        ],
        [
            22,
            35
        ],
        [
            23,
            25
        ],
        [
            23,
            28
        ],
        [
            23,
            30
        ],
        [
            23,
            33
        ],
        [
            24,
            39
        ],
        [
            25,
            31
        ],
        [
            25,
            36
        ],
        [
            26,
            29
        ],
        [
            26,
            31
        ],
        [
            27,
            28
        ],
        [
            27,
            29
        ],
        [
            29,
            38
        ],
        [
            30,
            33
        ],
        [
            30,
            34
        ],
        [
            31,
            35
        ],
        [
            31,
            36
        ],
        [
            31,
            38
        ],
        [
            32,
            33
        ],
        [
            33,
            34
        ],
        [
            33,
            35
        ],
        [
            34,
            38
        ],
        [
            35,
            38
        ],
        [
            35,
            39
        ]
    ]
}