{
    "total_node_number": 40,
    "probability_of_edge": 0.15,
    "time": {
        "request": 21999.5,
        "reply": 19999.75,
        "forwarding": 1000.0
    },
    "request_message_count": 226,
    "route": [
        {
            "name": "Shortest Path",
            "route_node_count": 4,
            "route": [
                0,
                13,
                37,
                39
            ]
        },
        {
            "name": "DSRAlgorithm Path",
            "route_node_count": 4,
            "route": [
                0,
                22,
                35,
                39
            ]
        }
    ],
    "edges": [
        [
            0,
            13
        ],
        [
            0,
            22
        ],
        [
            0,
            38
        ],
        [
            1,
            7
        ],
        [
            1,
            24
        ],
        [
            1,
            26
        ],
        [
            1,
            34
        ],
        [
            1,
            38
        ],
        [
            2,
            4
        ],
        [
            2,
            15
        ],
        [
            2,
            20
        ],
        [
            2,
            24
        ],
        [
            2,
            32
        ],
        [
            2,
            35
        ],
        [
            2,
            37
        ],
        [
            3,
            12
        ],
        [
            3,
            14
        ],
        [
            3,
            15
        ],
        [
            3,
            17
        ],
        [
            3,
            23
        ],
        [
            3,
            32
        ],
        [
            4,
            18
        ],
        [
            4,
            28
        ],
        [
            4,
            34
        ],
        [
            4,
            39
        ],
        [
            5,
            7
        ],
        [
            5,
            8
        ],
        [
            5,
            24
        ],
        [
            5,
            28
        ],
        [
            5,
            31
        ],
        [
            5,
            33
        ],
        [
            5,
            38
        ],
        [
            6,
            12
        ],
        [
            6,
            16
        ],
        [
            6,
            24
        ],
        [
            6,
            25
        ],
        [
            6,
            34
        ],
        [
            7,
            20
        ],
        [
            7,
            32
        ],
        [
            8,
            13
        ],
        [
            8,
            24
        ],
        [
            8,
            28
        ],
        [
            8,
            38
        ],
        [
            9,
            15
        ],
        [
            9,
            17
        ],
        [
            9,
            23
        ],
        [
            9,
            24
        ],
        [
            9,
            34
        ],
        [
            10,
            34
        ],
        [
            10,
            36
        ],
        [
            11,
            15
        ],
        [
            11,
            22
        ],
        [
            11,
            29
        ],
        [
            11,
            34
        ],
        [
            11,
            37
        ],
        [
            12,
            14
        ],
        [
            12,
            22
        ],
        [
            12,
            26
        ],
        [
            12,
            39
        ],
        [
            13,
            22
        ],
        [
            13,
            23
        ],
        [
            13,
            24
        ],
        [
            13,
            37
        ],
        [
            14,
            22
        ],
        [
            14,
            25
        ],
        [
            14,
            28
        ],
        [
            14,
            30
        ],
        [
            14,
            36
        ],
        [
            15,
            16
        ],
        [
            15,
            18
        ],
        [
            15,
            21
        ],
        [
            15,
            25
        ],
        [
            15,
            32
        ],
        [
            15,
            35
        ],
        [
            16,
            30
        ],
        [
            16,
            36
        ],
        [
            16,
            39
        ],
        [
            17,
            27
        ],
        [
            17,
            32
        ],
        [
            18,
            22
        ],
        [
            18,
            31
        ],
        [
            19,
            22
        ],
        [
            19,
            39
        ],
        [
            20,
            21
        ],
        [
            20,
            23
        ],
        [
            20,
            36
        ],
        [
            21,
            25
        ],
        [
            21,
            27
        ],
        [
            21,
            34
        ],
        [
            22,
            24
        ],
        [
            22,
            28
        ],
        [
            22,
            31
        ],
        [
            22,
            32
        ],
        [
            22,
            35
        ],
        [
            23,
            26
        ],
        [
            23,
            31
        ],
        [
            23,
            33
        ],
        [
            24,
            27
        ],
        [
            24,
            35
        ],
        [
            25,
            35
        ],
        [
            25,
            37
        ],
        [
            26,
            29
        ],
        [
            26,
            35
        ],
        [
            28,
            31
        ],
        [
            28,
            38
        ],
        [
            29,
            30
        ],
        [
            29,
            37
        ],
        [
            30,
            31
        ],
        [
            30,
            32
        ],
        [
            30,
            35
        ],
        [
            31,
            34
        ],
        [
            32,
            39
        ],
        [
            35,
            36
        ],
        [
            35,
            37
        ],
        [
            35,
            39
        ],
        [
            36,
            39
        ],
        [
            37,
            39
        ]
    ]
}