{
    "total_node_number": 40,
    "probability_of_edge": 0.1,
    "time": {
        "request": 9000.0,
        "reply": 22000.0,
        "forwarding": 0.0
    },
    "request_message_count": 164,
    "route": [
        {
            "name": "Shortest Path",
            "route_node_count": 3,
            "route": [
                0,
                38,
                39
            ]
        },
        {
            "name": "DSRAlgorithm Path",
            "route_node_count": 3,
            "route": [
                0,
                38,
                39
            ]
        }
    ],
    "edges": [
        [
            0,
            7
        ],
        [
            0,
            15
        ],
        [
            0,
            33
        ],
        [
            0,
            38
        ],
        [
            1,
            2
        ],
        [
            1,
            10
        ],
        [
            1,
            15
        ],
        [
            1,
            17
        ],
        [
            2,
            14
        ],
        [
            2,
            18
        ],
        [
            2,
            22
        ],
        [
            2,
            24
        ],
        [
            2,
            37
        ],
        [
            3,
            5
        ],
        [
            3,
            9
        ],
        [
            3,
            20
        ],
        [
            3,
            30
        ],
        [
            3,
            35
        ],
        [
            4,
            5
        ],
        [
            4,
            10
        ],
        [
            4,
            16
        ],
        [
            4,
            18
        ],
        [
            4,
            25
        ],
        [
            5,
            6
        ],
        [
            5,
            13
        ],
        [
            5,
            15
        ],
        [
            5,
            21
        ],
        [
            5,
            24
        ],
        [
            6,
            10
        ],
        [
            6,
            22
        ],
        [
            7,
            13
        ],
        [
            7,
            20
        ],
        [
            8,
            14
        ],
        [
            8,
            18
        ],
        [
            8,
            25
        ],
        [
            9,
            10
        ],
        [
            10,
            13
        ],
        [
            10,
            21
        ],
        [
            10,
            22
        ],
        [
            10,
            33
        ],
        [
            11,
            22
        ],
        [
            11,
            26
        ],
        [
            11,
            35
        ],
        [
            12,
            22
        ],
        [
            12,
            35
        ],
        [
            13,
            14
        ],
        [
            13,
            16
        ],
        [
            13,
            17
        ],
        [
            13,
            19
        ],
        [
            13,
            23
        ],
        [
            14,
            25
        ],
        [
            14,
            29
        ],
        [
            14,
            34
        ],
        [
            15,
            24
        ],
        [
            15,
            27
        ],
        [
            15,
            33
        ],
        [
            15,
            34
        ],
        [
            15,
            36
        ],
        [
            18,
            30
        ],
        [
            18,
            32
        ],
        [
            19,
            25
        ],
        [
            19,
            30
        ],
        [
            20,
            25
        ],
        [
            20,
            28
        ],
        [
            20,
            34
        ],
        [
            21,
            36
        ],
        [
            23,
            36
        ],
        [
            24,
            28
        ],
        [
            24,
            31
        ],
        [
            24,
            38
        ],
        [
            26,
            36
        ],
        [
            27,
            33
        ],
        [
            27,
            36
        ],
        [
            27,
            37
        ],
        [
            29,
            37
        ],
        [
            30,
            39
        ],
        [
            31,
            32
        ],
        [
            31,
            33
        ],
        [
            31,
            36
        ],
        [
            32,
            38
        ],
        [
            34,
            35
        ],
        [
            34,
            38
        ],
        [
            38,
            39
        ]
    ]
}