{
    "total_node_number": 30,
    "probability_of_edge": 0.2,
    "time": {
        "request": 999.5,
        "reply": 1999.25,
        "forwarding": 10999.5
    },
    "request_message_count": 154,
    "route": [
        {
            "name": "Shortest Path",
            "route_node_count": 2,
            "route": [
                0,
                29
            ]
        },
        {
            "name": "DSRAlgorithm Path",
            "route_node_count": 2,
            "route": [
                0,
                29
            ]
        }
    ],
    "edges": [
        [
            0,
            27
        ],
        [
            0,
            29
        ],
        [
            1,
            9
        ],
        [
            1,
            14
        ],
        [
            1,
            28
        ],
        [
            2,
            16
        ],
        [
            2,
            18
        ],
        [
            2,
            19
        ],
        [
            2,
            21
        ],
        [
            2,
            23
        ],
        [
            2,
            29
        ],
        [
            3,
            6
        ],
        [
            3,
            8
        ],
        [
            3,
            14
        ],
        [
            3,
            15
        ],
        [
            3,
            18
        ],
        [
            3,
            24
        ],
        [
            3,
            25
        ],
        [
            3,
            28
        ],
        [
            4,
            7
        ],
        [
            4,
            20
        ],
        [
            5,
            7
        ],
        [
            5,
            8
        ],
        [
            5,
            13
        ],
        [
            6,
            10
        ],
        [
            6,
            22
        ],
        [
            6,
            26
        ],
        [
            7,
            23
        ],
        [
            7,
            24
        ],
        [
            8,
            14
        ],
        [
            8,
            20
        ],
        [
            8,
            22
        ],
        [
            8,
            23
        ],
        [
            8,
            24
        ],
        [
            8,
            25
        ],
        [
            8,
            28
        ],
        [
            9,
            11
        ],
        [
            9,
            25
        ],
        [
            9,
            27
        ],
        [
            10,
            17
        ],
        [
            10,
            21
        ],
        [
            10,
            25
        ],
        [
            10,
            26
        ],
        [
            11,
            19
        ],
        [
            11,
            25
        ],
        [
            11,
            29
        ],
        [
            12,
            14
        ],
        [
            12,
            17
        ],
        [
            12,
            19
        ],
        [
            12,
            21
        ],
        [
            12,
            23
        ],
        [
            12,
            24
        ],
        [
            13,
            17
        ],
        [
            13,
            18
        ],
        [
            13,
            19
        ],
        [
            13,
            21
        ],
        [
            13,
            24
        ],
        [
            13,
            26
        ],
        [
            13,
            27
        ],
        [
            14,
            15
        ],
        [
            14,
            23
        ],
        [
            14,
            25
        ],
        [
            14,
            28
        ],
        [
            14,
            29
        ],
        [
            15,
            27
        ],
        [
            16,
            24
        ],
        [
            17,
            23
        ],
        [
            17,
            29
        ],
        [
            18,
            27
        ],
        [
            19,
            24
        ],
        [
            19,
            25
        ],
        [
            19,
            26
        ],
        [
            20,
            22
        ],
        [
            20,
            25
        ],
        [
            20,
            29
        ],
        [
            21,
            26
        ],
        [
            22,
            28
        ],
        [
            23,
            24
        ],
        [
            24,
            28
        ],
        [
            26,
            27
        ]
    ]
}