{
    "total_node_number": 40,
    "probability_of_edge": 0.1,
    "time": {
        "request": 4000.25,
        "reply": 27999.25,
        "forwarding": 0.0
    },
    "request_message_count": 181,
    "route": [
        {
            "name": "Shortest Path",
            "route_node_count": 3,
            "route": [
                0,
                28,
                39
            ]
        },
        {
            "name": "DSRAlgorithm Path",
            "route_node_count": 3,
            "route": [
                0,
                28,
                39
            ]
        }
    ],
    "edges": [
        [
            0,
            12
        ],
        [
            0,
            28
        ],
        [
            1,
            12
        ],
        [
            1,
            30
        ],
        [
            2,
            8
        ],
        [
            2,
            27
        ],
        [
            3,
            7
        ],
        [
            3,
            11
        ],
        [
            3,
            20
        ],
        [
            3,
            24
        ],
        [
            3,
            31
        ],
        [
            4,
            17
        ],
        [
            4,
            29
        ],
        [
            5,
            7
        ],
        [
            5,
            16
        ],
        [
            5,
            18
        ],
        [
            5,
            20
        ],
        [
            5,
            28
        ],
        [
            5,
            34
        ],
        [
            6,
            12
        ],
        [
            6,
            31
        ],
        [
            6,
            35
        ],
        [
            6,
            37
        ],
        [
            7,
            14
        ],
        [
            7,
            20
        ],
        [
            7,
            29
        ],
        [
            8,
            9
        ],
        [
            8,
            12
        ],
        [
            8,
            13
        ],
        [
            8,
            19
        ],
        [
            8,
            21
        ],
        [
            8,
            25
        ],
        [
            8,
            26
        ],
        [
            8,
            31
        ],
        [
            9,
            13
        ],
        [
            9,
            18
        ],
        [
            9,
            24
        ],
        [
            9,
            32
        ],
        [
            10,
            13
        ],
        [
            10,
            19
        ],
        [
            10,
            25
        ],
        [
            10,
            29
        ],
        [
            11,
            15
        ],
        [
            11,
            17
        ],
        [
            11,
            31
        ],
        [
            12,
            32
        ],
        [
            13,
            16
        ],
        [
            13,
            20
        ],
        [
            13,
            21
        ],
        [
            13,
            24
        ],
        [
            13,
            28
        ],
        [
            13,
            31
        ],
        [
            13,
            36
        ],
        [
            14,
            18
        ],
        [
            14,
            19
        ],
        [
            14,
            20
        ],
        [
            14,
            24
        ],
        [
            14,
            37
        ],
        [
            14,
            38
        ],
        [
            15,
            17
        ],
        [
            16,
            28
        ],
        [
            17,
            25
        ],
        [
            17,
            32
        ],
        [
            17,
            37
        ],
        [
            17,
            39
        ],
        [
            18,
            29
        ],
        [
            19,
            24
        ],
        [
            19,
            39
        ],
        [
            20,
            24
        ],
        [
            20,
            28
        ],
        [
            21,
            27
        ],
        [
            21,
            29
        ],
        [
            22,
            28
        ],
        [
            22,
            29
        ],
        [
            22,
            38
        ],
        [
            23,
            31
        ],
        [
            23,
            34
        ],
        [
            23,
            36
        ],
        [
            23,
            39
        ],
        [
            24,
            27
        ],
        [
            24,
            34
        ],
        [
            26,
            36
        ],
        [
            27,
            38
        ],
        [
            28,
            34
        ],
        [
            28,
            35
        ],
        [
            28,
            39
        ],
        [
            29,
            36
        ],
        [
            29,
            39
        ],
        [
            32,
            35
        ],
        [
            32,
            39
        ],
        [
            33,
            34
        ],
        [
            34,
            39
        ],
        [
            35,
            38
        ],
        [
            36,
            37
        ]
    ]
}