{
    "total_node_number": 40,
    "probability_of_edge": 0.1,
    "time": {
        "request": 20001.5,
        "reply": 9998.5,
        "forwarding": 999.5
    },
    "request_message_count": 158,
    "route": [
        {
            "name": "Shortest Path",
            "route_node_count": 5,
            "route": [
                0,
                24,
                25,
                1,
                39
            ]
        },
        {
            "name": "DSRAlgorithm Path",
            "route_node_count": 5,
            "route": [
                0,
                24,
                25,
                1,
                39
            ]
        }
    ],
    "edges": [
        [
            0,
            13
        ],
        [
            0,
            24
        ],
        [
            1,
            15
        ],
        [
            1,
            17
        ],
        [
            1,
            19
        ],
        [
            1,
            25
        ],
        [
            1,
            27
        ],
        [
            1,
            31
        ],
        [
            1,
            38
        ],
        [
            1,
            39
        ],
        [
            2,
            5
        ],
        [
            2,
            21
        ],
        [
            2,
            27
        ],
        [
            2,
            31
        ],
        [
            2,
            35
        ],
        [
            3,
            6
        ],
        [
            3,
            13
        ],
        [
            3,
            16
        ],
        [
            3,
            23
        ],
        [
            3,
            26
        ],
        [
            4,
            30
        ],
        [
            5,
            6
        ],
        [
            5,
            9
        ],
        [
            5,
            10
        ],
        [
            5,
            15
        ],
        [
            6,
            8
        ],
        [
            6,
            12
        ],
        [
            6,
            23
        ],
        [
            6,
            25
        ],
        [
            6,
            37
        ],
        [
            7,
            10
        ],
        [
            7,
            28
        ],
        [
            7,
            30
        ],
        [
            8,
            18
        ],
        [
            8,
            37
        ],
        [
            9,
            19
        ],
        [
            10,
            19
        ],
        [
            10,
            20
        ],
        [
            10,
            36
        ],
        [
            10,
            38
        ],
        [
            10,
            39
        ],
        [
            11,
            13
        ],
        [
            11,
            30
        ],
        [
            11,
            38
        ],
        [
            12,
            26
        ],
        [
            12,
            35
        ],
        [
            13,
            20
        ],
        [
            13,
            23
        ],
        [
            14,
            32
        ],
        [
            15,
            21
        ],
        [
            15,
            25
        ],
        [
            15,
            36
        ],
        [
            15,
            38
        ],
        [
            16,
            26
        ],
        [
            16,
            30
        ],
        [
            16,
            32
        ],
        [
            17,
            22
        ],
        [
            18,
            29
        ],
        [
            18,
            32
        ],
        [
            18,
            34
        ],
        [
            18,
            38
        ],
        [
            19,
            30
        ],
        [
            20,
            28
        ],
        [
            20,
            36
        ],
        [
            21,
            39
        ],
        [
            23,
            35
        ],
        [
            24,
            25
        ],
        [
            24,
            26
        ],
        [
            24,
            27
        ],
        [
            25,
            26
        ],
        [
            25,
            29
        ],
        [
            26,
            33
        ],
        [
            27,
            31
        ],
        [
            29,
            31
        ],
        [
            29,
            33
        ],
        [
            30,
            33
        ],
        [
            30,
            35
        ],
        [
            31,
            34
        ],
        [
            33,
            34
        ],
        [
            35,
            39
        ],
        [
            36,
            38
        ]
    ]
}