{
    "total_node_number": 30,
    "probability_of_edge": 0.2,
    "time": {
        "request": 24962.75,
        "reply": 7000.75,
        "forwarding": 1001.5
    },
    "request_message_count": 175,
    "route": [
        {
            "name": "Shortest Path",
            "route_node_count": 4,
            "route": [
                0,
                4,
                1,
                29
            ]
        },
        {
            "name": "DSRAlgorithm Path",
            "route_node_count": 4,
            "route": [
                0,
                4,
                21,
                29
            ]
        }
    ],
    "edges": [
        [
            0,
            4
        ],
        [
            0,
            5
        ],
        [
            0,
            9
        ],
        [
            0,
            19
        ],
        [
            0,
            24
        ],
        [
            0,
            28
        ],
        [
            1,
            4
        ],
        [
            1,
            6
        ],
        [
            1,
            12
        ],
        [
            1,
            16
        ],
        [
            1,
            17
        ],
        [
            1,
            20
        ],
        [
            1,
            22
        ],
        [
            1,
            27
        ],
        [
            1,
            29
        ],
        [
            2,
            5
        ],
        [
            2,
            8
        ],
        [
            2,
            11
        ],
        [
            2,
            13
        ],
        [
            2,
            15
        ],
        [
            2,
            16
        ],
        [
            2,
            17
        ],
        [
            2,
            18
        ],
        [
            2,
            24
        ],
        [
            2,
            25
        ],
        [
            2,
            27
        ],
        [
            2,
            28
        ],
        [
            3,
            14
        ],
        [
            3,
            15
        ],
        [
            3,
            29
        ],
        [
            4,
            7
        ],
        [
            4,
            8
        ],
        [
            4,
            14
        ],
        [
            4,
            21
        ],
        [
            4,
            27
        ],
        [
            5,
            10
        ],
        [
            5,
            16
        ],
        [
            5,
            18
        ],
        [
            5,
            23
        ],
        [
            5,
            27
        ],
        [
            6,
            7
        ],
        [
            6,
            10
        ],
        [
            6,
            17
        ],
        [
            6,
            19
        ],
        [
            6,
            23
        ],
        [
            7,
            21
        ],
        [
            7,
            24
        ],
        [
            7,
            29
        ],
        [
            8,
            12
        ],
        [
            8,
            20
        ],
        [
            8,
            24
        ],
        [
            8,
            25
        ],
        [
            9,
            10
        ],
        [
            9,
            17
        ],
        [
            9,
            19
        ],
        [
            9,
            21
        ],
        [
            9,
            24
        ],
        [
            10,
            19
        ],
        [
            10,
            22
        ],
        [
            10,
            26
        ],
        [
            10,
            29
        ],
        [
            11,
            16
        ],
        [
            11,
            18
        ],
        [
            11,
            28
        ],
        [
            12,
            20
        ],
        [
            12,
            21
        ],
        [
            12,
            26
        ],
        [
            12,
            27
        ],
        [
            13,
            16
        ],
        [
            13,
            22
        ],
        [
            14,
            16
        ],
        [
            14,
            20
        ],
        [
            14,
            26
        ],
        [
            15,
            22
        ],
        [
            16,
            21
        ],
        [
            16,
            27
        ],
        [
            17,
            25
        ],
        [
            18,
            22
        ],
        [
            18,
            23
        ],
        [
            18,
            26
        ],
        [
            19,
            21
        ],
        [
            20,
            23
        ],
        [
            20,
            27
        ],
        [
            20,
            28
        ],
        [
            21,
            28
        ],
        [
            21,
            29
        ],
        [
            22,
            29
        ],
        [
            23,
            26
        ],
        [
            24,
            28
        ],
        [
            26,
            27
        ],
        [
            27,
            29
        ]
    ]
}