{
    "total_node_number": 40,
    "probability_of_edge": 0.1,
    "time": {
        "request": 7999.5,
        "reply": 26000.75,
        "forwarding": 1000.0
    },
    "request_message_count": 181,
    "route": [
        {
            "name": "Shortest Path",
            "route_node_count": 4,
            "route": [
                0,
                15,
                17,
                39
            ]
        },
        {
            "name": "DSRAlgorithm Path",
            "route_node_count": 4,
            "route": [
                0,
                15,
                17,
                39
            ]
        }
    ],
    "edges": [
        [
            0,
            15
        ],
        [
            0,
            33
        ],
        [
            1,
            34
        ],
        [
            1,
            35
        ],
        [
            2,
            8
        ],
        [
            2,
            16
        ],
        [
            3,
            4
        ],
        [
            3,
            21
        ],
        [
            3,
            25
        ],
        [
            3,
            38
        ],
        [
            4,
            10
        ],
        [
            4,
            12
        ],
        [
            4,
            13
        ],
        [
            4,
            22
        ],
        [
            4,
            36
        ],
        [
            5,
            8
        ],
        [
            5,
            11
        ],
        [
            5,
            12
        ],
        [
            5,
            33
        ],
        [
            6,
            7
        ],
        [
            6,
            11
        ],
        [
            7,
            9
        ],
        [
            7,
            38
        ],
        [
            8,
            15
        ],
        [
            8,
            18
        ],
        [
            8,
            27
        ],
        [
            8,
            33
        ],
        [
            9,
            11
        ],
        [
            9,
            16
        ],
        [
            9,
            19
        ],
        [
            9,
            27
        ],
        [
            9,
            38
        ],
        [
            10,
            11
        ],
        [
            10,
            24
        ],
        [
            10,
            31
        ],
        [
            11,
            31
        ],
        [
            11,
            32
        ],
        [
            12,
            24
        ],
        [
            12,
            36
        ],
        [
            13,
            24
        ],
        [
            14,
            22
        ],
        [
            14,
            24
        ],
        [
            14,
            26
        ],
        [
            14,
            39
        ],
        [
            15,
            17
        ],
        [
            16,
            19
        ],
        [
            16,
            21
        ],
        [
            16,
            32
        ],
        [
            16,
            34
        ],
        [
            16,
            38
        ],
        [
            17,
            18
        ],
        [
            17,
            20
        ],
        [
            17,
            22
        ],
        [
            17,
            23
        ],
        [
            17,
            25
        ],
        [
            17,
            26
        ],
        [
            17,
            32
        ],
        [
            17,
            39
        ],
        [
            18,
            32
        ],
        [
            18,
            39
        ],
        [
            19,
            31
        ],
        [
            20,
            26
        ],
        [
            20,
            32
        ],
        [
            20,
            34
        ],
        [
            21,
            25
        ],
        [
            21,
            34
        ],
        [
            22,
            26
        ],
        [
            22,
            32
        ],
        [
            22,
            36
        ],
        [
            23,
            29
        ],
        [
            23,
            31
        ],
        [
            24,
            34
        ],
        [
            25,
            29
        ],
        [
            25,
            33
        ],
        [
            25,
            36
        ],
        [
            26,
            29
        ],
        [
            26,
            30
        ],
        [
            26,
            31
        ],
        [
            26,
            34
        ],
        [
            27,
            29
        ],
        [
            27,
            37
        ],
        [
            28,
            29
        ],
        [
            28,
            38
        ],
        [
            29,
            36
        ],
        [
            30,
            31
        ],
        [
            30,
            38
        ],
        [
            30,
            39
        ],
        [
            31,
            35
        ],
        [
            31,
            36
        ],
        [
            31,
            37
        ],
        [
            34,
            36
        ],
        [
            34,
            39
        ],
        [
            35,
            38
        ]
    ]
}