{
    "total_node_number": 30,
    "probability_of_edge": 0.2,
    "time": {
        "request": 0.0,
        "reply": 4999.5,
        "forwarding": 15001.0
    },
    "request_message_count": 162,
    "route": [
        {
            "name": "Shortest Path",
            "route_node_count": 2,
            "route": [
                0,
                29
            ]
        },
        {
            "name": "DSRAlgorithm Path",
            "route_node_count": 2,
            "route": [
                0,
                29
            ]
        }
    ],
    "edges": [
        [
            0,
            1
        ],
        [
            0,
            5
        ],
        [
            0,
            17
        ],
        [
            0,
            21
        ],
        [
            0,
            23
        ],
        [
            0,
            28
        ],
        [
            0,
            29
        ],
        [
            1,
            3
        ],
        [
            1,
            7
        ],
        [
            1,
            12
        ],
        [
            1,
            17
        ],
        [
            1,
            25
        ],
        [
            1,
            29
        ],
        [
            2,
            3
        ],
        [
            2,
            5
        ],
        [
            2,
            6
        ],
        [
            2,
            7
        ],
        [
            2,
            8
        ],
        [
            2,
            13
        ],
        [
            2,
            14
        ],
        [
            2,
            20
        ],
        [
            2,
            29
        ],
        [
            3,
            8
        ],
        [
            3,
            15
        ],
        [
            3,
            17
        ],
        [
            3,
            19
        ],
        [
            3,
            27
        ],
        [
            3,
            28
        ],
        [
            3,
            29
        ],
        [
            4,
            9
        ],
        [
            4,
            10
        ],
        [
            4,
            11
        ],
        [
            4,
            16
        ],
        [
            5,
            12
        ],
        [
            5,
            15
        ],
        [
            5,
            16
        ],
        [
            5,
            21
        ],
        [
            5,
            23
        ],
        [
            5,
            24
        ],
        [
            5,
            28
        ],
        [
            6,
            11
        ],
        [
            6,
            25
        ],
        [
            7,
            8
        ],
        [
            7,
            11
        ],
        [
            7,
            16
        ],
        [
            7,
            21
        ],
        [
            7,
            24
        ],
        [
            8,
            14
        ],
        [
            8,
            20
        ],
        [
            8,
            22
        ],
        [
            8,
            23
        ],
        [
            8,
            28
        ],
        [
            9,
            15
        ],
        [
            9,
            28
        ],
        [
            10,
            15
        ],
        [
            10,
            28
        ],
        [
            10,
            29
        ],
        [
            11,
            18
        ],
        [
            12,
            16
        ],
        [
            12,
            20
        ],
        [
            12,
            27
        ],
        [
            13,
            18
        ],
        [
            13,
            27
        ],
        [
            13,
            29
        ],
        [
            14,
            25
        ],
        [
            15,
            23
        ],
        [
            15,
            25
        ],
        [
            15,
            29
        ],
        [
            16,
            18
        ],
        [
            16,
            24
        ],
        [
            16,
            27
        ],
        [
            17,
            20
        ],
        [
            17,
            22
        ],
        [
            17,
            26
        ],
        [
            17,
            29
        ],
        [
            18,
            20
        ],
        [
            18,
            22
        ],
        [
            19,
            20
        ],
        [
            20,
            21
        ],
        [
            20,
            22
        ],
        [
            20,
            23
        ],
        [
            21,
            26
        ],
        [
            21,
            29
        ],
        [
            24,
            28
        ],
        [
            25,
            28
        ],
        [
            28,
            29
        ]
    ]
}