{
    "total_node_number": 30,
    "probability_of_edge": 0.2,
    "time": {
        "request": 20996.5,
        "reply": 9999.0,
        "forwarding": 1000.25
    },
    "request_message_count": 164,
    "route": [
        {
            "name": "Shortest Path",
            "route_node_count": 4,
            "route": [
                0,
                14,
                1,
                29
            ]
        },
        {
            "name": "DSRAlgorithm Path",
            "route_node_count": 4,
            "route": [
                0,
                5,
                28,
                29
            ]
        }
    ],
    "edges": [
        [
            0,
            2
        ],
        [
            0,
            3
        ],
        [
            0,
            5
        ],
        [
            0,
            8
        ],
        [
            0,
            14
        ],
        [
            0,
            18
        ],
        [
            1,
            11
        ],
        [
            1,
            14
        ],
        [
            1,
            16
        ],
        [
            1,
            24
        ],
        [
            1,
            26
        ],
        [
            1,
            29
        ],
        [
            2,
            6
        ],
        [
            2,
            10
        ],
        [
            2,
            11
        ],
        [
            2,
            17
        ],
        [
            2,
            18
        ],
        [
            2,
            22
        ],
        [
            3,
            4
        ],
        [
            3,
            10
        ],
        [
            3,
            20
        ],
        [
            3,
            21
        ],
        [
            3,
            22
        ],
        [
            3,
            25
        ],
        [
            4,
            13
        ],
        [
            4,
            14
        ],
        [
            4,
            20
        ],
        [
            5,
            11
        ],
        [
            5,
            14
        ],
        [
            5,
            17
        ],
        [
            5,
            23
        ],
        [
            5,
            28
        ],
        [
            6,
            12
        ],
        [
            6,
            15
        ],
        [
            6,
            20
        ],
        [
            6,
            28
        ],
        [
            7,
            14
        ],
        [
            7,
            19
        ],
        [
            7,
            24
        ],
        [
            7,
            25
        ],
        [
            7,
            26
        ],
        [
            8,
            10
        ],
        [
            8,
            15
        ],
        [
            8,
            19
        ],
        [
            8,
            23
        ],
        [
            8,
            24
        ],
        [
            9,
            10
        ],
        [
            9,
            12
        ],
        [
            9,
            24
        ],
        [
            9,
            25
        ],
        [
            9,
            27
        ],
        [
            10,
            12
        ],
        [
            10,
            22
        ],
        [
            10,
            23
        ],
        [
            10,
            27
        ],
        [
            11,
            17
        ],
        [
            11,
            24
        ],
        [
            11,
            26
        ],
        [
            12,
            13
        ],
        [
            13,
            16
        ],
        [
            13,
            29
        ],
        [
            14,
            15
        ],
        [
            14,
            17
        ],
        [
            14,
            18
        ],
        [
            14,
            28
        ],
        [
            15,
            23
        ],
        [
            16,
            17
        ],
        [
            16,
            19
        ],
        [
            16,
            21
        ],
        [
            16,
            28
        ],
        [
            17,
            18
        ],
        [
            17,
            24
        ],
        [
            19,
            25
        ],
        [
            20,
            25
        ],
        [
            21,
            25
        ],
        [
            22,
            23
        ],
        [
            22,
            25
        ],
        [
            23,
            26
        ],
        [
            24,
            27
        ],
        [
            24,
            29
        ],
        [
            25,
            27
        ],
        [
            25,
            28
        ],
        [
            26,
            28
        ],
        [
            28,
            29
        ]
    ]
}