{
    "total_node_number": 40,
    "probability_of_edge": 0.1,
    "time": {
        "request": 4999.25,
        "reply": 23999.5,
        "forwarding": 0.0
    },
    "request_message_count": 171,
    "route": [
        {
            "name": "Shortest Path",
            "route_node_count": 3,
            "route": [
                0,
                13,
                39
            ]
        },
        {
            "name": "DSRAlgorithm Path",
            "route_node_count": 3,
            "route": [
                0,
                13,
                39
            ]
        }
    ],
    "edges": [
        [
            0,
            13
        ],
        [
            0,
            21
        ],
        [
            1,
            10
        ],
        [
            1,
            12
        ],
        [
            1,
            22
        ],
        [
            1,
            32
        ],
        [
            2,
            25
        ],
        [
            2,
            28
        ],
        [
            3,
            5
        ],
        [
            3,
            17
        ],
        [
            3,
            18
        ],
        [
            3,
            22
        ],
        [
            4,
            6
        ],
        [
            4,
            9
        ],
        [
            4,
            26
        ],
        [
            4,
            33
        ],
        [
            4,
            34
        ],
        [
            5,
            11
        ],
        [
            5,
            19
        ],
        [
            5,
            21
        ],
        [
            5,
            33
        ],
        [
            6,
            24
        ],
        [
            6,
            26
        ],
        [
            6,
            28
        ],
        [
            6,
            35
        ],
        [
            7,
            25
        ],
        [
            7,
            30
        ],
        [
            8,
            19
        ],
        [
            8,
            21
        ],
        [
            8,
            22
        ],
        [
            8,
            24
        ],
        [
            8,
            26
        ],
        [
            8,
            28
        ],
        [
            8,
            39
        ],
        [
            9,
            23
        ],
        [
            9,
            25
        ],
        [
            10,
            13
        ],
        [
            10,
            29
        ],
        [
            10,
            33
        ],
        [
            10,
            35
        ],
        [
            11,
            21
        ],
        [
            11,
            24
        ],
        [
            11,
            34
        ],
        [
            12,
            25
        ],
        [
            13,
            34
        ],
        [
            13,
            36
        ],
        [
            13,
            37
        ],
        [
            13,
            39
        ],
        [
            14,
            28
        ],
        [
            15,
            18
        ],
        [
            15,
            21
        ],
        [
            15,
            27
        ],
        [
            15,
            28
        ],
        [
            15,
            29
        ],
        [
            15,
            31
        ],
        [
            15,
            38
        ],
        [
            16,
            32
        ],
        [
            17,
            22
        ],
        [
            17,
            38
        ],
        [
            18,
            25
        ],
        [
            18,
            30
        ],
        [
            18,
            35
        ],
        [
            18,
            36
        ],
        [
            18,
            38
        ],
        [
            19,
            20
        ],
        [
            19,
            21
        ],
        [
            19,
            22
        ],
        [
            19,
            24
        ],
        [
            19,
            29
        ],
        [
            19,
            33
        ],
        [
            20,
            36
        ],
        [
            21,
            23
        ],
        [
            21,
            29
        ],
        [
            21,
            36
        ],
        [
            22,
            30
        ],
        [
            23,
            24
        ],
        [
            23,
            31
        ],
        [
            24,
            29
        ],
        [
            24,
            37
        ],
        [
            26,
            28
        ],
        [
            28,
            30
        ],
        [
            29,
            32
        ],
        [
            29,
            36
        ],
        [
            31,
            37
        ],
        [
            33,
            36
        ],
        [
            34,
            36
        ],
        [
            34,
            39
        ]
    ]
}