{
    "total_node_number": 40,
    "probability_of_edge": 0.15,
    "time": {
        "request": 28000.75,
        "reply": 11001.5,
        "forwarding": 1001.0
    },
    "request_message_count": 221,
    "route": [
        {
            "name": "Shortest Path",
            "route_node_count": 4,
            "route": [
                0,
                1,
                26,
                39
            ]
        },
        {
            "name": "DSRAlgorithm Path",
            "route_node_count": 4,
            "route": [
                0,
                1,
                26,
                39
            ]
        }
    ],
    "edges": [
        [
            0,
            1
        ],
        [
            0,
            21
        ],
        [
            0,
            25
        ],
        [
            0,
            30
        ],
        [
            0,
            36
        ],
        [
            1,
            7
        ],
        [
            1,
            13
        ],
        [
            1,
            18
        ],
        [
            1,
            26
        ],
        [
            1,
            31
        ],
        [
            1,
            34
        ],
        [
            1,
            38
        ],
        [
            2,
            5
        ],
        [
            2,
            7
        ],
        [
            2,
            8
        ],
        [
            2,
            27
        ],
        [
            2,
            39
        ],
        [
            3,
            8
        ],
        [
            3,
            11
        ],
        [
            3,
            23
        ],
        [
            4,
            24
        ],
        [
            4,
            29
        ],
        [
            4,
            37
        ],
        [
            4,
            38
        ],
        [
            5,
            8
        ],
        [
            5,
            9
        ],
        [
            5,
            10
        ],
        [
            5,
            15
        ],
        [
            5,
            18
        ],
        [
            5,
            23
        ],
        [
            5,
            26
        ],
        [
            5,
            30
        ],
        [
            5,
            37
        ],
        [
            6,
            10
        ],
        [
            6,
            14
        ],
        [
            6,
            24
        ],
        [
            7,
            20
        ],
        [
            7,
            22
        ],
        [
            7,
            28
        ],
        [
            7,
            30
        ],
        [
            7,
            33
        ],
        [
            7,
            37
        ],
        [
            8,
            17
        ],
        [
            8,
            27
        ],
        [
            8,
            32
        ],
        [
            8,
            38
        ],
        [
            8,
            39
        ],
        [
            9,
            13
        ],
        [
            9,
            14
        ],
        [
            9,
            17
        ],
        [
            10,
            21
        ],
        [
            10,
            28
        ],
        [
            10,
            29
        ],
        [
            10,
            33
        ],
        [
            11,
            12
        ],
        [
            11,
            26
        ],
        [
            11,
            35
        ],
        [
            12,
            15
        ],
        [
            12,
            19
        ],
        [
            12,
            30
        ],
        [
            13,
            15
        ],
        [
            13,
            20
        ],
        [
            13,
            21
        ],
        [
            14,
            33
        ],
        [
            15,
            19
        ],
        [
            15,
            24
        ],
        [
            15,
            27
        ],
        [
            15,
            28
        ],
        [
            15,
            30
        ],
        [
            15,
            31
        ],
        [
            15,
            34
        ],
        [
            15,
            37
        ],
        [
            15,
            38
        ],
        [
            16,
            17
        ],
        [
            16,
            19
        ],
        [
            16,
            23
        ],
        [
            16,
            33
        ],
        [
            17,
            23
        ],
        [
            17,
            32
        ],
        [
            18,
            20
        ],
        [
            18,
            21
        ],
        [
            18,
            22
        ],
        [
            18,
            23
        ],
        [
            18,
            32
        ],
        [
            18,
            36
        ],
        [
            18,
            37
        ],
        [
            20,
            32
        ],
        [
            21,
            30
        ],
        [
            21,
            32
        ],
        [
            21,
            37
        ],
        [
            21,
            38
        ],
        [
            22,
            27
        ],
        [
            22,
            28
        ],
        [
            23,
            38
        ],
        [
            24,
            25
        ],
        [
            24,
            26
        ],
        [
            24,
            32
        ],
        [
            24,
            34
        ],
        [
            24,
            39
        ],
        [
            25,
            29
        ],
        [
            26,
            29
        ],
        [
            26,
            35
        ],
        [
            26,
            39
        ],
        [
            28,
            32
        ],
        [
            28,
            39
        ],
        [
            31,
            35
        ],
        [
            31,
            36
        ],
        [
            31,
            37
        ],
        [
            32,
            34
        ],
        [
            32,
            37
        ],
        [
            33,
            39
        ],
        [
            34,
            35
        ],
        [
            37,
            38
        ],
        [
            37,
            39
        ]
    ]
}