{
    "total_node_number": 40,
    "probability_of_edge": 0.1,
    "time": {
        "request": 8999.5,
        "reply": 22999.0,
        "forwarding": 1000.75
    },
    "request_message_count": 152,
    "route": [
        {
            "name": "Shortest Path",
            "route_node_count": 4,
            "route": [
                0,
                4,
                14,
                39
            ]
        },
        {
            "name": "DSRAlgorithm Path",
            "route_node_count": 4,
            "route": [
                0,
                6,
                15,
                39
            ]
        }
    ],
    "edges": [
        [
            0,
            4
        ],
        [
            0,
            6
        ],
        [
            0,
            10
        ],
        [
            1,
            9
        ],
        [
            1,
            16
        ],
        [
            1,
            20
        ],
        [
            1,
            38
        ],
        [
            2,
            16
        ],
        [
            2,
            17
        ],
        [
            2,
            27
        ],
        [
            3,
            18
        ],
        [
            3,
            22
        ],
        [
            3,
            25
        ],
        [
            3,
            38
        ],
        [
            3,
            39
        ],
        [
            4,
            14
        ],
        [
            5,
            12
        ],
        [
            5,
            13
        ],
        [
            5,
            31
        ],
        [
            6,
            15
        ],
        [
            6,
            29
        ],
        [
            6,
            30
        ],
        [
            7,
            18
        ],
        [
            7,
            21
        ],
        [
            7,
            28
        ],
        [
            7,
            39
        ],
        [
            8,
            24
        ],
        [
            8,
            25
        ],
        [
            8,
            29
        ],
        [
            8,
            31
        ],
        [
            8,
            37
        ],
        [
            8,
            38
        ],
        [
            9,
            15
        ],
        [
            9,
            23
        ],
        [
            10,
            25
        ],
        [
            10,
            27
        ],
        [
            10,
            35
        ],
        [
            11,
            14
        ],
        [
            11,
            16
        ],
        [
            12,
            13
        ],
        [
            12,
            21
        ],
        [
            13,
            14
        ],
        [
            13,
            18
        ],
        [
            13,
            26
        ],
        [
            13,
            34
        ],
        [
            14,
            18
        ],
        [
            14,
            26
        ],
        [
            14,
            27
        ],
        [
            14,
            39
        ],
        [
            15,
            17
        ],
        [
            15,
            27
        ],
        [
            15,
            35
        ],
        [
            15,
            39
        ],
        [
            16,
            33
        ],
        [
            18,
            19
        ],
        [
            18,
            22
        ],
        [
            18,
            36
        ],
        [
            19,
            30
        ],
        [
            20,
            21
        ],
        [
            20,
            29
        ],
        [
            20,
            31
        ],
        [
            20,
            32
        ],
        [
            20,
            34
        ],
        [
            20,
            38
        ],
        [
            21,
            26
        ],
        [
            22,
            27
        ],
        [
            23,
            27
        ],
        [
            23,
            29
        ],
        [
            24,
            25
        ],
        [
            24,
            34
        ],
        [
            24,
            38
        ],
        [
            27,
            28
        ],
        [
            27,
            29
        ],
        [
            27,
            32
        ],
        [
            28,
            33
        ],
        [
            30,
            32
        ],
        [
            32,
            35
        ],
        [
            32,
            36
        ]
    ]
}