{
    "total_node_number": 30,
    "probability_of_edge": 0.2,
    "time": {
        "request": 18999.75,
        "reply": 8999.75,
        "forwarding": 998.75
    },
    "request_message_count": 169,
    "route": [
        {
            "name": "Shortest Path",
            "route_node_count": 4,
            "route": [
                0,
                13,
                11,
                29
            ]
        },
        {
            "name": "DSRAlgorithm Path",
            "route_node_count": 4,
            "route": [
                0,
                13,
                16,
                29
            ]
        }
    ],
    "edges": [
        [
            0,
            2
        ],
        [
            0,
            10
        ],
        [
            0,
            13
        ],
        [
            0,
            27
        ],
        [
            1,
            5
        ],
        [
            1,
            6
        ],
        [
            1,
            12
        ],
        [
            1,
            16
        ],
        [
            1,
            19
        ],
        [
            1,
            21
        ],
        [
            2,
            8
        ],
        [
            2,
            20
        ],
        [
            2,
            26
        ],
        [
            3,
            6
        ],
        [
            3,
            12
        ],
        [
            3,
            16
        ],
        [
            3,
            22
        ],
        [
            4,
            6
        ],
        [
            4,
            9
        ],
        [
            4,
            11
        ],
        [
            4,
            17
        ],
        [
            4,
            19
        ],
        [
            5,
            12
        ],
        [
            5,
            17
        ],
        [
            5,
            22
        ],
        [
            6,
            8
        ],
        [
            6,
            21
        ],
        [
            6,
            28
        ],
        [
            7,
            9
        ],
        [
            7,
            17
        ],
        [
            7,
            18
        ],
        [
            8,
            12
        ],
        [
            8,
            24
        ],
        [
            8,
            25
        ],
        [
            8,
            27
        ],
        [
            9,
            14
        ],
        [
            9,
            20
        ],
        [
            9,
            24
        ],
        [
            10,
            14
        ],
        [
            10,
            15
        ],
        [
            10,
            16
        ],
        [
            10,
            19
        ],
        [
            10,
            22
        ],
        [
            11,
            13
        ],
        [
            11,
            15
        ],
        [
            11,
            16
        ],
        [
            11,
            19
        ],
        [
            11,
            25
        ],
        [
            11,
            26
        ],
        [
            11,
            29
        ],
        [
            12,
            18
        ],
        [
            12,
            20
        ],
        [
            13,
            15
        ],
        [
            13,
            16
        ],
        [
            13,
            17
        ],
        [
            13,
            19
        ],
        [
            13,
            21
        ],
        [
            13,
            23
        ],
        [
            13,
            26
        ],
        [
            13,
            27
        ],
        [
            14,
            15
        ],
        [
            14,
            21
        ],
        [
            15,
            17
        ],
        [
            15,
            19
        ],
        [
            15,
            20
        ],
        [
            15,
            27
        ],
        [
            16,
            22
        ],
        [
            16,
            29
        ],
        [
            17,
            18
        ],
        [
            17,
            22
        ],
        [
            17,
            25
        ],
        [
            18,
            19
        ],
        [
            18,
            20
        ],
        [
            18,
            25
        ],
        [
            18,
            26
        ],
        [
            18,
            28
        ],
        [
            19,
            20
        ],
        [
            19,
            24
        ],
        [
            19,
            29
        ],
        [
            20,
            22
        ],
        [
            20,
            26
        ],
        [
            21,
            24
        ],
        [
            22,
            25
        ],
        [
            22,
            26
        ],
        [
            22,
            27
        ],
        [
            25,
            27
        ]
    ]
}