{
    "total_node_number": 40,
    "probability_of_edge": 0.1,
    "time": {
        "request": 1013.75,
        "reply": 3985.75,
        "forwarding": 10997.75
    },
    "request_message_count": 159,
    "route": [
        {
            "name": "Shortest Path",
            "route_node_count": 2,
            "route": [
                0,
                39
            ]
        },
        {
            "name": "DSRAlgorithm Path",
            "route_node_count": 2,
            "route": [
                0,
                39
            ]
        }
    ],
    "edges": [
        [
            0,
            5
        ],
        [
            0,
            10
        ],
        [
            0,
            13
        ],
        [
            0,
            17
        ],
        [
            0,
            21
        ],
        [
            0,
            39
        ],
        [
            1,
            10
        ],
        [
            1,
            15
        ],
        [
            1,
            16
        ],
        [
            1,
            18
        ],
        [
            2,
            26
        ],
        [
            2,
            32
        ],
        [
            2,
            36
        ],
        [
            3,
            31
        ],
        [
            3,
            33
        ],
        [
            3,
            35
        ],
        [
            4,
            11
        ],
        [
            4,
            21
        ],
        [
            4,
            28
        ],
        [
            4,
            33
        ],
        [
            4,
            36
        ],
        [
            4,
            39
        ],
        [
            5,
            15
        ],
        [
            5,
            19
        ],
        [
            5,
            37
        ],
        [
            6,
            12
        ],
        [
            6,
            16
        ],
        [
            6,
            25
        ],
        [
            7,
            25
        ],
        [
            7,
            28
        ],
        [
            7,
            36
        ],
        [
            8,
            15
        ],
        [
            8,
            34
        ],
        [
            9,
            22
        ],
        [
            9,
            26
        ],
        [
            9,
            28
        ],
        [
            10,
            20
        ],
        [
            10,
            31
        ],
        [
            11,
            12
        ],
        [
            11,
            26
        ],
        [
            11,
            36
        ],
        [
            11,
            39
        ],
        [
            12,
            31
        ],
        [
            12,
            36
        ],
        [
            13,
            14
        ],
        [
            13,
            15
        ],
        [
            13,
            24
        ],
        [
            13,
            27
        ],
        [
            13,
            30
        ],
        [
            14,
            17
        ],
        [
            15,
            29
        ],
        [
            16,
            25
        ],
        [
            16,
            31
        ],
        [
            16,
            35
        ],
        [
            17,
            22
        ],
        [
            17,
            26
        ],
        [
            18,
            21
        ],
        [
            18,
            22
        ],
        [
            18,
            31
        ],
        [
            18,
            32
        ],
        [
            18,
            34
        ],
        [
            18,
            35
        ],
        [
            19,
            26
        ],
        [
            19,
            31
        ],
        [
            19,
            33
        ],
        [
            20,
            32
        ],
        [
            21,
            26
        ],
        [
            23,
            25
        ],
        [
            23,
            32
        ],
        [
            24,
            27
        ],
        [
            24,
            34
        ],
        [
            24,
            35
        ],
        [
            26,
            28
        ],
        [
            26,
            31
        ],
        [
            26,
            38
        ],
        [
            27,
            30
        ],
        [
            27,
            38
        ],
        [
            28,
            31
        ],
        [
            29,
            33
        ],
        [
            31,
            37
        ],
        [
            37,
            38
        ]
    ]
}