{
    "total_node_number": 40,
    "probability_of_edge": 0.1,
    "time": {
        "request": 9998.75,
        "reply": 18999.5,
        "forwarding": 970.0
    },
    "request_message_count": 159,
    "route": [
        {
            "name": "Shortest Path",
            "route_node_count": 3,
            "route": [
                0,
                6,
                39
            ]
        },
        {
            "name": "DSRAlgorithm Path",
            "route_node_count": 3,
            "route": [
                0,
                6,
                39
            ]
        }
    ],
    "edges": [
        [
            0,
            3
        ],
        [
            0,
            6
        ],
        [
            0,
            13
        ],
        [
            0,
            17
        ],
        [
            0,
            18
        ],
        [
            0,
            25
        ],
        [
            0,
            31
        ],
        [
            0,
            36
        ],
        [
            0,
            38
        ],
        [
            1,
            20
        ],
        [
            1,
            21
        ],
        [
            1,
            24
        ],
        [
            1,
            33
        ],
        [
            2,
            12
        ],
        [
            2,
            23
        ],
        [
            2,
            33
        ],
        [
            3,
            35
        ],
        [
            4,
            13
        ],
        [
            4,
            34
        ],
        [
            5,
            8
        ],
        [
            5,
            14
        ],
        [
            5,
            15
        ],
        [
            5,
            16
        ],
        [
            5,
            25
        ],
        [
            5,
            33
        ],
        [
            6,
            14
        ],
        [
            6,
            23
        ],
        [
            6,
            39
        ],
        [
            7,
            27
        ],
        [
            7,
            28
        ],
        [
            8,
            12
        ],
        [
            8,
            29
        ],
        [
            8,
            31
        ],
        [
            8,
            33
        ],
        [
            9,
            12
        ],
        [
            9,
            31
        ],
        [
            9,
            33
        ],
        [
            10,
            30
        ],
        [
            11,
            15
        ],
        [
            11,
            27
        ],
        [
            11,
            36
        ],
        [
            12,
            14
        ],
        [
            12,
            16
        ],
        [
            12,
            19
        ],
        [
            12,
            30
        ],
        [
            13,
            15
        ],
        [
            13,
            20
        ],
        [
            13,
            31
        ],
        [
            13,
            37
        ],
        [
            14,
            16
        ],
        [
            14,
            22
        ],
        [
            15,
            17
        ],
        [
            15,
            24
        ],
        [
            15,
            27
        ],
        [
            15,
            28
        ],
        [
            15,
            36
        ],
        [
            16,
            17
        ],
        [
            16,
            33
        ],
        [
            17,
            20
        ],
        [
            17,
            27
        ],
        [
            17,
            30
        ],
        [
            17,
            36
        ],
        [
            18,
            21
        ],
        [
            19,
            33
        ],
        [
            19,
            37
        ],
        [
            21,
            29
        ],
        [
            22,
            36
        ],
        [
            22,
            37
        ],
        [
            23,
            26
        ],
        [
            25,
            32
        ],
        [
            25,
            34
        ],
        [
            25,
            35
        ],
        [
            27,
            28
        ],
        [
            27,
            35
        ],
        [
            27,
            36
        ],
        [
            29,
            38
        ],
        [
            31,
            33
        ],
        [
            31,
            35
        ],
        [
            34,
            35
        ],
        [
            37,
            38
        ]
    ]
}