{
    "total_node_number": 30,
    "probability_of_edge": 0.2,
    "time": {
        "request": 14999.75,
        "reply": 13999.5,
        "forwarding": 1001.75
    },
    "request_message_count": 164,
    "route": [
        {
            "name": "Shortest Path",
            "route_node_count": 4,
            "route": [
                0,
                5,
                20,
                29
            ]
        },
        {
            "name": "DSRAlgorithm Path",
            "route_node_count": 4,
            "route": [
                0,
                5,
                20,
                29
            ]
        }
    ],
    "edges": [
        [
            0,
            5
        ],
        [
            0,
            13
        ],
        [
            0,
            15
        ],
        [
            0,
            27
        ],
        [
            1,
            11
        ],
        [
            1,
            15
        ],
        [
            1,
            17
        ],
        [
            1,
            21
        ],
        [
            2,
            7
        ],
        [
            2,
            8
        ],
        [
            2,
            18
        ],
        [
            2,
            19
        ],
        [
            2,
            23
        ],
        [
            3,
            7
        ],
        [
            3,
            10
        ],
        [
            3,
            20
        ],
        [
            3,
            21
        ],
        [
            3,
            22
        ],
        [
            3,
            23
        ],
        [
            3,
            26
        ],
        [
            3,
            28
        ],
        [
            4,
            9
        ],
        [
            4,
            10
        ],
        [
            4,
            11
        ],
        [
            4,
            16
        ],
        [
            4,
            18
        ],
        [
            4,
            20
        ],
        [
            5,
            7
        ],
        [
            5,
            14
        ],
        [
            5,
            18
        ],
        [
            5,
            20
        ],
        [
            5,
            23
        ],
        [
            6,
            17
        ],
        [
            6,
            26
        ],
        [
            6,
            27
        ],
        [
            7,
            11
        ],
        [
            7,
            12
        ],
        [
            7,
            13
        ],
        [
            7,
            17
        ],
        [
            8,
            11
        ],
        [
            8,
            14
        ],
        [
            8,
            15
        ],
        [
            9,
            10
        ],
        [
            9,
            16
        ],
        [
            9,
            22
        ],
        [
            9,
            25
        ],
        [
            9,
            28
        ],
        [
            10,
            12
        ],
        [
            10,
            26
        ],
        [
            11,
            16
        ],
        [
            12,
            21
        ],
        [
            12,
            26
        ],
        [
            12,
            27
        ],
        [
            13,
            19
        ],
        [
            13,
            28
        ],
        [
            14,
            15
        ],
        [
            14,
            18
        ],
        [
            14,
            19
        ],
        [
            14,
            26
        ],
        [
            14,
            27
        ],
        [
            15,
            20
        ],
        [
            15,
            21
        ],
        [
            15,
            22
        ],
        [
            15,
            27
        ],
        [
            16,
            22
        ],
        [
            16,
            25
        ],
        [
            17,
            18
        ],
        [
            17,
            25
        ],
        [
            17,
            27
        ],
        [
            18,
            24
        ],
        [
            18,
            28
        ],
        [
            19,
            21
        ],
        [
            19,
            26
        ],
        [
            19,
            28
        ],
        [
            20,
            27
        ],
        [
            20,
            29
        ],
        [
            21,
            23
        ],
        [
            21,
            26
        ],
        [
            22,
            23
        ],
        [
            22,
            27
        ],
        [
            24,
            29
        ],
        [
            25,
            29
        ],
        [
            27,
            28
        ],
        [
            28,
            29
        ]
    ]
}