{
    "total_node_number": 30,
    "probability_of_edge": 0.2,
    "time": {
        "request": 11001.5,
        "reply": 20000.25,
        "forwarding": 994.5
    },
    "request_message_count": 174,
    "route": [
        {
            "name": "Shortest Path",
            "route_node_count": 3,
            "route": [
                0,
                3,
                29
            ]
        },
        {
            "name": "DSRAlgorithm Path",
            "route_node_count": 3,
            "route": [
                0,
                14,
                29
            ]
        }
    ],
    "edges": [
        [
            0,
            3
        ],
        [
            0,
            7
        ],
        [
            0,
            9
        ],
        [
            0,
            10
        ],
        [
            0,
            14
        ],
        [
            0,
            15
        ],
        [
            0,
            20
        ],
        [
            0,
            22
        ],
        [
            1,
            3
        ],
        [
            1,
            5
        ],
        [
            1,
            6
        ],
        [
            1,
            9
        ],
        [
            1,
            11
        ],
        [
            1,
            12
        ],
        [
            1,
            26
        ],
        [
            1,
            27
        ],
        [
            2,
            4
        ],
        [
            2,
            17
        ],
        [
            2,
            22
        ],
        [
            3,
            8
        ],
        [
            3,
            16
        ],
        [
            3,
            17
        ],
        [
            3,
            29
        ],
        [
            4,
            6
        ],
        [
            4,
            8
        ],
        [
            4,
            9
        ],
        [
            4,
            12
        ],
        [
            4,
            22
        ],
        [
            4,
            24
        ],
        [
            4,
            28
        ],
        [
            5,
            7
        ],
        [
            5,
            9
        ],
        [
            5,
            13
        ],
        [
            5,
            14
        ],
        [
            5,
            29
        ],
        [
            6,
            11
        ],
        [
            6,
            12
        ],
        [
            6,
            17
        ],
        [
            6,
            22
        ],
        [
            6,
            23
        ],
        [
            6,
            25
        ],
        [
            7,
            10
        ],
        [
            7,
            13
        ],
        [
            7,
            15
        ],
        [
            7,
            16
        ],
        [
            7,
            18
        ],
        [
            7,
            22
        ],
        [
            7,
            24
        ],
        [
            8,
            9
        ],
        [
            8,
            23
        ],
        [
            8,
            27
        ],
        [
            9,
            11
        ],
        [
            9,
            25
        ],
        [
            10,
            17
        ],
        [
            10,
            26
        ],
        [
            10,
            29
        ],
        [
            11,
            17
        ],
        [
            11,
            24
        ],
        [
            11,
            27
        ],
        [
            11,
            28
        ],
        [
            12,
            13
        ],
        [
            12,
            14
        ],
        [
            13,
            20
        ],
        [
            13,
            23
        ],
        [
            14,
            18
        ],
        [
            14,
            25
        ],
        [
            14,
            26
        ],
        [
            14,
            28
        ],
        [
            14,
            29
        ],
        [
            15,
            18
        ],
        [
            15,
            22
        ],
        [
            15,
            28
        ],
        [
            16,
            18
        ],
        [
            16,
            19
        ],
        [
            16,
            20
        ],
        [
            16,
            22
        ],
        [
            16,
            26
        ],
        [
            16,
            27
        ],
        [
            17,
            24
        ],
        [
            18,
            21
        ],
        [
            18,
            29
        ],
        [
            19,
            20
        ],
        [
            19,
            21
        ],
        [
            19,
            29
        ],
        [
            21,
            24
        ],
        [
            22,
            24
        ],
        [
            22,
            26
        ],
        [
            23,
            28
        ],
        [
            23,
            29
        ],
        [
            25,
            26
        ],
        [
            25,
            29
        ]
    ]
}