{
    "total_node_number": 30,
    "probability_of_edge": 0.2,
    "time": {
        "request": 14000.5,
        "reply": 13000.0,
        "forwarding": 1000.5
    },
    "request_message_count": 154,
    "route": [
        {
            "name": "Shortest Path",
            "route_node_count": 4,
            "route": [
                0,
                5,
                8,
                29
            ]
        },
        {
            "name": "DSRAlgorithm Path",
            "route_node_count": 4,
            "route": [
                0,
                27,
                8,
                29
            ]
        }
    ],
    "edges": [
        [
            0,
            3
        ],
        [
            0,
            5
        ],
        [
            0,
            6
        ],
        [
            0,
            9
        ],
        [
            0,
            11
        ],
        [
            0,
            27
        ],
        [
            1,
            9
        ],
        [
            1,
            12
        ],
        [
            1,
            16
        ],
        [
            1,
            22
        ],
        [
            1,
            23
        ],
        [
            1,
            26
        ],
        [
            1,
            27
        ],
        [
            2,
            4
        ],
        [
            2,
            10
        ],
        [
            2,
            15
        ],
        [
            2,
            16
        ],
        [
            2,
            20
        ],
        [
            2,
            21
        ],
        [
            3,
            11
        ],
        [
            3,
            21
        ],
        [
            3,
            24
        ],
        [
            3,
            28
        ],
        [
            4,
            12
        ],
        [
            4,
            16
        ],
        [
            4,
            19
        ],
        [
            4,
            23
        ],
        [
            4,
            24
        ],
        [
            4,
            26
        ],
        [
            5,
            8
        ],
        [
            5,
            12
        ],
        [
            6,
            11
        ],
        [
            6,
            12
        ],
        [
            6,
            15
        ],
        [
            7,
            26
        ],
        [
            8,
            9
        ],
        [
            8,
            12
        ],
        [
            8,
            13
        ],
        [
            8,
            18
        ],
        [
            8,
            25
        ],
        [
            8,
            27
        ],
        [
            8,
            29
        ],
        [
            9,
            12
        ],
        [
            9,
            13
        ],
        [
            9,
            22
        ],
        [
            9,
            23
        ],
        [
            9,
            27
        ],
        [
            10,
            15
        ],
        [
            10,
            17
        ],
        [
            10,
            18
        ],
        [
            10,
            23
        ],
        [
            11,
            16
        ],
        [
            11,
            19
        ],
        [
            11,
            28
        ],
        [
            12,
            17
        ],
        [
            12,
            22
        ],
        [
            12,
            25
        ],
        [
            12,
            26
        ],
        [
            12,
            28
        ],
        [
            14,
            16
        ],
        [
            15,
            18
        ],
        [
            15,
            20
        ],
        [
            15,
            22
        ],
        [
            16,
            22
        ],
        [
            16,
            25
        ],
        [
            16,
            26
        ],
        [
            16,
            28
        ],
        [
            17,
            25
        ],
        [
            17,
            27
        ],
        [
            18,
            19
        ],
        [
            18,
            25
        ],
        [
            19,
            26
        ],
        [
            19,
            27
        ],
        [
            19,
            28
        ],
        [
            20,
            26
        ],
        [
            20,
            27
        ],
        [
            22,
            26
        ],
        [
            22,
            29
        ]
    ]
}