{
    "total_node_number": 40,
    "probability_of_edge": 0.1,
    "time": {
        "request": 11999.75,
        "reply": 20999.0,
        "forwarding": 1000.5
    },
    "request_message_count": 174,
    "route": [
        {
            "name": "Shortest Path",
            "route_node_count": 4,
            "route": [
                0,
                2,
                7,
                39
            ]
        },
        {
            "name": "DSRAlgorithm Path",
            "route_node_count": 4,
            "route": [
                0,
                2,
                7,
                39
            ]
        }
    ],
    "edges": [
        [
            0,
            2
        ],
        [
            0,
            6
        ],
        [
            0,
            12
        ],
        [
            0,
            14
        ],
        [
            0,
            18
        ],
        [
            1,
            4
        ],
        [
            1,
            6
        ],
        [
            1,
            19
        ],
        [
            1,
            35
        ],
        [
            2,
            5
        ],
        [
            2,
            7
        ],
        [
            2,
            11
        ],
        [
            2,
            17
        ],
        [
            3,
            20
        ],
        [
            3,
            24
        ],
        [
            3,
            28
        ],
        [
            3,
            33
        ],
        [
            3,
            34
        ],
        [
            4,
            5
        ],
        [
            4,
            14
        ],
        [
            4,
            26
        ],
        [
            4,
            29
        ],
        [
            4,
            33
        ],
        [
            4,
            36
        ],
        [
            4,
            37
        ],
        [
            5,
            6
        ],
        [
            6,
            16
        ],
        [
            6,
            21
        ],
        [
            6,
            30
        ],
        [
            7,
            9
        ],
        [
            7,
            29
        ],
        [
            7,
            39
        ],
        [
            8,
            11
        ],
        [
            8,
            15
        ],
        [
            8,
            18
        ],
        [
            8,
            31
        ],
        [
            9,
            38
        ],
        [
            10,
            18
        ],
        [
            10,
            20
        ],
        [
            10,
            28
        ],
        [
            10,
            31
        ],
        [
            11,
            19
        ],
        [
            11,
            20
        ],
        [
            11,
            26
        ],
        [
            11,
            31
        ],
        [
            12,
            19
        ],
        [
            12,
            20
        ],
        [
            13,
            16
        ],
        [
            13,
            29
        ],
        [
            13,
            35
        ],
        [
            13,
            38
        ],
        [
            13,
            39
        ],
        [
            14,
            19
        ],
        [
            14,
            27
        ],
        [
            14,
            33
        ],
        [
            15,
            21
        ],
        [
            15,
            25
        ],
        [
            15,
            28
        ],
        [
            16,
            27
        ],
        [
            17,
            25
        ],
        [
            17,
            38
        ],
        [
            19,
            20
        ],
        [
            20,
            22
        ],
        [
            20,
            36
        ],
        [
            21,
            24
        ],
        [
            22,
            26
        ],
        [
            22,
            30
        ],
        [
            23,
            24
        ],
        [
            23,
            30
        ],
        [
            23,
            35
        ],
        [
            24,
            32
        ],
        [
            24,
            36
        ],
        [
            24,
            39
        ],
        [
            25,
            38
        ],
        [
            26,
            38
        ],
        [
            27,
            30
        ],
        [
            27,
            37
        ],
        [
            28,
            39
        ],
        [
            29,
            31
        ],
        [
            29,
            38
        ],
        [
            31,
            33
        ],
        [
            31,
            34
        ],
        [
            31,
            37
        ],
        [
            33,
            34
        ],
        [
            33,
            35
        ],
        [
            34,
            39
        ],
        [
            35,
            36
        ],
        [
            35,
            38
        ],
        [
            36,
            38
        ],
        [
            38,
            39
        ]
    ]
}