{
    "total_node_number": 40,
    "probability_of_edge": 0.15,
    "time": {
        "request": 14958.75,
        "reply": 16998.75,
        "forwarding": 1001.5
    },
    "request_message_count": 197,
    "route": [
        {
            "name": "Shortest Path",
            "route_node_count": 4,
            "route": [
                0,
                18,
                17,
                39
            ]
        },
        {
            "name": "DSRAlgorithm Path",
            "route_node_count": 4,
            "route": [
                0,
                30,
                5,
                39
            ]
        }
    ],
    "edges": [
        [
            0,
            4
        ],
        [
            0,
            18
        ],
        [
            0,
            28
        ],
        [
            0,
            30
        ],
        [
            1,
            3
        ],
        [
            1,
            15
        ],
        [
            1,
            18
        ],
        [
            1,
            20
        ],
        [
            1,
            36
        ],
        [
            2,
            5
        ],
        [
            2,
            12
        ],
        [
            2,
            18
        ],
        [
            2,
            20
        ],
        [
            2,
            29
        ],
        [
            2,
            31
        ],
        [
            2,
            37
        ],
        [
            3,
            4
        ],
        [
            3,
            10
        ],
        [
            3,
            12
        ],
        [
            3,
            27
        ],
        [
            4,
            9
        ],
        [
            4,
            33
        ],
        [
            4,
            37
        ],
        [
            5,
            6
        ],
        [
            5,
            11
        ],
        [
            5,
            17
        ],
        [
            5,
            30
        ],
        [
            5,
            37
        ],
        [
            5,
            39
        ],
        [
            6,
            19
        ],
        [
            6,
            23
        ],
        [
            6,
            24
        ],
        [
            7,
            23
        ],
        [
            7,
            25
        ],
        [
            7,
            30
        ],
        [
            8,
            11
        ],
        [
            8,
            17
        ],
        [
            8,
            21
        ],
        [
            9,
            14
        ],
        [
            9,
            26
        ],
        [
            9,
            33
        ],
        [
            9,
            35
        ],
        [
            10,
            16
        ],
        [
            10,
            17
        ],
        [
            10,
            23
        ],
        [
            10,
            24
        ],
        [
            10,
            26
        ],
        [
            10,
            29
        ],
        [
            10,
            31
        ],
        [
            10,
            34
        ],
        [
            10,
            38
        ],
        [
            11,
            21
        ],
        [
            11,
            29
        ],
        [
            12,
            17
        ],
        [
            12,
            20
        ],
        [
            12,
            24
        ],
        [
            12,
            36
        ],
        [
            13,
            24
        ],
        [
            13,
            27
        ],
        [
            14,
            19
        ],
        [
            14,
            20
        ],
        [
            14,
            27
        ],
        [
            14,
            34
        ],
        [
            14,
            36
        ],
        [
            15,
            16
        ],
        [
            15,
            23
        ],
        [
            15,
            34
        ],
        [
            15,
            38
        ],
        [
            15,
            39
        ],
        [
            16,
            28
        ],
        [
            17,
            18
        ],
        [
            17,
            22
        ],
        [
            17,
            39
        ],
        [
            18,
            19
        ],
        [
            18,
            30
        ],
        [
            19,
            24
        ],
        [
            19,
            27
        ],
        [
            20,
            35
        ],
        [
            20,
            36
        ],
        [
            20,
            37
        ],
        [
            20,
            39
        ],
        [
            21,
            23
        ],
        [
            21,
            32
        ],
        [
            21,
            35
        ],
        [
            22,
            32
        ],
        [
            23,
            24
        ],
        [
            23,
            32
        ],
        [
            25,
            37
        ],
        [
            26,
            28
        ],
        [
            26,
            30
        ],
        [
            26,
            37
        ],
        [
            27,
            35
        ],
        [
            30,
            31
        ],
        [
            31,
            33
        ],
        [
            31,
            36
        ],
        [
            31,
            39
        ],
        [
            32,
            35
        ],
        [
            32,
            36
        ],
        [
            32,
            37
        ],
        [
            33,
            35
        ],
        [
            34,
            35
        ]
    ]
}