{
    "total_node_number": 40,
    "probability_of_edge": 0.15,
    "time": {
        "request": 13968.75,
        "reply": 24000.75,
        "forwarding": 0.0
    },
    "request_message_count": 190,
    "route": [
        {
            "name": "Shortest Path",
            "route_node_count": 4,
            "route": [
                0,
                4,
                38,
                39
            ]
        },
        {
            "name": "DSRAlgorithm Path",
            "route_node_count": 4,
            "route": [
                0,
                4,
                38,
                39
            ]
        }
    ],
    "edges": [
        [
            0,
            4
        ],
        [
            0,
            37
        ],
        [
            1,
            6
        ],
        [
            1,
            12
        ],
        [
            1,
            39
        ],
        [
            2,
            14
        ],
        [
            3,
            5
        ],
        [
            3,
            20
        ],
        [
            3,
            28
        ],
        [
            4,
            17
        ],
        [
            4,
            33
        ],
        [
            4,
            38
        ],
        [
            5,
            15
        ],
        [
            5,
            18
        ],
        [
            5,
            19
        ],
        [
            5,
            33
        ],
        [
            6,
            7
        ],
        [
            6,
            12
        ],
        [
            6,
            28
        ],
        [
            6,
            32
        ],
        [
            6,
            34
        ],
        [
            7,
            14
        ],
        [
            7,
            19
        ],
        [
            7,
            20
        ],
        [
            7,
            21
        ],
        [
            7,
            23
        ],
        [
            7,
            29
        ],
        [
            7,
            32
        ],
        [
            7,
            34
        ],
        [
            8,
            18
        ],
        [
            8,
            35
        ],
        [
            9,
            11
        ],
        [
            9,
            21
        ],
        [
            9,
            32
        ],
        [
            9,
            33
        ],
        [
            9,
            37
        ],
        [
            10,
            24
        ],
        [
            10,
            26
        ],
        [
            10,
            30
        ],
        [
            10,
            34
        ],
        [
            10,
            39
        ],
        [
            11,
            13
        ],
        [
            11,
            15
        ],
        [
            11,
            23
        ],
        [
            11,
            31
        ],
        [
            11,
            32
        ],
        [
            11,
            35
        ],
        [
            12,
            28
        ],
        [
            12,
            29
        ],
        [
            12,
            31
        ],
        [
            13,
            16
        ],
        [
            13,
            26
        ],
        [
            13,
            27
        ],
        [
            13,
            29
        ],
        [
            14,
            15
        ],
        [
            14,
            21
        ],
        [
            14,
            22
        ],
        [
            14,
            23
        ],
        [
            14,
            35
        ],
        [
            15,
            17
        ],
        [
            15,
            19
        ],
        [
            15,
            21
        ],
        [
            15,
            22
        ],
        [
            15,
            24
        ],
        [
            15,
            25
        ],
        [
            15,
            29
        ],
        [
            15,
            32
        ],
        [
            15,
            33
        ],
        [
            15,
            38
        ],
        [
            15,
            39
        ],
        [
            16,
            18
        ],
        [
            16,
            19
        ],
        [
            16,
            24
        ],
        [
            16,
            30
        ],
        [
            16,
            31
        ],
        [
            17,
            19
        ],
        [
            17,
            28
        ],
        [
            18,
            23
        ],
        [
            18,
            32
        ],
        [
            19,
            33
        ],
        [
            20,
            24
        ],
        [
            20,
            29
        ],
        [
            21,
            23
        ],
        [
            21,
            36
        ],
        [
            21,
            37
        ],
        [
            22,
            26
        ],
        [
            22,
            29
        ],
        [
            23,
            25
        ],
        [
            23,
            37
        ],
        [
            25,
            29
        ],
        [
            26,
            34
        ],
        [
            26,
            39
        ],
        [
            27,
            32
        ],
        [
            28,
            29
        ],
        [
            29,
            34
        ],
        [
            30,
            33
        ],
        [
            32,
            39
        ],
        [
            38,
            39
        ]
    ]
}