{
    "total_node_number": 40,
    "probability_of_edge": 0.15,
    "time": {
        "request": 20985.5,
        "reply": 28000.5,
        "forwarding": 1001.0
    },
    "request_message_count": 221,
    "route": [
        {
            "name": "Shortest Path",
            "route_node_count": 3,
            "route": [
                0,
                26,
                39
            ]
        },
        {
            "name": "DSRAlgorithm Path",
            "route_node_count": 3,
            "route": [
                0,
                27,
                39
            ]
        }
    ],
    "edges": [
        [
            0,
            1
        ],
        [
            0,
            11
        ],
        [
            0,
            19
        ],
        [
            0,
            21
        ],
        [
            0,
            26
        ],
        [
            0,
            27
        ],
        [
            0,
            34
        ],
        [
            1,
            9
        ],
        [
            1,
            13
        ],
        [
            1,
            18
        ],
        [
            1,
            19
        ],
        [
            1,
            23
        ],
        [
            1,
            35
        ],
        [
            1,
            38
        ],
        [
            2,
            9
        ],
        [
            2,
            17
        ],
        [
            2,
            24
        ],
        [
            2,
            27
        ],
        [
            2,
            30
        ],
        [
            3,
            5
        ],
        [
            3,
            10
        ],
        [
            3,
            21
        ],
        [
            3,
            27
        ],
        [
            3,
            37
        ],
        [
            4,
            5
        ],
        [
            4,
            7
        ],
        [
            4,
            9
        ],
        [
            4,
            10
        ],
        [
            4,
            13
        ],
        [
            5,
            9
        ],
        [
            5,
            17
        ],
        [
            5,
            20
        ],
        [
            5,
            26
        ],
        [
            5,
            28
        ],
        [
            5,
            30
        ],
        [
            6,
            18
        ],
        [
            6,
            24
        ],
        [
            6,
            25
        ],
        [
            6,
            29
        ],
        [
            6,
            31
        ],
        [
            6,
            34
        ],
        [
            6,
            37
        ],
        [
            7,
            14
        ],
        [
            7,
            15
        ],
        [
            7,
            17
        ],
        [
            7,
            21
        ],
        [
            7,
            22
        ],
        [
            7,
            23
        ],
        [
            7,
            35
        ],
        [
            7,
            38
        ],
        [
            8,
            14
        ],
        [
            8,
            18
        ],
        [
            8,
            26
        ],
        [
            9,
            18
        ],
        [
            9,
            21
        ],
        [
            9,
            27
        ],
        [
            9,
            36
        ],
        [
            10,
            14
        ],
        [
            10,
            36
        ],
        [
            11,
            22
        ],
        [
            11,
            27
        ],
        [
            11,
            30
        ],
        [
            12,
            28
        ],
        [
            12,
            31
        ],
        [
            12,
            32
        ],
        [
            12,
            37
        ],
        [
            13,
            15
        ],
        [
            14,
            29
        ],
        [
            14,
            39
        ],
        [
            15,
            17
        ],
        [
            15,
            19
        ],
        [
            15,
            22
        ],
        [
            15,
            24
        ],
        [
            15,
            26
        ],
        [
            15,
            29
        ],
        [
            15,
            30
        ],
        [
            15,
            37
        ],
        [
            16,
            23
        ],
        [
            16,
            30
        ],
        [
            17,
            29
        ],
        [
            17,
            33
        ],
        [
            17,
            35
        ],
        [
            18,
            21
        ],
        [
            18,
            22
        ],
        [
            18,
            31
        ],
        [
            19,
            34
        ],
        [
            20,
            24
        ],
        [
            20,
            28
        ],
        [
            20,
            35
        ],
        [
            20,
            37
        ],
        [
            21,
            29
        ],
        [
            22,
            28
        ],
        [
            22,
            29
        ],
        [
            23,
            29
        ],
        [
            23,
            30
        ],
        [
            23,
            38
        ],
        [
            24,
            35
        ],
        [
            25,
            37
        ],
        [
            26,
            30
        ],
        [
            26,
            31
        ],
        [
            26,
            34
        ],
        [
            26,
            35
        ],
        [
            26,
            36
        ],
        [
            26,
            39
        ],
        [
            27,
            30
        ],
        [
            27,
            34
        ],
        [
            27,
            39
        ],
        [
            28,
            31
        ],
        [
            28,
            36
        ],
        [
            30,
            38
        ],
        [
            31,
            32
        ],
        [
            33,
            38
        ]
    ]
}