{
    "total_node_number": 30,
    "probability_of_edge": 0.2,
    "time": {
        "request": 999.5,
        "reply": 4000.75,
        "forwarding": 12000.75
    },
    "request_message_count": 162,
    "route": [
        {
            "name": "Shortest Path",
            "route_node_count": 2,
            "route": [
                0,
                29
            ]
        },
        {
            "name": "DSRAlgorithm Path",
            "route_node_count": 2,
            "route": [
                0,
                29
            ]
        }
    ],
    "edges": [
        [
            0,
            6
        ],
        [
            0,
            8
        ],
        [
            0,
            15
        ],
        [
            0,
            29
        ],
        [
            1,
            2
        ],
        [
            1,
            3
        ],
        [
            1,
            5
        ],
        [
            1,
            8
        ],
        [
            1,
            9
        ],
        [
            1,
            16
        ],
        [
            2,
            3
        ],
        [
            2,
            4
        ],
        [
            2,
            6
        ],
        [
            2,
            10
        ],
        [
            2,
            13
        ],
        [
            2,
            28
        ],
        [
            3,
            9
        ],
        [
            3,
            12
        ],
        [
            3,
            18
        ],
        [
            3,
            29
        ],
        [
            4,
            10
        ],
        [
            4,
            14
        ],
        [
            4,
            23
        ],
        [
            4,
            29
        ],
        [
            5,
            12
        ],
        [
            5,
            19
        ],
        [
            6,
            13
        ],
        [
            6,
            14
        ],
        [
            6,
            15
        ],
        [
            6,
            26
        ],
        [
            6,
            27
        ],
        [
            7,
            9
        ],
        [
            7,
            12
        ],
        [
            7,
            14
        ],
        [
            7,
            21
        ],
        [
            7,
            22
        ],
        [
            7,
            27
        ],
        [
            8,
            9
        ],
        [
            8,
            10
        ],
        [
            8,
            11
        ],
        [
            8,
            13
        ],
        [
            8,
            19
        ],
        [
            8,
            22
        ],
        [
            8,
            26
        ],
        [
            9,
            21
        ],
        [
            9,
            25
        ],
        [
            9,
            27
        ],
        [
            10,
            12
        ],
        [
            10,
            13
        ],
        [
            11,
            12
        ],
        [
            11,
            14
        ],
        [
            11,
            22
        ],
        [
            11,
            27
        ],
        [
            11,
            28
        ],
        [
            12,
            16
        ],
        [
            13,
            14
        ],
        [
            13,
            19
        ],
        [
            13,
            21
        ],
        [
            13,
            23
        ],
        [
            13,
            24
        ],
        [
            14,
            17
        ],
        [
            14,
            22
        ],
        [
            14,
            24
        ],
        [
            15,
            17
        ],
        [
            15,
            18
        ],
        [
            16,
            20
        ],
        [
            16,
            23
        ],
        [
            16,
            29
        ],
        [
            17,
            20
        ],
        [
            17,
            23
        ],
        [
            18,
            19
        ],
        [
            18,
            21
        ],
        [
            18,
            22
        ],
        [
            19,
            25
        ],
        [
            19,
            27
        ],
        [
            20,
            27
        ],
        [
            20,
            29
        ],
        [
            21,
            24
        ],
        [
            22,
            29
        ],
        [
            24,
            25
        ],
        [
            24,
            29
        ],
        [
            25,
            28
        ],
        [
            26,
            28
        ],
        [
            26,
            29
        ],
        [
            27,
            29
        ],
        [
            28,
            29
        ]
    ]
}