{
    "total_node_number": 40,
    "probability_of_edge": 0.1,
    "time": {
        "request": 31961.75,
        "reply": 2000.25,
        "forwarding": 1000.25
    },
    "request_message_count": 177,
    "route": [
        {
            "name": "Shortest Path",
            "route_node_count": 5,
            "route": [
                0,
                3,
                20,
                27,
                39
            ]
        },
        {
            "name": "DSRAlgorithm Path",
            "route_node_count": 5,
            "route": [
                0,
                15,
                9,
                23,
                39
            ]
        }
    ],
    "edges": [
        [
            0,
            3
        ],
        [
            0,
            14
        ],
        [
            0,
            15
        ],
        [
            0,
            33
        ],
        [
            1,
            4
        ],
        [
            1,
            6
        ],
        [
            1,
            23
        ],
        [
            2,
            28
        ],
        [
            2,
            31
        ],
        [
            2,
            34
        ],
        [
            2,
            36
        ],
        [
            3,
            20
        ],
        [
            3,
            22
        ],
        [
            3,
            38
        ],
        [
            4,
            8
        ],
        [
            4,
            10
        ],
        [
            4,
            14
        ],
        [
            5,
            9
        ],
        [
            5,
            12
        ],
        [
            5,
            19
        ],
        [
            5,
            25
        ],
        [
            5,
            37
        ],
        [
            6,
            12
        ],
        [
            6,
            25
        ],
        [
            6,
            27
        ],
        [
            7,
            14
        ],
        [
            7,
            19
        ],
        [
            7,
            30
        ],
        [
            7,
            37
        ],
        [
            7,
            38
        ],
        [
            8,
            10
        ],
        [
            8,
            22
        ],
        [
            8,
            28
        ],
        [
            9,
            12
        ],
        [
            9,
            13
        ],
        [
            9,
            15
        ],
        [
            9,
            23
        ],
        [
            9,
            33
        ],
        [
            9,
            38
        ],
        [
            10,
            11
        ],
        [
            10,
            12
        ],
        [
            10,
            13
        ],
        [
            10,
            14
        ],
        [
            11,
            36
        ],
        [
            12,
            13
        ],
        [
            12,
            27
        ],
        [
            12,
            28
        ],
        [
            13,
            18
        ],
        [
            13,
            28
        ],
        [
            14,
            17
        ],
        [
            15,
            16
        ],
        [
            15,
            18
        ],
        [
            15,
            19
        ],
        [
            16,
            18
        ],
        [
            16,
            28
        ],
        [
            16,
            32
        ],
        [
            17,
            18
        ],
        [
            17,
            20
        ],
        [
            17,
            30
        ],
        [
            18,
            19
        ],
        [
            18,
            31
        ],
        [
            18,
            34
        ],
        [
            18,
            38
        ],
        [
            19,
            20
        ],
        [
            20,
            21
        ],
        [
            20,
            22
        ],
        [
            20,
            27
        ],
        [
            20,
            34
        ],
        [
            21,
            27
        ],
        [
            21,
            32
        ],
        [
            21,
            37
        ],
        [
            22,
            23
        ],
        [
            22,
            32
        ],
        [
            22,
            35
        ],
        [
            22,
            38
        ],
        [
            23,
            35
        ],
        [
            23,
            37
        ],
        [
            23,
            39
        ],
        [
            24,
            35
        ],
        [
            24,
            38
        ],
        [
            25,
            39
        ],
        [
            26,
            29
        ],
        [
            27,
            39
        ],
        [
            28,
            31
        ],
        [
            29,
            36
        ],
        [
            30,
            36
        ],
        [
            31,
            37
        ],
        [
            32,
            38
        ],
        [
            33,
            36
        ],
        [
            34,
            37
        ]
    ]
}