{
    "total_node_number": 30,
    "probability_of_edge": 0.2,
    "time": {
        "request": 11001.75,
        "reply": 17000.5,
        "forwarding": 0.0
    },
    "request_message_count": 159,
    "route": [
        {
            "name": "Shortest Path",
            "route_node_count": 3,
            "route": [
                0,
                7,
                29
            ]
        },
        {
            "name": "DSRAlgorithm Path",
            "route_node_count": 3,
            "route": [
                0,
                7,
                29
            ]
        }
    ],
    "edges": [
        [
            0,
            3
        ],
        [
            0,
            7
        ],
        [
            0,
            14
        ],
        [
            0,
            18
        ],
        [
            0,
            20
        ],
        [
            0,
            21
        ],
        [
            0,
            22
        ],
        [
            0,
            26
        ],
        [
            1,
            2
        ],
        [
            1,
            16
        ],
        [
            1,
            23
        ],
        [
            1,
            28
        ],
        [
            2,
            9
        ],
        [
            2,
            13
        ],
        [
            2,
            18
        ],
        [
            2,
            22
        ],
        [
            2,
            24
        ],
        [
            2,
            27
        ],
        [
            2,
            28
        ],
        [
            3,
            14
        ],
        [
            3,
            15
        ],
        [
            3,
            20
        ],
        [
            3,
            25
        ],
        [
            3,
            28
        ],
        [
            4,
            6
        ],
        [
            4,
            21
        ],
        [
            4,
            24
        ],
        [
            4,
            26
        ],
        [
            5,
            10
        ],
        [
            5,
            12
        ],
        [
            5,
            13
        ],
        [
            5,
            14
        ],
        [
            6,
            10
        ],
        [
            6,
            11
        ],
        [
            6,
            18
        ],
        [
            6,
            20
        ],
        [
            6,
            28
        ],
        [
            7,
            18
        ],
        [
            7,
            21
        ],
        [
            7,
            25
        ],
        [
            7,
            26
        ],
        [
            7,
            27
        ],
        [
            7,
            29
        ],
        [
            8,
            27
        ],
        [
            8,
            28
        ],
        [
            9,
            17
        ],
        [
            9,
            20
        ],
        [
            9,
            22
        ],
        [
            9,
            27
        ],
        [
            10,
            13
        ],
        [
            10,
            20
        ],
        [
            10,
            28
        ],
        [
            11,
            12
        ],
        [
            12,
            13
        ],
        [
            12,
            15
        ],
        [
            12,
            27
        ],
        [
            13,
            16
        ],
        [
            13,
            24
        ],
        [
            13,
            25
        ],
        [
            14,
            25
        ],
        [
            14,
            26
        ],
        [
            14,
            28
        ],
        [
            15,
            19
        ],
        [
            15,
            28
        ],
        [
            16,
            28
        ],
        [
            17,
            18
        ],
        [
            17,
            20
        ],
        [
            17,
            25
        ],
        [
            17,
            27
        ],
        [
            18,
            19
        ],
        [
            18,
            21
        ],
        [
            18,
            23
        ],
        [
            18,
            25
        ],
        [
            18,
            28
        ],
        [
            19,
            22
        ],
        [
            19,
            29
        ],
        [
            20,
            29
        ],
        [
            21,
            25
        ],
        [
            22,
            23
        ],
        [
            23,
            24
        ],
        [
            24,
            28
        ]
    ]
}